user_id,timestamp,requests_per_minute,packets_sent,packets_received,bytes_sent,bytes_received,connection_count,connection_duration,unique_ports,unique_ips,protocol,destination_count,login_attempts,failed_logins,session_duration,files_accessed,resources_accessed,unusual_login_time,new_device,new_ip,privilege_changes,process_count,new_processes,cpu_usage,memory_usage,file_modifications,executable_count,system_connections,unusual_process_activity,api_requests,request_frequency,endpoint_count,error_rate,response_size,http_methods,unusual_endpoints,authentication_failures,label,attack_type
user-116,2026-09-28 04:11:33.169011,80,268,141,35816,19811,17,152,10,5,SSH,4,37,32,32,4,12,0,0,0,1,37,13,16.69,35.34,5,6,10,1,62,4,7,0.23,1036,GET,1,30,1,BRUTE_FORCE
user-200,2026-09-28 04:12:33.169011,52,110,239,10740,32801,10,176,9,2,HTTPS,2,39,32,318,2,2,0,0,0,2,33,2,15.64,47.82,4,12,18,2,57,4,7,0.3283,4464,GET,1,36,1,BRUTE_FORCE
user-083,2026-09-28 04:13:33.169011,51,208,211,40624,35303,26,166,6,4,DNS,6,33,56,136,7,6,1,0,0,0,49,7,33.14,71.99,6,8,16,0,34,12,11,0.2139,1913,POST,1,28,1,BRUTE_FORCE
user-151,2026-09-28 04:14:33.169011,74,361,285,23925,48092,21,152,7,4,SSH,5,49,56,269,6,11,0,0,0,0,46,4,15.5,68.17,1,6,12,1,18,5,12,0.2447,4698,PATCH,0,42,1,BRUTE_FORCE
user-057,2026-09-28 04:15:33.169011,36,109,255,25725,31060,23,259,7,4,HTTPS,8,79,31,144,9,5,0,1,1,0,49,3,62.93,44.59,1,7,6,1,82,11,6,0.2919,2390,POST,0,26,1,BRUTE_FORCE
user-017,2026-09-28 04:16:33.169011,34,176,169,29483,47297,21,258,10,3,HTTPS,3,23,52,328,5,9,1,0,0,0,49,8,37.29,52.45,0,13,20,1,26,11,6,0.1246,2615,GET,0,43,1,BRUTE_FORCE
user-179,2026-09-28 04:17:33.169011,30,352,197,36693,13053,13,276,3,3,HTTP,4,38,14,350,1,5,0,0,0,0,37,13,16.67,39.31,0,9,13,1,60,9,5,0.3101,2341,POST,0,32,1,BRUTE_FORCE
user-070,2026-09-28 04:18:33.169011,72,214,128,42494,35576,11,85,5,3,HTTP,8,34,46,467,4,9,1,0,1,0,47,11,43.18,65.88,2,9,10,0,75,14,4,0.0899,759,POST,0,30,1,BRUTE_FORCE
user-071,2026-09-28 04:19:33.169011,83,373,103,17345,49360,26,275,8,3,DNS,5,62,46,294,1,12,1,1,0,0,42,8,20.08,70.96,4,7,14,2,51,11,9,0.3031,2682,GET,1,32,1,BRUTE_FORCE
user-158,2026-09-28 04:20:33.169011,54,210,137,9179,29559,21,279,7,3,HTTPS,2,25,24,233,3,11,1,0,0,0,49,11,54.21,38.05,4,17,6,1,90,6,4,0.3265,3638,GET,1,48,1,BRUTE_FORCE
user-151,2026-09-28 04:21:33.169011,63,264,160,30439,9705,24,247,3,2,DNS,3,22,28,231,8,10,0,1,0,0,55,13,64.2,42.65,2,16,9,2,17,15,10,0.1904,4222,POST,2,44,1,BRUTE_FORCE
user-062,2026-09-28 04:22:33.169011,54,393,208,23373,24484,21,267,9,1,HTTPS,4,22,29,88,2,9,1,0,0,0,47,2,17.64,73.32,3,11,13,1,97,6,2,0.224,3685,GET,1,20,1,BRUTE_FORCE
user-037,2026-09-28 04:23:33.169011,88,272,219,11224,31468,10,49,9,4,HTTP,5,36,24,368,1,8,1,0,0,0,44,2,18.19,64.11,4,9,15,2,32,9,3,0.1597,1726,POST,1,43,1,BRUTE_FORCE
user-025,2026-09-28 04:24:33.169011,31,106,191,17402,44334,19,110,6,2,HTTPS,7,22,42,40,5,7,1,0,0,1,48,2,48.27,36.95,3,13,11,2,99,12,4,0.1199,1582,GET,1,37,1,BRUTE_FORCE
user-135,2026-09-28 04:25:33.169011,75,216,86,41284,38827,12,80,5,2,TCP,5,65,30,163,2,7,1,1,1,0,58,0,26.23,73.53,5,12,17,2,34,12,8,0.1021,845,POST,2,22,1,BRUTE_FORCE
user-094,2026-09-28 04:26:33.169011,85,255,337,8534,37213,16,160,6,4,TCP,3,50,46,110,2,10,1,1,1,1,47,11,58.53,33.98,1,17,16,2,60,6,6,0.3388,4297,POST,1,30,1,BRUTE_FORCE
user-018,2026-09-28 04:27:33.169011,62,267,195,11788,36174,27,77,7,3,SSH,5,58,23,186,6,9,1,0,1,0,38,12,17.05,46.05,5,8,18,1,77,13,10,0.3409,3712,GET,2,18,1,BRUTE_FORCE
user-094,2026-09-28 04:28:33.169011,34,239,257,33797,11558,20,142,2,3,TCP,7,70,59,175,1,9,0,1,0,0,42,4,46.15,45.21,1,15,6,2,37,12,8,0.0961,2276,PUT,1,43,1,BRUTE_FORCE
user-105,2026-09-28 04:29:33.169011,74,114,187,39362,30471,25,35,3,1,HTTPS,6,72,43,152,5,4,0,0,0,0,39,11,51.68,40.54,3,7,11,1,22,5,8,0.2561,3288,PATCH,0,39,1,BRUTE_FORCE
user-191,2026-09-28 04:30:33.169011,73,312,153,33524,21727,19,48,7,2,HTTPS,5,77,28,475,10,6,0,0,0,1,42,4,16.57,45.98,0,11,11,2,75,13,12,0.2999,4948,GET,0,42,1,BRUTE_FORCE
user-123,2026-09-28 04:31:33.169011,82,182,215,35504,36407,16,119,6,3,HTTPS,4,44,31,202,4,10,1,0,1,2,50,8,23.19,70.95,5,11,13,0,27,7,9,0.2878,2731,POST,1,33,1,BRUTE_FORCE
user-090,2026-09-28 04:32:33.169011,72,197,144,44193,23223,23,102,7,1,HTTPS,2,70,58,281,3,7,1,1,0,0,46,12,48.11,44.8,2,5,16,2,93,8,11,0.3163,4666,POST,2,30,1,BRUTE_FORCE
user-106,2026-09-28 04:33:33.169011,88,97,159,44417,10308,12,229,4,2,HTTP,6,40,20,294,9,11,0,1,0,0,37,3,32.72,36.22,0,18,20,0,57,12,5,0.1888,3905,GET,2,35,1,BRUTE_FORCE
user-009,2026-09-28 04:34:33.169011,59,191,207,16724,28365,13,101,8,1,SSH,4,41,19,109,5,7,1,0,0,1,40,0,38.84,47.3,5,17,12,1,68,4,2,0.3195,3720,GET,0,34,1,BRUTE_FORCE
user-154,2026-09-28 04:35:33.169011,70,269,120,42414,41844,12,95,9,2,HTTPS,7,74,40,482,2,8,1,0,0,0,50,10,38.37,32.13,2,15,7,0,22,9,8,0.0967,3897,GET,2,15,1,BRUTE_FORCE
user-109,2026-09-28 04:36:33.169011,26,209,259,27352,36090,9,261,8,4,TCP,7,43,35,33,3,8,0,0,0,1,43,9,60.05,31.13,4,16,19,1,51,10,7,0.3364,1671,GET,0,37,1,BRUTE_FORCE
user-012,2026-09-28 04:37:33.169011,26,201,225,21781,10402,23,142,7,1,TCP,6,62,54,444,3,5,0,0,1,0,34,5,55.64,50.91,4,15,11,1,44,8,12,0.2752,4290,DELETE,0,49,1,BRUTE_FORCE
user-093,2026-09-28 04:38:33.169011,58,247,109,35050,31534,15,264,8,5,HTTPS,3,75,33,153,2,2,0,0,0,1,38,6,53.47,40.23,4,4,10,0,92,13,7,0.2261,4988,GET,0,27,1,BRUTE_FORCE
user-187,2026-09-28 04:39:33.169011,71,285,241,24401,18251,24,175,2,4,TCP,3,43,20,407,3,5,1,0,1,1,38,0,49.77,54.98,5,5,9,2,38,7,3,0.1238,996,PUT,2,35,1,BRUTE_FORCE
user-194,2026-09-28 04:40:33.169011,85,226,141,36244,31476,29,158,3,1,TCP,3,58,46,451,7,7,0,1,0,0,30,11,16.5,65.38,4,17,19,0,58,5,10,0.3429,1984,GET,1,40,1,BRUTE_FORCE
user-200,2026-09-28 04:41:33.169011,61,190,195,40785,11391,12,232,8,4,HTTPS,6,30,58,365,1,12,1,0,1,0,30,3,49.0,64.79,3,15,11,0,52,13,5,0.0895,3590,GET,2,49,1,BRUTE_FORCE
user-113,2026-09-28 04:42:33.169011,33,307,338,19757,18357,18,279,9,3,TCP,4,54,36,374,5,9,1,1,0,0,50,13,52.27,64.08,1,13,13,0,76,14,4,0.2175,4770,GET,0,36,1,BRUTE_FORCE
user-072,2026-09-28 04:43:33.169011,85,251,109,13477,43839,16,51,8,1,TCP,3,54,39,381,7,6,1,0,0,1,58,8,47.57,71.79,3,17,16,1,71,14,2,0.2072,3541,GET,0,12,1,BRUTE_FORCE
user-074,2026-09-28 04:44:33.169011,38,339,309,25442,32021,10,100,10,2,DNS,3,30,15,366,2,7,0,0,0,0,31,10,44.76,43.94,1,18,7,0,66,8,9,0.342,941,PUT,1,38,1,BRUTE_FORCE
user-047,2026-09-28 04:45:33.169011,36,311,262,38419,16013,21,241,7,4,SSH,2,30,53,424,6,5,0,0,1,1,27,11,47.75,64.46,5,12,7,2,48,15,6,0.1415,520,GET,2,22,1,BRUTE_FORCE
user-133,2026-09-28 04:46:33.169011,46,295,227,13750,26539,16,42,6,1,TCP,3,43,23,417,3,12,0,0,0,1,55,12,58.75,72.2,2,6,10,1,88,4,11,0.1292,3835,GET,2,46,1,BRUTE_FORCE
user-003,2026-09-28 04:47:33.169011,86,334,161,20836,41870,24,40,9,3,TCP,3,35,25,338,10,6,1,1,0,0,37,14,25.45,64.64,4,13,10,1,65,10,6,0.0979,2982,GET,1,49,1,BRUTE_FORCE
user-010,2026-09-28 04:48:33.169011,84,146,244,32412,23314,10,144,3,1,DNS,3,29,23,426,3,4,0,0,1,0,45,8,55.97,45.56,4,16,11,1,33,5,4,0.2577,1630,GET,1,18,1,BRUTE_FORCE
user-085,2026-09-28 04:49:33.169011,71,382,301,19616,24432,25,168,10,3,DNS,4,64,52,79,3,4,1,0,0,0,55,1,26.45,69.45,1,16,18,2,47,4,7,0.3187,2167,POST,0,17,1,BRUTE_FORCE
user-198,2026-09-28 04:50:33.169011,49,185,104,20980,19515,21,63,6,3,TCP,5,22,45,331,2,5,0,0,0,0,29,9,57.14,48.7,2,11,19,0,80,7,3,0.1045,1696,POST,2,46,1,BRUTE_FORCE
user-050,2026-09-28 04:51:33.169011,52,275,300,11327,12312,15,253,8,5,HTTPS,3,75,47,277,10,9,0,0,1,2,46,10,58.35,69.52,5,10,20,1,71,5,3,0.2212,1262,GET,2,16,1,BRUTE_FORCE
user-130,2026-09-28 04:52:33.169011,70,278,207,18490,21454,25,192,4,2,HTTPS,3,38,26,276,8,12,0,0,1,1,35,5,47.03,58.19,4,7,16,0,60,13,5,0.1892,2393,GET,2,16,1,BRUTE_FORCE
user-100,2026-09-28 04:53:33.169011,86,183,210,24765,29674,13,67,5,2,HTTPS,4,48,27,40,2,6,1,0,1,0,48,6,35.72,61.89,0,15,9,2,19,3,7,0.0977,4617,GET,2,12,1,BRUTE_FORCE
user-198,2026-09-28 04:54:33.169011,87,390,231,11268,25403,8,146,9,4,HTTP,2,58,16,435,10,4,0,0,1,1,37,14,59.45,69.3,5,11,18,1,77,14,6,0.262,4197,PUT,1,42,1,BRUTE_FORCE
user-156,2026-09-28 04:55:33.169011,48,318,280,17326,32652,15,190,7,3,DNS,3,33,28,162,5,8,0,0,1,1,45,13,17.35,33.45,4,7,18,1,35,9,6,0.1662,4692,POST,0,23,1,BRUTE_FORCE
user-125,2026-09-28 04:56:33.169011,55,233,267,43349,29680,22,296,8,5,HTTPS,3,48,13,404,6,2,0,0,0,1,50,13,36.24,54.53,2,6,17,2,86,15,8,0.2571,4082,DELETE,1,11,1,BRUTE_FORCE
user-060,2026-09-28 04:57:33.169011,67,109,164,14423,27718,24,40,7,1,TCP,8,39,39,108,3,7,0,1,0,0,50,11,20.93,47.44,6,12,15,1,20,6,5,0.1005,3163,POST,1,28,1,BRUTE_FORCE
user-082,2026-09-28 04:58:33.169011,78,342,157,22069,26643,23,271,6,3,HTTP,6,40,19,464,8,5,0,0,0,1,32,6,63.99,51.99,3,8,7,2,58,11,2,0.2541,3762,GET,0,28,1,BRUTE_FORCE
user-074,2026-09-28 04:59:33.169011,70,333,138,42151,34923,27,61,3,3,HTTPS,2,66,22,431,4,10,1,0,1,0,47,10,46.02,31.71,3,10,7,1,45,7,4,0.2675,772,GET,0,47,1,BRUTE_FORCE
user-172,2026-09-28 05:00:33.169011,79,307,150,31292,32439,29,37,5,5,HTTPS,5,79,46,175,10,8,1,0,1,1,42,11,64.98,62.54,6,4,17,2,48,9,2,0.1408,1613,POST,2,42,1,BRUTE_FORCE
user-086,2026-09-28 05:01:33.169011,86,283,321,28934,40377,10,297,4,4,HTTPS,3,62,13,253,2,6,1,1,1,1,60,8,21.51,73.03,4,15,14,0,86,7,9,0.1955,2361,PATCH,1,11,1,BRUTE_FORCE
user-140,2026-09-28 05:02:33.169011,71,347,270,34220,48416,26,128,6,1,DNS,2,52,47,321,6,10,1,1,1,2,41,3,28.21,43.66,3,5,18,1,84,14,8,0.2882,1175,GET,1,13,1,BRUTE_FORCE
user-174,2026-09-28 05:03:33.169011,63,398,335,20130,46766,25,133,9,2,HTTPS,6,26,44,56,6,11,1,0,0,0,39,13,47.88,50.05,1,10,10,1,27,14,8,0.1513,1914,POST,1,24,1,BRUTE_FORCE
user-169,2026-09-28 05:04:33.169011,50,162,314,34185,35061,12,36,7,4,DNS,6,40,31,139,1,10,1,0,0,0,49,13,36.98,41.2,1,18,15,2,84,8,10,0.2681,3869,POST,2,46,1,BRUTE_FORCE
user-021,2026-09-28 05:05:33.169011,46,355,116,31709,47351,23,73,8,5,HTTPS,3,44,16,161,3,11,1,1,1,0,32,11,33.42,74.02,4,11,15,0,70,10,9,0.1453,1854,GET,0,33,1,BRUTE_FORCE
user-120,2026-09-28 05:06:33.169011,76,207,208,16897,24853,26,258,4,5,HTTPS,7,24,27,460,3,6,0,0,0,2,34,4,52.5,65.9,1,5,15,0,65,6,7,0.2234,2716,GET,1,25,1,BRUTE_FORCE
user-090,2026-09-28 05:07:33.169011,90,99,300,15320,30451,8,70,4,2,HTTPS,6,36,21,83,6,6,0,1,0,0,54,8,51.82,69.38,5,7,5,1,75,5,6,0.1588,982,PUT,0,47,1,BRUTE_FORCE
user-186,2026-09-28 05:08:33.169011,87,356,85,20684,20296,28,167,7,2,TCP,8,78,41,169,3,5,0,1,0,0,43,7,42.12,57.97,5,11,15,1,89,9,11,0.2597,2390,PUT,1,11,1,BRUTE_FORCE
user-031,2026-09-28 05:09:33.169011,25,331,167,11703,31300,11,223,4,4,HTTPS,8,50,13,108,4,7,0,0,0,0,41,13,33.65,55.85,2,16,6,0,72,4,8,0.314,2448,GET,1,37,1,BRUTE_FORCE
user-051,2026-09-28 05:10:33.169011,44,88,117,26384,36820,13,286,6,2,TCP,7,53,39,98,9,11,0,0,0,0,39,10,54.09,72.72,2,5,11,0,71,11,2,0.2589,3855,GET,1,50,1,BRUTE_FORCE
user-044,2026-09-28 05:11:33.169011,76,332,283,21845,21123,16,48,7,2,HTTPS,6,62,12,415,9,5,0,0,0,0,42,14,24.11,53.04,5,9,20,0,87,4,3,0.0938,2281,POST,1,32,1,BRUTE_FORCE
user-044,2026-09-28 05:12:33.169011,53,377,345,40562,22736,9,64,8,3,HTTPS,7,42,34,99,10,11,0,0,1,0,38,1,37.33,48.86,5,13,11,0,16,15,7,0.2076,4853,POST,2,44,1,BRUTE_FORCE
user-107,2026-09-28 05:13:33.169011,49,188,86,28996,40705,18,139,9,2,HTTPS,6,41,23,302,10,8,0,0,1,0,40,0,17.73,37.33,5,16,12,1,67,8,4,0.2831,4182,POST,2,11,1,BRUTE_FORCE
user-022,2026-09-28 05:14:33.169011,71,391,315,27681,11717,19,129,3,2,TCP,3,27,33,468,2,5,0,0,0,1,28,10,22.84,45.89,6,5,18,0,26,14,6,0.2233,938,GET,1,28,1,BRUTE_FORCE
user-081,2026-09-28 05:15:33.169011,88,385,315,26460,27292,13,259,6,2,TCP,7,25,52,139,7,6,1,0,0,0,34,2,32.33,63.28,4,5,19,0,33,11,6,0.1285,2986,GET,1,43,1,BRUTE_FORCE
user-057,2026-09-28 05:16:33.169011,38,87,330,38586,34697,27,129,8,3,TCP,5,48,38,119,2,4,0,0,0,0,40,2,24.54,57.62,2,17,15,1,94,5,3,0.2503,4351,GET,2,37,1,BRUTE_FORCE
user-112,2026-09-28 05:17:33.169011,26,300,176,18848,42235,14,39,4,2,HTTPS,5,32,38,224,3,10,0,0,0,3,51,4,17.16,47.71,4,10,8,2,22,14,5,0.1752,547,POST,0,47,1,BRUTE_FORCE
user-084,2026-09-28 05:18:33.169011,71,184,177,21022,34432,20,224,9,4,HTTPS,4,44,38,464,5,3,0,1,0,0,39,0,39.25,38.55,5,17,6,1,64,5,2,0.1799,3356,GET,0,27,1,BRUTE_FORCE
user-194,2026-09-28 05:19:33.169011,74,305,181,25669,40898,18,116,7,2,HTTPS,3,53,33,38,3,7,0,0,1,0,35,8,16.94,40.22,1,17,17,2,54,10,2,0.2138,4502,POST,0,11,1,BRUTE_FORCE
user-188,2026-09-28 05:20:33.169011,86,237,143,35765,21962,12,33,5,2,HTTPS,2,77,27,471,2,6,1,0,0,0,42,11,55.45,71.17,0,9,14,2,33,9,6,0.2754,3413,POST,1,34,1,BRUTE_FORCE
user-175,2026-09-28 05:21:33.169011,71,126,183,26268,39818,23,285,5,1,HTTPS,5,76,26,326,10,9,1,0,0,0,53,8,15.54,37.24,4,9,12,1,85,9,8,0.1885,1143,GET,0,16,1,BRUTE_FORCE
user-044,2026-09-28 05:22:33.169011,33,347,304,22737,43899,16,225,10,2,DNS,3,43,17,236,10,7,1,0,1,1,33,12,56.15,35.46,2,14,9,1,21,14,2,0.2093,694,GET,1,18,1,BRUTE_FORCE
user-197,2026-09-28 05:23:33.169011,80,219,109,28172,27962,18,59,4,2,TCP,5,47,26,238,1,8,0,1,0,0,51,10,17.88,61.3,5,8,7,2,60,7,4,0.1161,4085,GET,1,29,1,BRUTE_FORCE
user-172,2026-09-28 05:24:33.169011,51,307,292,14462,14086,30,219,2,4,HTTPS,6,55,38,449,5,9,1,0,0,1,34,2,48.79,38.16,5,10,10,1,91,11,5,0.2239,4003,POST,1,48,1,BRUTE_FORCE
user-049,2026-09-28 05:25:33.169011,27,315,301,12275,46424,16,290,4,2,HTTPS,6,23,29,106,9,5,0,1,0,0,34,10,39.51,59.24,6,18,15,1,21,15,4,0.174,3276,GET,1,19,1,BRUTE_FORCE
user-007,2026-09-28 05:26:33.169011,57,228,334,20837,35416,18,174,2,4,HTTPS,2,23,27,414,7,3,1,1,1,0,30,8,28.4,63.44,3,7,16,0,81,4,8,0.189,906,POST,0,44,1,BRUTE_FORCE
user-192,2026-09-28 05:27:33.169011,80,90,253,19034,31146,14,77,4,2,SSH,7,34,29,439,9,5,1,0,1,1,25,14,64.89,71.51,6,12,12,0,23,4,2,0.1091,1352,GET,2,27,1,BRUTE_FORCE
user-018,2026-09-28 05:28:33.169011,58,176,96,33100,43036,10,184,5,5,SSH,5,71,28,465,9,11,1,0,0,1,48,9,40.97,58.6,2,16,17,2,77,11,8,0.2602,4442,POST,1,31,1,BRUTE_FORCE
user-130,2026-09-28 05:29:33.169011,86,100,192,12829,42847,11,107,7,2,HTTPS,6,66,19,473,9,12,1,0,1,0,38,10,47.98,43.73,1,16,16,2,69,7,3,0.1439,937,PUT,1,18,1,BRUTE_FORCE
user-191,2026-09-28 05:30:33.169011,87,185,298,27309,42248,25,107,6,1,HTTPS,4,57,28,276,3,11,1,0,1,0,45,8,16.63,58.13,6,12,12,0,85,13,8,0.1301,4525,PUT,1,29,1,BRUTE_FORCE
user-129,2026-09-28 05:31:33.169011,29,284,87,12767,10310,13,151,8,2,TCP,8,41,21,486,5,5,0,0,0,0,48,9,58.8,56.38,2,7,10,0,40,8,6,0.1192,2298,POST,1,25,1,BRUTE_FORCE
user-096,2026-09-28 05:32:33.169011,83,232,318,40363,10980,11,36,5,2,DNS,2,49,57,252,4,10,1,0,0,1,30,14,25.39,30.28,4,9,14,2,24,10,7,0.1761,807,GET,1,13,1,BRUTE_FORCE
user-196,2026-09-28 05:33:33.169011,79,164,342,19203,41897,24,201,6,3,HTTPS,3,26,26,429,9,6,0,0,1,0,50,11,46.5,73.83,3,12,8,2,36,11,3,0.3167,2431,GET,0,23,1,BRUTE_FORCE
user-038,2026-09-28 05:34:33.169011,78,319,149,21642,46205,27,137,7,2,TCP,2,75,16,296,6,3,1,1,0,0,35,2,38.75,62.05,2,9,17,0,71,4,5,0.3048,3543,PUT,0,26,1,BRUTE_FORCE
user-003,2026-09-28 05:35:33.169011,81,96,241,12206,13757,17,125,3,1,TCP,6,73,37,141,6,10,0,1,1,0,49,2,55.3,37.23,3,11,17,2,38,6,5,0.1743,2053,PATCH,1,22,1,BRUTE_FORCE
user-104,2026-09-28 05:36:33.169011,34,124,124,38151,16432,24,162,3,3,DNS,5,59,33,465,9,9,0,0,0,0,45,4,27.0,47.7,1,11,17,0,45,15,8,0.2114,2360,GET,1,47,1,BRUTE_FORCE
user-163,2026-09-28 05:37:33.169011,71,132,277,43622,29165,17,296,8,4,HTTPS,3,32,54,186,5,3,1,0,1,0,55,13,43.4,58.82,1,4,17,1,69,14,10,0.1636,1621,POST,1,10,1,BRUTE_FORCE
user-078,2026-09-28 05:38:33.169011,72,382,142,34445,20751,12,122,2,4,HTTPS,6,54,52,191,8,9,0,0,0,1,37,12,50.55,71.82,6,5,7,1,63,7,9,0.242,1317,GET,0,41,1,BRUTE_FORCE
user-194,2026-09-28 05:39:33.169011,25,265,233,34345,30025,30,75,7,2,TCP,2,77,24,68,9,4,0,0,1,0,45,0,50.91,48.55,4,12,17,0,46,4,5,0.3269,4626,POST,1,29,1,BRUTE_FORCE
user-001,2026-09-28 05:40:33.169011,49,337,223,12046,25652,10,166,2,3,TCP,3,20,46,118,3,3,0,0,0,0,43,9,47.63,48.93,0,16,15,1,46,10,8,0.2972,2204,GET,1,11,1,BRUTE_FORCE
user-149,2026-09-28 05:41:33.169011,59,378,307,44993,29775,23,106,6,2,DNS,7,69,35,52,2,12,0,0,0,1,54,0,40.72,33.91,1,6,8,2,25,12,6,0.3046,2892,GET,1,40,1,BRUTE_FORCE
user-041,2026-09-28 05:42:33.169011,90,319,328,21273,37231,24,32,8,2,HTTP,6,66,48,367,4,11,1,1,0,0,34,0,18.7,46.56,1,15,13,0,62,6,6,0.2804,1535,POST,0,28,1,BRUTE_FORCE
user-182,2026-09-28 05:43:33.169011,34,233,137,36154,23044,27,54,4,3,HTTPS,7,75,49,328,9,7,1,0,0,0,38,1,31.8,40.61,5,4,12,1,32,13,2,0.1876,3242,DELETE,0,23,1,BRUTE_FORCE
user-010,2026-09-28 05:44:33.169011,52,399,91,20930,44169,16,262,9,4,SSH,7,55,35,234,8,9,0,0,1,1,33,2,55.53,33.58,3,18,18,0,39,9,3,0.2523,2188,GET,1,50,1,BRUTE_FORCE
user-083,2026-09-28 05:45:33.169011,77,378,240,42249,45228,9,58,6,1,HTTP,6,35,52,484,3,6,1,0,1,0,47,10,64.13,50.29,0,4,13,1,99,3,6,0.3281,3614,GET,0,38,1,BRUTE_FORCE
user-003,2026-09-28 05:46:33.169011,55,97,154,28393,22975,13,73,5,3,HTTP,4,28,52,479,4,6,1,0,0,0,55,3,32.48,42.71,0,8,13,0,36,4,5,0.0937,2130,PUT,0,17,1,BRUTE_FORCE
user-101,2026-09-28 05:47:33.169011,73,240,85,17209,33997,26,237,2,4,HTTP,6,78,48,145,4,10,0,0,0,0,44,7,15.53,45.51,5,12,19,0,94,10,11,0.1195,1698,GET,2,22,1,BRUTE_FORCE
user-159,2026-09-28 05:48:33.169011,81,86,157,18920,33072,19,106,6,3,HTTPS,6,25,60,124,8,8,0,0,1,1,26,14,18.85,45.89,2,8,7,1,69,14,12,0.1104,1887,POST,1,33,1,BRUTE_FORCE
user-166,2026-09-28 05:49:33.169011,48,126,287,27854,30071,15,229,8,2,HTTP,2,34,56,62,5,11,1,0,0,0,47,14,53.76,62.21,3,8,7,0,93,5,5,0.1904,1063,GET,0,44,1,BRUTE_FORCE
user-150,2026-09-28 05:50:33.169011,64,181,254,41813,42386,12,103,4,2,TCP,2,44,46,35,7,8,1,0,1,0,51,11,44.33,50.08,3,7,20,0,66,15,6,0.1949,4160,PUT,0,18,1,BRUTE_FORCE
user-116,2026-09-28 05:51:33.169011,68,383,212,15972,31983,24,221,8,4,TCP,7,55,45,202,3,7,1,0,1,0,47,9,60.46,37.09,2,17,12,0,34,12,7,0.1945,4541,GET,2,33,1,BRUTE_FORCE
user-047,2026-09-28 05:52:33.169011,62,224,146,15783,38672,17,32,3,5,DNS,7,35,14,302,5,6,1,1,0,0,56,2,45.23,32.69,6,15,17,1,34,13,6,0.1235,2701,GET,0,28,1,BRUTE_FORCE
user-111,2026-09-28 05:53:33.169011,31,131,82,19429,28434,16,229,3,3,HTTP,7,46,36,479,5,7,0,0,1,0,41,3,18.06,45.62,1,4,20,2,34,9,10,0.2534,1846,PATCH,2,24,1,BRUTE_FORCE
user-143,2026-09-28 05:54:33.169011,76,305,232,17155,32629,29,247,10,2,HTTPS,8,20,16,130,8,12,0,0,0,0,45,11,41.37,47.75,2,7,16,1,99,7,6,0.2575,799,GET,1,48,1,BRUTE_FORCE
user-160,2026-09-28 05:55:33.169011,68,311,333,41472,36478,21,265,10,3,TCP,5,70,20,311,3,9,1,0,0,1,32,7,60.19,57.34,2,13,6,1,65,10,8,0.1015,2095,GET,0,19,1,BRUTE_FORCE
user-199,2026-09-28 05:56:33.169011,64,252,294,20700,26295,28,165,7,3,HTTPS,6,27,33,245,4,4,0,0,0,0,37,14,64.98,58.87,4,13,13,2,74,5,4,0.3427,2999,GET,2,31,1,BRUTE_FORCE
user-049,2026-09-28 05:57:33.169011,28,370,84,15284,30400,28,294,3,4,TCP,6,77,34,247,6,12,0,0,1,0,33,4,35.65,71.41,4,15,6,1,97,5,3,0.3206,4770,GET,1,39,1,BRUTE_FORCE
user-094,2026-09-28 05:58:33.169011,30,157,279,10203,21145,23,254,10,3,SSH,3,77,57,444,5,10,0,0,1,0,62,12,33.37,71.72,2,13,16,0,99,14,5,0.1214,4020,DELETE,1,33,1,BRUTE_FORCE
user-099,2026-09-28 05:59:33.169011,71,345,113,18981,26466,12,215,5,4,HTTPS,8,47,14,488,4,12,0,0,0,0,39,10,29.45,73.87,0,7,12,1,54,13,9,0.0957,699,GET,1,38,1,BRUTE_FORCE
user-140,2026-09-28 06:00:33.169011,36,204,221,26378,28474,26,253,2,1,DNS,5,66,17,328,7,9,0,1,0,2,50,5,36.45,74.44,1,18,7,0,65,8,10,0.2254,4613,GET,1,44,1,BRUTE_FORCE
user-107,2026-09-28 06:01:33.169011,70,83,216,8514,11329,15,77,6,5,TCP,3,52,35,63,7,8,0,1,1,0,52,3,45.32,43.91,4,11,6,1,62,9,4,0.0862,965,GET,1,47,1,BRUTE_FORCE
user-133,2026-09-28 06:02:33.169011,75,128,133,16861,28609,17,61,7,2,DNS,3,39,25,477,3,5,1,0,1,1,29,10,42.08,62.72,4,11,17,0,86,11,7,0.122,2830,GET,0,42,1,BRUTE_FORCE
user-044,2026-09-28 06:03:33.169011,85,287,301,25796,30539,29,38,5,3,HTTP,3,34,42,461,6,6,1,0,0,0,54,10,64.44,65.4,0,11,15,0,17,12,3,0.197,3740,POST,2,35,1,BRUTE_FORCE
user-183,2026-09-28 06:04:33.169011,55,88,326,31830,17081,11,197,3,5,HTTPS,2,75,59,401,1,3,1,0,1,1,44,12,54.3,65.36,1,13,19,0,22,11,10,0.1283,4922,GET,2,15,1,BRUTE_FORCE
user-126,2026-09-28 06:05:33.169011,48,337,255,12176,42486,14,171,8,4,HTTPS,4,31,42,81,5,3,1,0,0,1,35,7,58.47,63.98,3,7,6,2,38,11,11,0.2191,1368,GET,2,22,1,BRUTE_FORCE
user-196,2026-09-28 06:06:33.169011,57,148,243,35838,36188,17,204,8,2,TCP,7,34,57,371,1,7,0,0,1,0,40,1,39.1,38.12,5,16,14,1,34,12,4,0.3456,4147,GET,1,33,1,BRUTE_FORCE
user-149,2026-09-28 06:07:33.169011,65,284,84,25173,14874,16,89,5,3,HTTPS,3,64,43,472,7,3,1,1,1,1,54,0,22.08,31.11,2,12,7,2,88,15,9,0.2029,1890,POST,1,18,1,BRUTE_FORCE
user-034,2026-09-28 06:08:33.169011,61,120,134,40582,23404,18,152,3,3,HTTPS,6,48,21,309,9,4,1,0,0,2,58,10,61.63,60.83,0,12,19,0,39,8,12,0.3415,3030,GET,2,22,1,BRUTE_FORCE
user-089,2026-09-28 06:09:33.169011,75,183,333,31500,11042,13,160,5,4,HTTP,6,64,48,227,9,4,0,1,0,0,35,13,26.85,55.62,1,4,15,0,16,11,7,0.1511,3675,GET,0,13,1,BRUTE_FORCE
user-110,2026-09-28 06:10:33.169011,32,132,187,12380,27138,26,128,4,1,SSH,5,35,52,481,1,9,0,1,1,0,37,6,19.42,58.47,1,17,11,0,46,12,9,0.2342,3110,GET,1,11,1,BRUTE_FORCE
user-179,2026-09-28 06:11:33.169011,79,224,244,20598,41990,16,71,4,4,HTTPS,4,76,43,415,8,10,0,1,1,0,44,11,40.15,49.25,5,9,13,2,27,11,7,0.1758,3264,DELETE,2,16,1,BRUTE_FORCE
user-009,2026-09-28 06:12:33.169011,26,280,122,15142,11623,8,212,8,1,HTTPS,3,74,42,255,2,8,0,0,0,0,36,5,48.13,68.81,4,14,17,1,52,10,4,0.2475,3879,GET,0,41,1,BRUTE_FORCE
user-078,2026-09-28 06:13:33.169011,80,160,100,43047,46246,21,35,6,4,HTTPS,6,62,33,231,8,7,0,1,0,0,61,0,20.31,32.63,4,5,14,0,36,13,5,0.1326,4629,POST,1,33,1,BRUTE_FORCE
user-035,2026-09-28 06:14:33.169011,64,181,164,39468,26177,22,273,2,3,DNS,3,58,14,327,4,7,0,0,0,1,38,3,15.65,68.4,0,11,16,1,97,9,9,0.2198,4684,GET,1,42,1,BRUTE_FORCE
user-070,2026-09-28 06:15:33.169011,76,212,242,12057,10937,24,80,7,3,HTTPS,4,30,42,360,5,9,0,0,0,1,40,8,31.15,56.58,2,7,13,1,100,6,7,0.2848,4318,DELETE,2,30,1,BRUTE_FORCE
user-022,2026-09-28 06:16:33.169011,55,382,344,25276,32919,15,33,5,4,HTTPS,3,55,17,274,6,11,0,0,0,0,47,1,45.9,70.63,5,5,5,2,75,3,3,0.2413,1650,GET,1,29,1,BRUTE_FORCE
user-044,2026-09-28 06:17:33.169011,87,238,327,8684,26492,30,209,2,2,DNS,4,37,42,380,2,9,0,0,1,3,54,12,40.51,40.47,2,17,16,0,89,6,7,0.1672,1648,GET,2,19,1,BRUTE_FORCE
user-187,2026-09-28 06:18:33.169011,46,158,347,28496,43741,28,98,8,5,DNS,3,47,51,108,7,9,0,0,0,1,50,9,26.47,33.15,5,4,14,2,48,12,9,0.3375,778,POST,1,31,1,BRUTE_FORCE
user-054,2026-09-28 06:19:33.169011,86,174,161,34927,38959,13,75,3,3,HTTPS,7,79,47,285,10,4,1,0,1,0,55,7,57.3,31.12,0,11,16,0,95,10,5,0.3184,3927,GET,0,32,1,BRUTE_FORCE
user-138,2026-09-28 06:20:33.169011,54,189,320,29986,36770,29,208,8,4,HTTPS,5,64,31,406,9,5,1,1,0,0,59,9,48.07,49.04,1,16,12,2,24,5,4,0.1259,3997,GET,0,19,1,BRUTE_FORCE
user-162,2026-09-28 06:21:33.169011,75,332,244,14227,15415,11,62,8,4,HTTPS,5,21,24,481,3,8,0,0,1,2,27,8,15.83,65.01,3,10,15,0,43,7,2,0.2314,1195,POST,0,22,1,BRUTE_FORCE
user-169,2026-09-28 06:22:33.169011,78,291,125,15046,34320,14,227,8,1,HTTPS,5,73,52,92,7,4,1,0,1,0,54,9,16.1,67.57,4,10,8,1,70,13,8,0.2671,1452,GET,1,19,1,BRUTE_FORCE
user-064,2026-09-28 06:23:33.169011,27,167,152,33583,43119,13,227,3,3,HTTPS,7,41,53,438,5,11,1,1,1,0,58,3,52.9,52.05,3,17,17,2,37,4,7,0.1008,736,GET,2,49,1,BRUTE_FORCE
user-055,2026-09-28 06:24:33.169011,65,143,314,27847,18593,18,249,8,3,HTTPS,7,62,15,436,9,8,0,0,1,0,60,4,57.01,46.35,6,6,15,0,17,4,2,0.1929,1045,GET,0,45,1,BRUTE_FORCE
user-152,2026-09-28 06:25:33.169011,89,83,275,41839,40148,16,81,2,5,SSH,2,37,37,427,5,2,0,0,1,0,48,13,50.78,41.61,2,16,12,1,95,8,6,0.1161,3376,GET,1,37,1,BRUTE_FORCE
user-075,2026-09-28 06:26:33.169011,41,391,203,34801,20742,18,294,8,4,TCP,7,34,16,165,7,11,1,0,0,0,46,14,15.4,59.9,2,11,12,0,19,3,6,0.2899,3915,PUT,2,31,1,BRUTE_FORCE
user-065,2026-09-28 06:27:33.169011,66,256,122,40068,28792,28,200,6,3,SSH,4,69,42,403,7,4,1,1,0,1,38,0,50.31,33.3,2,9,17,0,58,7,8,0.1584,1513,GET,1,43,1,BRUTE_FORCE
user-027,2026-09-28 06:28:33.169011,57,88,160,10979,35608,20,158,9,3,HTTPS,6,33,24,98,10,11,1,0,0,0,42,14,47.78,55.17,0,7,12,0,74,12,9,0.2467,2181,PUT,0,37,1,BRUTE_FORCE
user-031,2026-09-28 06:29:33.169011,86,378,217,33676,19129,18,195,7,1,SSH,5,64,19,404,4,12,0,0,0,1,55,12,47.92,52.77,4,14,9,1,65,3,11,0.2038,3374,GET,0,21,1,BRUTE_FORCE
user-143,2026-09-28 06:30:33.169011,35,328,268,15879,49975,15,299,4,5,SSH,8,37,50,229,10,9,0,0,1,1,38,7,28.97,58.28,4,13,17,1,98,10,9,0.206,2094,POST,0,16,1,BRUTE_FORCE
user-150,2026-09-28 06:31:33.169011,68,295,95,37153,20800,29,299,2,4,HTTPS,6,26,13,232,6,9,1,1,1,2,41,9,58.6,67.78,2,13,10,0,64,13,5,0.2632,4664,GET,2,42,1,BRUTE_FORCE
user-004,2026-09-28 06:32:33.169011,49,163,199,32731,35128,30,39,7,1,HTTPS,6,78,16,359,2,12,1,0,0,1,45,14,48.0,50.75,4,9,13,2,98,7,6,0.2305,4963,GET,0,47,1,BRUTE_FORCE
user-078,2026-09-28 06:33:33.169011,31,213,81,15046,17704,18,215,9,3,TCP,6,32,45,61,7,6,0,0,1,1,54,12,59.59,50.14,1,8,7,0,66,6,4,0.0978,1137,PUT,1,27,1,BRUTE_FORCE
user-149,2026-09-28 06:34:33.169011,74,91,337,20998,41113,24,186,8,3,HTTPS,2,56,40,325,2,10,0,0,0,2,40,6,32.86,67.32,4,7,16,0,53,15,5,0.3121,1431,GET,0,39,1,BRUTE_FORCE
user-180,2026-09-28 06:35:33.169011,48,300,259,22395,12569,25,44,6,3,TCP,3,74,23,338,2,9,0,0,0,0,45,12,18.89,46.1,2,18,12,0,81,3,2,0.1826,633,POST,2,44,1,BRUTE_FORCE
user-181,2026-09-28 06:36:33.169011,89,319,153,40758,38472,26,289,5,1,TCP,7,22,45,62,6,12,1,0,1,0,35,0,51.77,64.62,3,12,14,2,94,11,4,0.1124,2526,GET,1,11,1,BRUTE_FORCE
user-141,2026-09-28 06:37:33.169011,41,175,159,39515,10232,21,31,4,4,HTTP,3,57,20,484,5,8,1,0,0,0,34,12,29.59,36.63,5,10,7,1,40,15,4,0.1676,4806,PUT,1,15,1,BRUTE_FORCE
user-014,2026-09-28 06:38:33.169011,54,223,296,15816,11573,17,65,5,1,SSH,4,41,15,411,1,4,1,1,1,2,48,8,21.47,35.66,1,12,20,1,21,12,4,0.1463,3160,PUT,2,50,1,BRUTE_FORCE
user-109,2026-09-28 06:39:33.169011,42,311,305,41565,11573,13,255,4,2,HTTPS,4,24,17,78,3,2,1,0,0,1,42,3,17.51,37.03,3,16,12,0,28,9,9,0.0976,1407,GET,1,35,1,BRUTE_FORCE
user-051,2026-09-28 06:40:33.169011,52,292,209,15051,27302,27,181,4,4,DNS,8,80,45,99,6,3,0,0,0,0,39,5,50.2,33.31,5,8,7,0,20,10,8,0.0949,4265,PUT,0,43,1,BRUTE_FORCE
user-152,2026-09-28 06:41:33.169011,79,191,192,26441,35101,12,40,9,4,HTTPS,4,60,49,271,9,5,0,1,0,1,50,3,32.34,72.4,0,11,13,2,55,13,7,0.2982,4515,GET,1,15,1,BRUTE_FORCE
user-109,2026-09-28 06:42:33.169011,51,130,317,27479,46553,24,283,3,4,HTTP,3,27,18,362,8,9,0,0,1,0,41,3,32.39,42.91,1,15,13,1,20,4,9,0.322,4773,POST,2,18,1,BRUTE_FORCE
user-109,2026-09-28 06:43:33.169011,27,92,203,8847,11965,14,191,6,3,HTTPS,5,65,33,409,6,6,0,0,1,1,44,12,41.37,54.58,5,12,17,2,95,4,11,0.1808,1705,DELETE,0,42,1,BRUTE_FORCE
user-188,2026-09-28 06:44:33.169011,67,185,316,39597,16330,11,205,5,3,HTTPS,8,35,31,280,4,8,1,0,0,1,28,7,17.34,56.65,3,9,8,1,62,6,9,0.3217,2005,POST,0,41,1,BRUTE_FORCE
user-065,2026-09-28 06:45:33.169011,36,285,292,16590,23169,20,286,9,4,HTTPS,5,55,32,261,9,9,1,0,0,0,34,4,35.64,51.32,5,8,9,1,68,10,10,0.1826,3267,GET,1,22,1,BRUTE_FORCE
user-166,2026-09-28 06:46:33.169011,29,189,199,12140,27565,12,198,8,4,DNS,7,75,28,115,7,11,0,1,1,4,54,2,57.27,54.69,1,15,10,1,91,4,6,0.3012,1351,GET,1,14,1,BRUTE_FORCE
user-131,2026-09-28 06:47:33.169011,78,127,168,16704,29424,25,61,5,1,HTTPS,7,34,59,454,9,3,0,1,1,0,59,13,49.35,74.14,3,9,16,1,73,8,7,0.2599,2880,POST,1,14,1,BRUTE_FORCE
user-033,2026-09-28 06:48:33.169011,28,390,113,30217,39832,24,285,8,3,TCP,6,53,34,91,8,9,1,0,0,0,41,14,50.71,33.15,5,14,8,2,38,7,9,0.1797,3693,POST,2,39,1,BRUTE_FORCE
user-128,2026-09-28 06:49:33.169011,79,173,158,30246,14051,29,153,5,2,HTTPS,3,60,43,267,9,10,1,0,0,3,37,2,16.92,73.85,1,10,13,1,94,12,4,0.1373,1064,POST,1,35,1,BRUTE_FORCE
user-034,2026-09-28 06:50:33.169011,32,303,289,36865,13289,21,107,6,2,HTTPS,8,73,40,236,9,4,1,0,1,0,48,3,49.04,71.22,0,14,15,1,91,6,8,0.3054,1028,GET,0,24,1,BRUTE_FORCE
user-143,2026-09-28 06:51:33.169011,60,145,273,10225,19835,15,125,5,5,HTTPS,6,44,26,417,2,6,0,0,0,0,51,5,33.0,38.31,2,13,8,1,34,8,7,0.3184,1431,GET,1,43,1,BRUTE_FORCE
user-111,2026-09-28 06:52:33.169011,37,145,120,26730,17587,15,272,7,1,HTTPS,6,37,43,217,6,3,0,0,0,0,46,10,28.38,34.47,4,8,14,2,90,5,12,0.0804,4989,POST,0,10,1,BRUTE_FORCE
user-097,2026-09-28 06:53:33.169011,47,292,271,19692,24351,16,32,7,5,HTTPS,5,63,30,312,5,7,1,0,1,1,39,7,16.46,56.96,4,7,14,0,91,14,8,0.2092,2680,PUT,1,45,1,BRUTE_FORCE
user-077,2026-09-28 06:54:33.169011,67,217,100,22383,31277,29,148,9,5,HTTPS,4,29,60,423,4,3,1,0,0,1,31,11,17.28,32.97,2,9,13,0,71,13,10,0.3154,2710,POST,1,18,1,BRUTE_FORCE
user-020,2026-09-28 06:55:33.169011,50,279,212,36440,10466,8,211,8,3,HTTPS,6,26,41,80,9,2,0,0,0,0,54,6,32.22,37.39,3,14,11,1,22,10,8,0.2982,3193,GET,0,23,1,BRUTE_FORCE
user-138,2026-09-28 06:56:33.169011,88,105,332,13865,41515,15,234,10,1,HTTPS,5,61,51,114,8,3,1,0,0,3,57,6,46.35,39.16,5,9,7,1,95,12,7,0.2992,2046,GET,0,21,1,BRUTE_FORCE
user-094,2026-09-28 06:57:33.169011,37,257,154,44217,46005,24,30,4,2,HTTPS,8,50,54,72,2,2,1,1,0,0,40,11,35.85,73.79,5,8,9,0,32,9,11,0.2129,1212,GET,1,37,1,BRUTE_FORCE
user-005,2026-09-28 06:58:33.169011,83,141,177,19087,38167,18,61,9,3,TCP,5,74,52,72,5,4,1,0,0,2,39,9,38.18,53.27,1,16,11,2,20,9,10,0.3225,756,POST,2,33,1,BRUTE_FORCE
user-017,2026-09-28 06:59:33.169011,61,341,84,14641,10145,23,134,8,3,HTTPS,7,36,57,319,3,10,0,0,1,0,57,12,29.6,32.48,4,18,16,1,17,10,6,0.217,1248,GET,2,48,1,BRUTE_FORCE
user-170,2026-09-28 07:00:33.169011,40,327,252,37622,11247,27,228,8,3,TCP,5,51,40,499,3,10,0,1,0,0,39,1,24.04,42.48,1,9,15,0,52,7,10,0.2563,2219,PATCH,1,45,1,BRUTE_FORCE
user-189,2026-09-28 07:01:33.169011,44,308,191,29001,29736,18,44,9,5,HTTPS,6,78,50,239,5,9,0,1,1,0,47,3,47.35,71.24,6,12,11,2,18,5,4,0.2602,4945,GET,0,26,1,BRUTE_FORCE
user-184,2026-09-28 07:02:33.169011,70,182,153,31662,32132,25,82,5,2,TCP,5,60,29,110,6,9,0,0,0,0,35,8,51.79,47.17,2,17,19,0,55,4,3,0.2249,4943,GET,0,26,1,BRUTE_FORCE
user-099,2026-09-28 07:03:33.169011,68,151,104,16416,30281,16,176,8,1,HTTP,3,42,39,214,4,9,1,1,1,0,46,3,61.79,50.6,6,4,20,2,62,3,10,0.1799,1631,POST,2,14,1,BRUTE_FORCE
user-135,2026-09-28 07:04:33.169011,84,390,307,36436,30287,10,158,7,3,DNS,6,67,42,474,5,6,0,0,0,1,57,8,17.19,58.18,2,6,7,2,22,12,10,0.3386,2861,GET,1,16,1,BRUTE_FORCE
user-127,2026-09-28 07:05:33.169011,52,219,169,16612,44064,19,241,5,3,HTTPS,2,48,34,468,7,5,0,1,1,2,55,13,18.0,39.43,5,8,10,2,79,3,3,0.3445,2889,PATCH,1,11,1,BRUTE_FORCE
user-133,2026-09-28 07:06:33.169011,86,318,245,22823,33647,11,287,9,2,DNS,4,50,31,85,2,9,1,1,0,0,58,0,28.63,70.99,3,6,17,1,98,4,4,0.2896,1193,PUT,0,46,1,BRUTE_FORCE
user-037,2026-09-28 07:07:33.169011,84,152,106,12018,17349,19,142,5,2,SSH,5,22,37,75,4,6,0,1,0,2,43,2,48.97,32.25,2,4,11,0,52,11,3,0.1516,1222,POST,1,31,1,BRUTE_FORCE
user-180,2026-09-28 07:08:33.169011,85,302,327,40216,44360,13,189,8,1,HTTPS,5,23,13,222,8,5,1,1,1,0,47,2,38.75,52.94,0,15,10,2,64,7,10,0.0833,1952,GET,1,29,1,BRUTE_FORCE
user-122,2026-09-28 07:09:33.169011,56,113,267,16702,9797,10,87,8,4,HTTPS,7,44,48,100,5,4,1,1,0,0,51,7,38.62,63.06,2,13,19,1,71,14,2,0.1787,2197,POST,2,18,1,BRUTE_FORCE
user-106,2026-09-28 07:10:33.169011,31,361,296,15654,32705,27,64,3,4,HTTPS,2,25,24,471,4,3,0,0,1,0,35,11,44.7,72.32,6,16,18,1,72,15,10,0.1953,3081,PUT,1,27,1,BRUTE_FORCE
user-078,2026-09-28 07:11:33.169011,30,261,260,13249,25237,16,107,4,1,HTTP,4,32,31,441,7,3,0,0,1,1,43,4,37.44,45.24,4,7,8,1,75,6,3,0.3412,1661,POST,1,14,1,BRUTE_FORCE
user-101,2026-09-28 07:12:33.169011,85,192,124,37330,16577,15,246,3,2,TCP,4,70,33,89,7,4,0,1,1,0,46,11,39.96,48.28,2,13,7,1,71,12,11,0.231,3919,POST,0,26,1,BRUTE_FORCE
user-176,2026-09-28 07:13:33.169011,36,298,287,23643,30211,29,279,5,2,HTTPS,8,29,50,303,3,8,0,0,0,0,56,8,37.63,53.07,2,15,9,0,47,3,8,0.2203,3118,GET,0,49,1,BRUTE_FORCE
user-132,2026-09-28 07:14:33.169011,58,219,111,18834,16575,14,276,10,5,DNS,6,70,20,312,8,3,0,0,0,0,47,1,44.87,61.24,3,13,20,1,46,13,3,0.1493,3260,GET,0,36,1,BRUTE_FORCE
user-090,2026-09-28 07:15:33.169011,42,278,109,13982,25874,8,236,7,3,HTTPS,3,74,43,140,8,3,0,0,0,1,47,8,56.12,37.9,3,11,6,1,50,10,4,0.171,3309,DELETE,1,44,1,BRUTE_FORCE
user-176,2026-09-28 07:16:33.169011,35,337,175,38510,14369,21,295,8,4,HTTP,4,59,21,185,7,11,0,1,1,1,61,5,38.05,30.3,3,12,14,1,45,13,5,0.2696,4367,PUT,1,36,1,BRUTE_FORCE
user-119,2026-09-28 07:17:33.169011,83,105,185,18190,32741,30,220,10,5,HTTP,2,30,41,136,8,4,0,0,0,0,39,0,39.42,32.64,1,11,13,2,69,12,5,0.2845,4459,POST,2,29,1,BRUTE_FORCE
user-016,2026-09-28 07:18:33.169011,33,378,262,35543,10454,14,228,3,4,HTTPS,7,74,20,369,5,8,0,1,1,3,48,4,23.13,63.66,3,11,15,2,53,12,8,0.1905,4729,POST,2,40,1,BRUTE_FORCE
user-027,2026-09-28 07:19:33.169011,77,326,197,27806,17662,11,210,4,4,SSH,3,52,46,455,9,8,0,0,0,2,43,10,33.65,56.56,1,17,19,1,47,6,10,0.2152,1224,POST,2,29,1,BRUTE_FORCE
user-081,2026-09-28 07:20:33.169011,42,204,244,15079,27936,19,277,8,3,SSH,8,49,30,70,7,12,0,1,1,1,54,14,21.13,52.88,0,6,16,0,81,6,9,0.2828,1496,POST,1,40,1,BRUTE_FORCE
user-019,2026-09-28 07:21:33.169011,43,188,101,22907,29559,28,279,6,4,HTTPS,3,46,22,408,4,4,0,1,0,0,48,10,44.95,46.7,3,12,12,0,47,4,8,0.328,941,GET,1,28,1,BRUTE_FORCE
user-151,2026-09-28 07:22:33.169011,87,239,198,19645,49845,21,128,8,4,DNS,5,51,43,161,5,7,0,0,0,2,62,10,15.4,41.64,2,17,12,1,38,10,7,0.1285,4915,GET,1,43,1,BRUTE_FORCE
user-090,2026-09-28 07:23:33.169011,26,214,109,8385,9046,16,79,6,1,HTTPS,5,54,29,301,1,6,1,1,0,0,30,10,35.3,59.72,0,12,19,1,70,9,8,0.0961,3257,GET,1,49,1,BRUTE_FORCE
user-037,2026-09-28 07:24:33.169011,28,115,81,39071,36150,17,154,6,5,HTTPS,2,55,12,219,1,8,0,0,1,0,49,9,43.47,65.6,2,9,18,2,25,7,4,0.2255,4842,POST,1,12,1,BRUTE_FORCE
user-034,2026-09-28 07:25:33.169011,86,330,278,41605,16714,20,34,2,3,HTTPS,7,42,21,371,5,11,1,0,0,0,41,12,37.09,61.24,4,9,6,1,68,6,8,0.2221,4850,POST,0,45,1,BRUTE_FORCE
user-130,2026-09-28 07:26:33.169011,81,311,173,42741,29883,11,89,8,3,TCP,4,49,29,483,4,12,1,0,1,1,38,13,40.21,37.65,4,16,20,1,18,12,9,0.2354,4577,PATCH,1,26,1,BRUTE_FORCE
user-003,2026-09-28 07:27:33.169011,35,205,277,29951,28593,11,77,4,2,HTTP,4,66,16,243,10,9,1,0,0,1,42,11,34.5,67.11,1,9,15,1,100,11,10,0.1153,3269,GET,1,22,1,BRUTE_FORCE
user-199,2026-09-28 07:28:33.169011,34,84,296,15234,30865,24,143,6,2,TCP,7,70,33,217,6,10,0,0,0,0,54,1,57.86,32.28,1,17,17,0,43,11,10,0.2762,2287,POST,2,32,1,BRUTE_FORCE
user-174,2026-09-28 07:29:33.169011,62,194,103,38970,35566,16,132,8,4,SSH,8,76,24,176,7,11,1,0,0,0,39,2,24.03,47.11,1,9,13,0,94,14,4,0.3031,2388,POST,1,35,1,BRUTE_FORCE
user-085,2026-09-28 07:30:33.169011,66,272,102,30848,40591,21,94,2,4,TCP,8,46,37,454,4,12,1,0,0,1,41,6,48.88,49.07,5,12,16,1,40,12,10,0.2951,1710,GET,1,16,1,BRUTE_FORCE
user-030,2026-09-28 07:31:33.169011,42,207,181,21606,30799,17,278,5,4,HTTPS,7,71,15,497,4,9,0,1,1,0,43,3,26.12,71.48,5,10,19,2,79,14,10,0.1983,2037,POST,1,18,1,BRUTE_FORCE
user-062,2026-09-28 07:32:33.169011,77,360,81,8560,12982,25,157,3,4,DNS,4,40,44,406,4,8,0,0,0,0,40,10,29.06,63.73,3,5,15,1,71,6,10,0.1686,2268,PATCH,1,46,1,BRUTE_FORCE
user-024,2026-09-28 07:33:33.169011,67,144,324,8073,13091,16,108,7,5,HTTP,6,61,51,239,9,6,0,0,1,1,45,2,26.56,43.32,6,10,9,1,41,8,10,0.1498,4279,POST,0,46,1,BRUTE_FORCE
user-005,2026-09-28 07:34:33.169011,38,305,259,42004,15918,17,34,7,3,DNS,8,32,33,310,6,6,1,0,1,0,41,2,15.22,65.98,4,15,13,2,65,14,2,0.3079,656,POST,1,38,1,BRUTE_FORCE
user-090,2026-09-28 07:35:33.169011,55,205,280,38561,30853,12,102,5,3,HTTPS,6,77,55,273,4,8,1,0,1,0,58,3,40.92,44.16,3,9,16,0,20,15,5,0.3137,1411,GET,1,20,1,BRUTE_FORCE
user-076,2026-09-28 07:36:33.169011,46,80,258,13079,30993,18,206,7,2,HTTPS,3,23,18,458,6,4,0,0,0,1,38,1,48.72,47.47,5,14,16,0,32,7,2,0.236,3492,POST,1,47,1,BRUTE_FORCE
user-149,2026-09-28 07:37:33.169011,75,237,247,10161,10803,9,180,6,1,HTTPS,5,31,36,130,4,6,1,0,0,0,31,14,47.2,53.89,4,10,8,1,24,10,11,0.0953,2617,PUT,2,25,1,BRUTE_FORCE
user-121,2026-09-28 07:38:33.169011,80,266,247,29094,10164,17,181,5,3,HTTPS,6,29,49,497,7,9,1,0,1,0,53,11,41.64,56.09,3,11,9,1,23,15,11,0.1233,581,GET,2,34,1,BRUTE_FORCE
user-053,2026-09-28 07:39:33.169011,55,133,138,35402,44090,13,184,8,1,HTTP,8,68,59,415,3,2,1,1,0,3,46,0,43.26,72.02,3,11,17,1,25,15,10,0.1721,2902,GET,2,32,1,BRUTE_FORCE
user-100,2026-09-28 07:40:33.169011,31,210,317,13759,45929,16,265,7,2,HTTPS,3,56,58,247,8,7,0,0,0,0,42,2,18.47,38.49,5,9,14,0,37,5,12,0.1472,3052,POST,0,49,1,BRUTE_FORCE
user-099,2026-09-28 07:41:33.169011,39,276,185,28983,40035,19,64,10,3,HTTP,6,67,42,461,4,12,0,0,0,0,40,3,59.26,61.94,4,17,7,1,59,13,7,0.2081,4413,GET,1,11,1,BRUTE_FORCE
user-156,2026-09-28 07:42:33.169011,26,217,303,16789,41354,17,260,7,2,TCP,5,73,33,233,9,9,0,0,1,0,43,2,28.03,53.36,4,10,10,1,46,10,8,0.1998,4120,GET,1,39,1,BRUTE_FORCE
user-192,2026-09-28 07:43:33.169011,42,390,298,8393,38147,23,208,3,3,HTTPS,7,31,18,202,7,6,0,0,0,0,37,6,20.54,46.33,1,4,18,2,28,7,11,0.2351,2278,POST,0,17,1,BRUTE_FORCE
user-190,2026-09-28 07:44:33.169011,42,363,185,21688,17424,19,225,9,3,HTTP,4,58,46,234,8,11,1,0,0,0,38,5,21.43,58.35,5,18,9,1,18,9,6,0.1169,869,PATCH,2,31,1,BRUTE_FORCE
user-195,2026-09-28 07:45:33.169011,88,289,182,30640,12220,24,167,10,5,SSH,7,34,36,479,5,4,1,0,0,0,48,9,36.78,68.68,5,12,9,1,45,5,7,0.2556,4034,GET,1,32,1,BRUTE_FORCE
user-035,2026-09-28 07:46:33.169011,67,106,172,15970,27653,8,178,2,4,SSH,3,39,21,346,1,5,1,1,0,0,35,8,64.89,65.36,1,5,17,0,92,9,3,0.1937,3516,GET,2,49,1,BRUTE_FORCE
user-074,2026-09-28 07:47:33.169011,26,94,191,33731,42447,21,96,9,1,SSH,3,61,32,483,10,2,1,0,1,0,36,12,19.06,70.5,4,6,17,1,86,8,6,0.215,1849,DELETE,1,42,1,BRUTE_FORCE
user-116,2026-09-28 07:48:33.169011,64,93,301,25718,22494,26,52,10,3,HTTPS,7,29,47,117,2,11,0,0,0,1,58,7,33.55,33.02,1,13,10,0,45,9,12,0.133,3450,POST,2,23,1,BRUTE_FORCE
user-081,2026-09-28 07:49:33.169011,82,280,215,26185,43908,16,291,5,4,TCP,6,52,32,245,2,10,0,0,0,0,29,6,24.46,44.93,1,12,6,0,48,14,10,0.2267,3909,POST,1,17,1,BRUTE_FORCE
user-093,2026-09-28 07:50:33.169011,83,153,228,24432,14972,19,113,3,3,HTTP,8,65,43,287,2,8,1,1,0,1,39,1,57.45,39.56,3,7,8,2,36,14,11,0.2434,4024,GET,0,31,1,BRUTE_FORCE
user-111,2026-09-28 07:51:33.169011,89,108,157,40808,38140,11,262,7,2,HTTPS,6,41,32,111,10,9,0,0,1,0,60,1,57.51,72.58,3,13,12,2,33,5,8,0.2272,2988,POST,2,29,1,BRUTE_FORCE
user-111,2026-09-28 07:52:33.169011,47,114,318,38282,16366,10,45,2,1,HTTPS,7,78,55,108,6,7,0,1,1,0,53,10,31.01,48.57,0,16,16,2,68,10,4,0.3367,1587,PATCH,0,49,1,BRUTE_FORCE
user-171,2026-09-28 07:53:33.169011,58,385,301,32491,27599,9,135,6,3,DNS,4,77,50,117,8,9,0,1,0,1,34,1,42.17,55.36,1,13,19,1,49,10,7,0.2964,1734,POST,1,48,1,BRUTE_FORCE
user-180,2026-09-28 07:54:33.169011,68,241,329,43762,35573,18,100,7,2,HTTPS,6,58,38,108,7,8,0,1,0,0,45,13,62.23,35.94,4,6,17,0,85,6,9,0.2817,3487,GET,2,25,1,BRUTE_FORCE
user-139,2026-09-28 07:55:33.169011,35,277,299,26370,46123,29,128,4,1,TCP,6,55,39,173,1,8,1,0,1,0,33,9,19.05,35.54,5,9,10,1,97,15,7,0.1183,2138,GET,1,16,1,BRUTE_FORCE
user-137,2026-09-28 07:56:33.169011,78,187,328,15659,17062,26,202,6,2,DNS,4,46,57,81,9,3,0,0,0,1,52,0,52.42,51.72,4,8,9,0,24,11,8,0.0991,821,PUT,2,16,1,BRUTE_FORCE
user-170,2026-09-28 07:57:33.169011,57,252,269,35216,14146,10,150,9,4,SSH,6,43,43,81,9,6,1,0,0,0,49,11,32.57,35.24,1,7,18,1,18,13,11,0.0887,2519,POST,2,31,1,BRUTE_FORCE
user-157,2026-09-28 07:58:33.169011,48,320,148,23642,22788,25,152,6,4,HTTPS,3,41,56,498,10,6,1,0,1,0,47,10,46.03,49.93,3,11,13,1,17,7,8,0.3249,2600,GET,1,17,1,BRUTE_FORCE
user-113,2026-09-28 07:59:33.169011,82,296,206,13902,41915,13,122,2,2,SSH,7,42,42,302,3,5,0,0,0,1,30,0,23.54,49.03,0,11,20,0,34,5,3,0.3477,4077,PATCH,0,39,1,BRUTE_FORCE
user-175,2026-09-28 08:00:33.169011,85,364,106,20770,35264,13,39,10,1,TCP,4,59,50,394,7,6,1,1,0,0,32,13,42.7,38.89,0,6,20,2,48,10,5,0.2695,4378,POST,1,22,1,BRUTE_FORCE
user-103,2026-09-28 08:01:33.169011,27,174,91,27549,10278,9,142,9,3,HTTPS,7,47,16,363,6,3,0,0,0,1,37,9,61.6,55.06,3,7,6,1,26,6,11,0.1365,4271,GET,0,39,1,BRUTE_FORCE
user-047,2026-09-28 08:02:33.169011,54,130,235,37303,21039,19,230,6,4,HTTP,4,26,20,133,10,10,0,0,0,1,45,1,62.97,70.99,0,16,13,2,94,9,4,0.2109,3819,GET,0,31,1,BRUTE_FORCE
user-104,2026-09-28 08:03:33.169011,59,153,98,13132,34839,24,188,7,2,HTTPS,6,37,44,254,3,3,0,0,0,0,52,10,23.95,44.15,3,18,12,0,69,14,7,0.3347,3260,GET,0,34,1,BRUTE_FORCE
user-125,2026-09-28 08:04:33.169011,83,241,302,10765,26181,9,42,5,3,HTTP,7,37,32,74,3,10,1,1,1,0,42,4,58.4,69.97,2,7,13,1,64,4,3,0.1453,1829,GET,0,11,1,BRUTE_FORCE
user-078,2026-09-28 08:05:33.169011,61,257,175,28844,45071,19,197,3,3,HTTP,3,23,22,313,7,4,0,1,1,0,44,7,53.05,44.44,4,12,7,2,35,5,7,0.209,4667,DELETE,1,22,1,BRUTE_FORCE
user-092,2026-09-28 08:06:33.169011,43,353,252,10220,44576,30,72,5,3,HTTPS,2,45,41,249,9,7,0,0,1,0,48,9,56.44,42.64,6,5,17,1,90,14,8,0.1742,764,PUT,2,15,1,BRUTE_FORCE
user-036,2026-09-28 08:07:33.169011,28,112,203,41403,18066,8,241,3,4,HTTPS,4,34,45,456,4,5,0,0,0,0,30,10,20.27,31.95,4,8,14,2,71,15,6,0.3236,1054,GET,1,18,1,BRUTE_FORCE
user-017,2026-09-28 08:08:33.169011,80,221,308,11038,9225,23,212,6,5,TCP,2,30,13,379,5,6,0,0,0,0,53,3,38.66,38.84,2,10,15,0,63,5,9,0.2505,2165,POST,2,14,1,BRUTE_FORCE
user-043,2026-09-28 08:09:33.169011,77,285,297,15148,21126,17,291,9,3,HTTPS,6,54,40,57,9,8,0,0,1,0,45,8,60.22,71.5,4,17,19,0,36,10,5,0.1401,3545,POST,1,25,1,BRUTE_FORCE
user-149,2026-09-28 08:10:33.169011,62,340,235,17189,19519,13,211,5,4,SSH,7,75,42,186,2,8,0,0,1,0,35,9,19.69,54.48,2,11,11,2,25,10,7,0.3469,764,GET,1,47,1,BRUTE_FORCE
user-184,2026-09-28 08:11:33.169011,64,378,202,8717,22918,14,213,7,5,HTTPS,7,72,32,406,9,9,0,1,0,0,41,3,29.43,34.01,2,17,9,2,69,8,6,0.175,3583,GET,2,22,1,BRUTE_FORCE
user-163,2026-09-28 08:12:33.169011,63,341,146,43790,48159,13,102,5,4,SSH,5,39,34,156,7,6,0,1,0,0,40,6,44.07,46.24,1,14,6,1,66,6,5,0.3494,3006,GET,1,39,1,BRUTE_FORCE
user-061,2026-09-28 08:13:33.169011,68,81,151,26323,20091,17,194,3,4,HTTPS,6,79,57,315,7,7,1,0,1,2,51,10,55.99,35.18,4,15,5,1,38,14,4,0.1971,3754,POST,2,15,1,BRUTE_FORCE
user-117,2026-09-28 08:14:33.169011,88,312,260,32418,42535,27,175,2,2,HTTP,8,66,37,60,10,5,1,0,0,0,30,1,64.1,68.94,3,17,8,1,81,8,2,0.3223,3867,GET,1,38,1,BRUTE_FORCE
user-190,2026-09-28 08:15:33.169011,43,389,310,41238,14984,16,181,9,2,SSH,7,72,49,403,5,11,1,1,1,0,51,1,60.19,61.26,3,17,7,1,92,7,10,0.1476,4560,GET,0,17,1,BRUTE_FORCE
user-098,2026-09-28 08:16:33.169011,90,272,278,16123,33847,20,255,9,2,HTTPS,7,28,14,300,5,8,0,0,1,2,29,4,23.75,74.26,2,17,15,1,46,10,6,0.3354,1321,GET,1,24,1,BRUTE_FORCE
user-172,2026-09-28 08:17:33.169011,30,193,126,13983,32708,10,295,4,5,HTTPS,3,79,36,106,8,4,0,0,0,0,37,2,62.67,55.77,5,11,18,2,56,9,5,0.2424,1934,GET,2,45,1,BRUTE_FORCE
user-124,2026-09-28 08:18:33.169011,51,175,244,23247,10943,13,63,10,2,TCP,8,29,20,187,3,11,1,1,0,0,51,8,33.39,49.24,3,17,8,1,44,6,7,0.1631,2179,POST,1,33,1,BRUTE_FORCE
user-108,2026-09-28 08:19:33.169011,77,182,191,34653,27337,21,295,6,3,HTTPS,5,79,41,274,9,11,0,0,1,0,47,9,37.54,61.79,5,4,17,1,88,11,5,0.2545,4792,GET,1,43,1,BRUTE_FORCE
user-077,2026-09-28 08:20:33.169011,47,201,285,22187,13878,23,52,4,3,HTTPS,6,78,26,233,9,2,1,0,1,0,40,12,58.08,50.96,3,11,13,2,97,6,10,0.092,3856,PATCH,0,45,1,BRUTE_FORCE
user-185,2026-09-28 08:21:33.169011,86,215,164,32438,40522,28,55,8,3,HTTP,7,40,50,47,6,4,0,0,0,1,27,11,20.48,34.83,5,9,8,2,42,10,11,0.3432,3734,PUT,0,34,1,BRUTE_FORCE
user-091,2026-09-28 08:22:33.169011,65,183,342,10440,24495,19,64,6,2,HTTP,3,38,28,462,5,4,0,1,0,2,34,7,64.59,51.26,1,16,18,0,79,10,5,0.1857,3180,GET,1,27,1,BRUTE_FORCE
user-110,2026-09-28 08:23:33.169011,56,217,199,12697,26232,26,261,3,3,SSH,3,78,57,100,8,6,0,1,1,0,43,8,28.24,51.82,3,14,10,2,68,9,10,0.2382,1289,GET,2,49,1,BRUTE_FORCE
user-112,2026-09-28 08:24:33.169011,80,105,328,38686,24459,16,234,2,5,TCP,7,67,15,449,4,3,1,0,0,1,56,9,44.89,31.53,6,15,17,1,30,6,5,0.3105,1844,GET,2,48,1,BRUTE_FORCE
user-138,2026-09-28 08:25:33.169011,36,197,323,28027,14427,9,270,6,4,HTTPS,3,60,60,261,4,7,0,0,1,0,52,12,23.97,58.05,1,9,17,1,28,12,9,0.3205,911,GET,2,24,1,BRUTE_FORCE
user-178,2026-09-28 08:26:33.169011,84,369,288,33743,48064,24,239,4,4,HTTP,5,67,37,365,1,10,0,0,0,0,36,13,36.14,53.38,6,17,6,1,86,13,8,0.2639,3368,GET,1,10,1,BRUTE_FORCE
user-195,2026-09-28 08:27:33.169011,63,376,159,38329,14585,20,110,10,3,HTTPS,6,25,55,128,5,12,0,0,0,0,39,11,58.41,57.72,3,10,14,0,62,15,7,0.3372,3897,GET,1,24,1,BRUTE_FORCE
user-025,2026-09-28 08:28:33.169011,49,393,347,29834,43244,17,73,7,3,DNS,5,55,13,495,5,5,1,0,1,0,51,0,24.79,65.02,0,7,7,1,74,8,4,0.2051,1952,GET,2,25,1,BRUTE_FORCE
user-158,2026-09-28 08:29:33.169011,37,342,133,14978,14481,10,104,8,5,HTTPS,5,20,17,179,2,4,0,0,0,1,42,4,59.26,63.73,4,11,8,1,73,8,11,0.2289,4779,POST,0,32,1,BRUTE_FORCE
user-171,2026-09-28 08:30:33.169011,65,291,267,36070,14823,19,124,6,2,DNS,8,39,36,471,3,8,0,0,0,0,39,2,42.37,33.21,3,18,15,0,24,11,9,0.2917,3502,GET,2,38,1,BRUTE_FORCE
user-104,2026-09-28 08:31:33.169011,41,364,206,39638,35360,30,251,6,3,HTTPS,6,67,45,48,1,6,1,0,1,1,52,9,57.48,40.3,4,6,16,1,45,10,3,0.1408,4377,POST,1,40,1,BRUTE_FORCE
user-193,2026-09-28 08:32:33.169011,62,235,126,40241,29381,13,171,8,1,SSH,3,41,26,142,1,10,0,0,0,0,34,14,22.16,57.41,5,5,17,1,60,11,3,0.0855,1210,POST,2,32,1,BRUTE_FORCE
user-150,2026-09-28 08:33:33.169011,60,100,308,31199,18950,25,253,2,4,HTTPS,3,36,37,434,2,8,0,1,0,0,45,9,61.67,63.15,2,5,5,0,60,6,3,0.1409,3458,POST,2,35,1,BRUTE_FORCE
user-015,2026-09-28 08:34:33.169011,45,333,86,32202,27061,24,115,3,3,TCP,8,38,57,129,6,4,0,0,0,1,60,1,25.61,53.29,3,13,8,2,53,6,3,0.0939,2369,POST,0,35,1,BRUTE_FORCE
user-043,2026-09-28 08:35:33.169011,37,166,224,22461,35309,17,255,8,5,HTTP,6,25,33,76,2,6,0,0,0,1,54,12,54.97,54.6,3,8,9,1,24,7,10,0.0991,2846,POST,2,43,1,BRUTE_FORCE
user-118,2026-09-28 08:36:33.169011,70,132,274,25970,13919,29,212,9,5,HTTP,7,49,44,367,8,4,1,0,0,0,37,10,38.36,36.99,2,15,17,1,59,11,6,0.2241,1675,POST,2,45,1,BRUTE_FORCE
user-144,2026-09-28 08:37:33.169011,70,319,244,23709,45753,13,110,2,3,TCP,4,55,19,377,3,7,0,1,0,1,37,10,17.2,35.13,4,10,5,1,47,3,11,0.3368,3183,GET,1,13,1,BRUTE_FORCE
user-004,2026-09-28 08:38:33.169011,47,195,289,10254,39313,13,44,5,5,SSH,8,26,39,205,4,4,1,1,1,1,37,8,35.37,36.03,4,17,17,1,64,11,11,0.2539,1687,GET,1,18,1,BRUTE_FORCE
user-135,2026-09-28 08:39:33.169011,60,240,214,37013,37907,28,274,4,2,HTTPS,4,39,45,470,9,4,1,0,0,0,48,11,51.01,60.55,3,5,20,1,15,15,6,0.2454,3087,GET,1,43,1,BRUTE_FORCE
user-065,2026-09-28 08:40:33.169011,57,81,264,13010,17181,28,114,5,3,HTTPS,5,40,56,58,6,3,0,0,0,0,44,7,59.2,30.16,2,16,10,0,61,6,5,0.2832,1061,POST,2,18,1,BRUTE_FORCE
user-041,2026-09-28 08:41:33.169011,60,247,275,12683,36391,11,148,4,4,DNS,6,22,22,415,6,7,0,0,0,0,34,10,25.49,66.3,2,8,6,1,49,5,5,0.2374,922,GET,0,31,1,BRUTE_FORCE
user-183,2026-09-28 08:42:33.169011,73,167,292,23922,29009,25,243,3,3,HTTPS,7,79,59,281,1,3,0,0,1,0,49,12,30.97,45.5,3,10,10,1,47,14,11,0.2552,815,GET,0,40,1,BRUTE_FORCE
user-148,2026-09-28 08:43:33.169011,42,339,199,24460,42850,12,172,10,2,DNS,2,32,37,57,4,4,0,1,0,0,28,8,57.6,55.57,4,11,10,1,67,6,12,0.2851,3242,GET,2,33,1,BRUTE_FORCE
user-093,2026-09-28 08:44:33.169011,35,107,81,36739,21616,14,285,5,2,HTTPS,4,51,30,477,10,12,0,0,1,0,35,10,61.47,30.61,3,4,18,1,65,14,8,0.2468,2378,GET,1,26,1,BRUTE_FORCE
user-114,2026-09-28 08:45:33.169011,58,115,255,16109,19368,17,111,9,3,DNS,7,66,40,52,5,7,1,1,1,0,43,10,16.13,30.71,1,5,16,1,35,4,10,0.2624,3219,GET,0,47,1,BRUTE_FORCE
user-157,2026-09-28 08:46:33.169011,42,168,227,25270,30169,22,254,10,2,HTTP,6,30,47,47,3,4,1,0,0,2,33,2,46.44,47.4,2,17,11,1,34,9,4,0.3423,1267,GET,2,15,1,BRUTE_FORCE
user-103,2026-09-28 08:47:33.169011,81,137,225,21235,39427,27,224,9,2,HTTPS,3,66,19,220,3,5,1,0,0,0,54,1,18.94,70.49,5,12,10,0,53,14,6,0.1998,2204,POST,1,47,1,BRUTE_FORCE
user-006,2026-09-28 08:48:33.169011,66,125,302,25321,36109,28,135,4,5,HTTPS,7,66,38,402,3,7,0,1,0,0,36,7,49.69,61.39,2,12,8,1,42,8,3,0.1787,2400,POST,1,37,1,BRUTE_FORCE
user-132,2026-09-28 08:49:33.169011,85,364,139,23551,27906,8,170,5,3,HTTPS,7,58,25,270,2,4,0,0,0,1,55,5,41.69,73.38,0,5,14,0,71,8,4,0.3466,2599,POST,1,23,1,BRUTE_FORCE
user-098,2026-09-28 08:50:33.169011,72,360,313,9212,36468,11,129,6,4,TCP,5,23,56,132,9,8,0,0,1,0,52,0,50.69,67.03,2,5,11,0,17,4,10,0.317,808,PUT,1,44,1,BRUTE_FORCE
user-040,2026-09-28 08:51:33.169011,38,210,287,16779,33763,29,153,8,1,HTTPS,7,35,41,255,9,10,1,1,0,0,55,10,57.01,42.1,1,13,17,1,44,6,11,0.1242,4134,PUT,2,42,1,BRUTE_FORCE
user-077,2026-09-28 08:52:33.169011,47,223,326,31438,30670,21,74,4,1,HTTPS,7,75,54,283,5,10,1,0,0,2,36,7,15.94,59.25,2,4,15,0,75,4,10,0.2779,3815,GET,1,48,1,BRUTE_FORCE
user-016,2026-09-28 08:53:33.169011,56,398,203,18712,16653,26,32,8,4,TCP,7,41,51,469,4,10,1,0,1,0,46,8,51.78,34.85,6,14,7,1,23,6,3,0.1914,2882,PUT,2,11,1,BRUTE_FORCE
user-195,2026-09-28 08:54:33.169011,54,289,119,8575,15245,24,269,7,4,SSH,5,30,34,117,8,11,1,0,1,0,39,0,27.41,63.68,1,12,15,2,99,4,4,0.2059,2524,POST,1,42,1,BRUTE_FORCE
user-016,2026-09-28 08:55:33.169011,28,190,97,10951,20042,13,158,6,1,SSH,6,61,58,172,9,9,1,0,0,2,41,13,33.56,62.92,4,16,9,2,41,14,3,0.3377,4870,GET,1,24,1,BRUTE_FORCE
user-173,2026-09-28 08:56:33.169011,30,394,197,18738,41776,22,298,7,2,HTTP,4,41,22,421,7,10,0,1,1,0,35,3,29.35,47.36,5,6,17,1,60,14,5,0.2117,4190,PATCH,1,44,1,BRUTE_FORCE
user-147,2026-09-28 08:57:33.169011,74,307,176,32643,25722,27,35,8,2,HTTPS,5,32,57,333,9,5,0,1,0,3,41,3,31.36,49.72,1,12,15,0,85,7,3,0.0931,750,PATCH,1,31,1,BRUTE_FORCE
user-184,2026-09-28 08:58:33.169011,87,100,120,27479,12776,20,174,8,2,SSH,7,35,24,201,3,7,1,1,1,0,44,1,51.69,49.17,6,6,17,1,77,4,5,0.1297,2303,POST,1,29,1,BRUTE_FORCE
user-109,2026-09-28 08:59:33.169011,78,255,263,39341,32782,13,256,10,4,SSH,5,27,36,360,1,3,1,0,0,0,43,4,61.0,51.66,5,9,9,1,92,9,8,0.1983,4788,POST,1,24,1,BRUTE_FORCE
user-168,2026-09-28 09:00:33.169011,56,153,254,23251,31746,20,239,4,4,HTTP,3,39,46,114,6,8,1,0,1,0,45,0,16.08,54.16,4,8,14,0,75,15,9,0.3451,4686,GET,0,38,1,BRUTE_FORCE
user-081,2026-09-28 09:01:33.169011,87,265,321,22431,33341,26,150,7,1,SSH,3,62,20,499,6,6,0,0,1,1,47,8,51.21,69.5,4,6,6,0,20,9,4,0.1812,2407,GET,1,34,1,BRUTE_FORCE
user-019,2026-09-28 09:02:33.169011,67,338,326,11326,12215,13,255,9,5,HTTP,2,38,54,46,7,11,0,0,0,2,39,9,57.12,74.44,6,6,8,1,88,8,8,0.2437,3936,GET,2,18,1,BRUTE_FORCE
user-180,2026-09-28 09:03:33.169011,50,354,101,15252,43309,16,177,5,4,HTTPS,5,44,28,234,1,9,0,0,1,0,38,5,40.19,67.95,4,12,11,0,56,6,4,0.0829,2990,GET,1,24,1,BRUTE_FORCE
user-001,2026-09-28 09:04:33.169011,44,325,125,34472,9395,15,147,3,5,HTTPS,7,72,22,255,1,4,1,1,0,0,55,5,31.84,51.53,5,13,13,1,16,10,12,0.2004,1504,PATCH,1,46,1,BRUTE_FORCE
user-139,2026-09-28 09:05:33.169011,75,337,236,21001,46995,10,44,8,2,HTTPS,6,34,28,378,3,5,1,0,1,1,36,1,42.44,45.99,0,7,15,1,32,7,6,0.3471,3351,GET,1,43,1,BRUTE_FORCE
user-153,2026-09-28 09:06:33.169011,45,286,183,10006,39170,28,116,3,2,HTTPS,5,46,34,231,3,4,0,1,0,1,58,3,25.46,64.24,6,6,14,1,44,13,7,0.243,1511,GET,2,34,1,BRUTE_FORCE
user-163,2026-09-28 09:07:33.169011,45,182,247,17201,40865,26,86,9,3,SSH,5,60,28,443,3,8,1,0,0,0,57,0,21.16,69.18,4,7,9,2,90,8,9,0.237,1732,GET,0,25,1,BRUTE_FORCE
user-156,2026-09-28 09:08:33.169011,78,370,123,13617,40880,12,268,8,2,HTTPS,3,31,59,217,6,3,1,1,1,0,36,5,40.37,60.52,3,9,6,1,31,7,7,0.3205,3331,PUT,2,48,1,BRUTE_FORCE
user-199,2026-09-28 09:09:33.169011,61,186,177,13339,40286,10,44,6,3,HTTPS,7,50,37,150,9,8,1,1,0,0,54,2,29.32,64.03,4,13,11,0,87,5,10,0.0866,4261,DELETE,1,26,1,BRUTE_FORCE
user-154,2026-09-28 09:10:33.169011,81,306,192,34914,30284,25,46,5,4,HTTPS,7,65,37,346,7,3,0,0,1,0,44,4,44.32,43.38,1,11,18,1,87,5,6,0.1915,2812,GET,1,44,1,BRUTE_FORCE
user-049,2026-09-28 09:11:33.169011,69,226,239,40480,35793,13,88,8,4,DNS,3,32,44,93,4,8,0,0,0,2,34,12,60.9,71.67,5,8,13,1,39,12,6,0.0867,3300,GET,0,21,1,BRUTE_FORCE
user-080,2026-09-28 09:12:33.169011,43,277,249,23383,19662,18,292,4,4,HTTPS,3,78,45,46,7,5,1,0,0,0,54,5,29.6,67.09,1,6,12,1,91,10,7,0.2197,4078,GET,1,10,1,BRUTE_FORCE
user-100,2026-09-28 09:13:33.169011,51,382,136,40769,37297,21,100,6,3,HTTPS,3,52,46,474,4,12,0,0,1,0,28,12,30.78,56.55,1,4,17,1,92,5,3,0.1047,2949,POST,2,31,1,BRUTE_FORCE
user-043,2026-09-28 09:14:33.169011,66,129,124,16661,13059,16,221,9,3,HTTP,7,22,44,132,5,7,1,0,0,0,52,7,29.83,43.46,4,17,19,1,87,12,10,0.142,675,POST,1,35,1,BRUTE_FORCE
user-003,2026-09-28 09:15:33.169011,79,145,284,24221,13465,21,259,9,4,HTTPS,3,75,47,31,4,12,0,1,0,2,39,7,31.88,64.19,2,15,10,1,56,9,4,0.2926,1741,PATCH,0,25,1,BRUTE_FORCE
user-166,2026-09-28 09:16:33.169011,79,255,293,41154,25375,9,198,7,4,TCP,8,26,44,96,9,12,0,0,0,2,34,3,30.33,44.08,0,6,6,1,40,14,12,0.2231,3204,POST,2,18,1,BRUTE_FORCE
user-122,2026-09-28 09:17:33.169011,65,285,190,39780,16046,16,152,3,1,SSH,2,80,51,334,7,12,1,1,0,1,34,14,44.99,65.77,5,7,13,2,86,3,10,0.2473,2862,GET,1,30,1,BRUTE_FORCE
user-125,2026-09-28 09:18:33.169011,37,329,150,29583,16535,18,287,8,4,HTTPS,6,42,22,31,7,5,0,1,0,1,42,14,19.6,69.63,4,16,19,0,94,5,6,0.3021,2396,POST,2,11,1,BRUTE_FORCE
user-120,2026-09-28 09:19:33.169011,34,332,89,40355,15030,12,135,3,2,SSH,2,51,16,310,6,5,0,0,0,2,45,9,53.53,39.95,6,13,19,1,64,12,3,0.1588,3236,POST,1,27,1,BRUTE_FORCE
user-092,2026-09-28 09:20:33.169011,69,271,92,22907,31542,19,270,3,5,HTTP,5,51,43,171,5,7,1,0,1,1,52,8,46.06,41.33,2,14,15,0,79,6,7,0.2414,1203,GET,2,27,1,BRUTE_FORCE
user-031,2026-09-28 09:21:33.169011,41,246,101,21422,46721,13,273,4,3,HTTPS,4,51,41,318,4,2,1,1,0,1,48,3,17.86,72.03,3,17,12,2,60,15,5,0.2089,2244,PUT,1,12,1,BRUTE_FORCE
user-042,2026-09-28 09:22:33.169011,36,373,164,39560,29137,10,50,3,3,SSH,4,42,22,71,3,7,1,1,0,0,40,11,48.62,46.38,1,14,8,1,50,6,8,0.1897,2431,POST,1,50,1,BRUTE_FORCE
user-047,2026-09-28 09:23:33.169011,79,353,135,39711,20711,10,203,9,5,HTTPS,3,60,60,134,2,8,1,0,0,1,48,9,57.44,34.75,1,10,8,0,59,14,10,0.1752,1101,GET,1,27,1,BRUTE_FORCE
user-067,2026-09-28 09:24:33.169011,48,115,173,11379,24362,24,66,8,4,HTTPS,7,66,47,214,1,11,0,0,1,0,38,7,50.94,43.4,1,13,18,1,93,4,6,0.3267,3216,POST,1,23,1,BRUTE_FORCE
user-073,2026-09-28 09:25:33.169011,61,265,170,27915,44506,20,153,4,5,HTTPS,6,62,20,38,6,5,0,0,0,0,58,12,29.81,72.85,1,10,18,0,22,6,7,0.2677,1348,GET,1,12,1,BRUTE_FORCE
user-125,2026-09-28 09:26:33.169011,65,119,236,40282,33179,16,143,6,2,HTTPS,3,43,25,379,9,9,0,1,0,1,33,11,27.48,39.72,3,7,6,1,54,9,9,0.2116,2138,PATCH,0,41,1,BRUTE_FORCE
user-157,2026-09-28 09:27:33.169011,70,355,86,26846,14912,23,280,9,2,HTTPS,7,80,15,91,4,8,1,0,0,1,36,11,39.88,59.69,5,4,5,0,63,15,7,0.0905,3622,POST,1,46,1,BRUTE_FORCE
user-189,2026-09-28 09:28:33.169011,83,358,258,8147,10199,17,292,8,4,SSH,3,69,29,194,7,10,0,0,0,2,44,7,27.44,37.92,1,13,10,2,28,14,10,0.1816,3512,POST,1,44,1,BRUTE_FORCE
user-111,2026-09-28 09:29:33.169011,49,261,334,25453,34768,15,207,3,2,DNS,4,57,59,140,1,6,0,0,0,0,37,6,32.72,72.99,2,14,11,0,64,6,10,0.2073,3785,POST,0,19,1,BRUTE_FORCE
user-137,2026-09-28 09:30:33.169011,55,127,329,22547,35158,11,78,8,2,TCP,7,35,54,91,4,6,0,0,1,0,53,14,34.96,44.26,0,13,5,0,76,5,7,0.2249,4292,GET,0,25,1,BRUTE_FORCE
user-178,2026-09-28 09:31:33.169011,85,140,329,12298,26240,28,276,8,5,DNS,7,74,23,326,2,3,1,0,0,0,40,11,51.12,61.93,1,9,9,0,66,3,6,0.1203,4370,POST,0,27,1,BRUTE_FORCE
user-083,2026-09-28 09:32:33.169011,32,90,115,32025,47696,9,234,9,3,HTTPS,8,74,58,446,3,4,1,0,0,1,37,13,29.91,58.15,4,16,19,1,65,14,5,0.2646,1591,PATCH,1,23,1,BRUTE_FORCE
user-104,2026-09-28 09:33:33.169011,57,327,106,40028,33106,22,295,8,2,HTTPS,8,56,30,96,5,6,1,0,1,2,38,8,64.89,40.13,5,12,15,2,19,8,3,0.3474,4376,GET,0,23,1,BRUTE_FORCE
user-006,2026-09-28 09:34:33.169011,75,237,105,10151,14704,20,181,5,3,HTTPS,4,51,47,188,5,8,1,1,1,3,45,10,23.43,37.22,5,13,14,0,46,13,10,0.3482,4120,PATCH,1,27,1,BRUTE_FORCE
user-126,2026-09-28 09:35:33.169011,35,116,100,8957,12795,29,218,3,4,DNS,3,52,19,407,5,11,1,1,1,2,44,2,28.55,64.66,4,10,11,1,53,7,10,0.2754,690,GET,1,15,1,BRUTE_FORCE
user-015,2026-09-28 09:36:33.169011,26,159,166,14368,49902,29,152,8,2,HTTP,6,76,52,440,5,6,0,0,1,1,58,1,51.12,42.74,3,7,19,1,65,10,3,0.255,2557,GET,2,42,1,BRUTE_FORCE
user-121,2026-09-28 09:37:33.169011,72,181,279,10447,47364,30,171,5,3,HTTPS,4,52,15,388,2,9,1,0,0,1,30,7,59.59,53.48,2,17,11,2,38,5,9,0.111,3135,POST,1,31,1,BRUTE_FORCE
user-070,2026-09-28 09:38:33.169011,55,258,319,19179,41029,14,95,4,1,HTTPS,6,58,43,360,6,11,0,0,1,0,37,13,60.93,69.89,1,6,14,1,98,7,4,0.2425,4625,POST,1,30,1,BRUTE_FORCE
user-156,2026-09-28 09:39:33.169011,32,164,329,38074,14140,11,100,9,4,HTTP,5,54,23,498,10,8,0,0,1,0,37,10,28.19,63.27,1,10,17,1,43,8,11,0.3356,4919,GET,2,44,1,BRUTE_FORCE
user-051,2026-09-28 09:40:33.169011,80,396,174,43244,45397,16,237,7,3,SSH,5,73,27,387,6,6,1,0,0,0,43,1,64.65,74.15,4,17,16,2,34,12,5,0.1328,3134,GET,2,16,1,BRUTE_FORCE
user-014,2026-09-28 09:41:33.169011,85,373,90,32602,38214,18,42,9,5,HTTP,5,35,29,291,7,8,0,0,0,1,55,10,55.24,53.4,3,12,12,1,22,10,6,0.0978,4984,GET,0,20,1,BRUTE_FORCE
user-188,2026-09-28 09:42:33.169011,74,336,179,26911,22943,11,171,6,1,DNS,4,32,58,63,4,8,1,0,0,2,39,1,25.32,41.27,0,18,14,2,97,4,7,0.2204,1404,GET,1,47,1,BRUTE_FORCE
user-168,2026-09-28 09:43:33.169011,82,219,110,13008,21059,14,84,4,5,TCP,5,39,21,168,2,6,1,0,1,0,53,10,48.24,44.48,6,6,9,1,24,12,9,0.2892,2548,GET,0,26,1,BRUTE_FORCE
user-185,2026-09-28 09:44:33.169011,27,182,266,31875,32158,23,105,8,1,HTTPS,3,42,25,116,8,7,0,0,0,0,36,7,58.12,40.25,5,16,5,2,40,10,9,0.3474,4281,GET,1,46,1,BRUTE_FORCE
user-139,2026-09-28 09:45:33.169011,87,142,253,22418,39194,30,248,2,5,HTTP,8,76,35,177,5,4,0,0,1,0,29,0,17.01,61.96,6,10,7,1,21,8,2,0.2818,4596,PATCH,0,37,1,BRUTE_FORCE
user-090,2026-09-28 09:46:33.169011,84,328,213,27667,16040,14,266,5,1,HTTPS,4,31,31,130,9,11,1,0,0,1,54,10,30.79,38.28,6,10,10,1,35,9,2,0.3487,1869,GET,1,12,1,BRUTE_FORCE
user-014,2026-09-28 09:47:33.169011,58,87,343,34727,37747,28,245,8,3,HTTPS,8,41,47,485,1,11,1,0,0,0,55,4,26.14,64.22,5,7,9,0,67,5,3,0.2457,3885,GET,1,25,1,BRUTE_FORCE
user-135,2026-09-28 09:48:33.169011,50,358,165,9757,17270,21,215,5,4,HTTPS,7,23,26,142,4,9,0,1,0,0,30,14,41.76,70.25,3,13,13,2,31,10,7,0.2457,4043,DELETE,2,45,1,BRUTE_FORCE
user-100,2026-09-28 09:49:33.169011,66,283,108,16455,37370,11,79,8,3,HTTPS,6,65,17,239,5,10,1,0,0,0,34,1,53.32,57.29,4,7,10,1,72,11,12,0.3143,4548,PUT,2,19,1,BRUTE_FORCE
user-144,2026-09-28 09:50:33.169011,58,217,117,37384,36795,29,256,3,4,HTTP,4,59,24,125,4,5,0,1,0,0,48,1,46.89,58.16,3,12,6,1,43,15,7,0.1071,3410,POST,1,11,1,BRUTE_FORCE
user-162,2026-09-28 09:51:33.169011,78,103,279,42853,49511,29,94,7,1,HTTPS,4,56,20,305,9,3,0,0,1,1,46,10,61.84,44.26,4,15,18,2,48,11,6,0.318,635,GET,0,42,1,BRUTE_FORCE
user-179,2026-09-28 09:52:33.169011,78,123,293,11760,44698,18,104,7,1,HTTPS,5,52,42,174,3,4,1,0,1,2,47,6,52.67,64.69,4,14,15,0,74,4,8,0.2195,4101,GET,2,29,1,BRUTE_FORCE
user-186,2026-09-28 09:53:33.169011,86,299,202,12833,31197,10,180,6,2,SSH,3,41,33,74,3,7,0,0,1,1,43,7,45.0,44.94,0,18,6,1,76,12,11,0.2877,1058,PATCH,2,27,1,BRUTE_FORCE
user-020,2026-09-28 09:54:33.169011,29,145,213,24293,47577,12,214,6,1,HTTPS,6,21,60,239,5,7,1,0,0,1,31,6,30.39,61.85,1,7,17,0,91,13,5,0.1059,3022,POST,1,17,1,BRUTE_FORCE
user-180,2026-09-28 09:55:33.169011,42,265,232,17256,47477,9,95,2,4,HTTPS,7,33,47,371,7,3,0,0,1,0,33,6,24.36,74.61,5,5,18,1,39,5,12,0.1988,4441,GET,1,30,1,BRUTE_FORCE
user-191,2026-09-28 09:56:33.169011,26,155,269,43379,32560,27,248,9,2,TCP,5,26,29,239,7,5,1,0,0,1,36,14,20.13,71.1,2,8,13,1,32,12,7,0.1434,2334,GET,0,30,1,BRUTE_FORCE
user-063,2026-09-28 09:57:33.169011,81,149,270,13024,41595,23,293,8,4,DNS,4,26,45,267,4,12,0,1,1,0,36,1,19.13,67.0,4,6,5,1,33,7,7,0.237,1028,GET,1,26,1,BRUTE_FORCE
user-083,2026-09-28 09:58:33.169011,65,348,237,28775,16074,14,67,4,2,HTTPS,7,46,36,359,2,9,1,0,1,0,53,4,45.47,62.43,5,7,11,1,32,12,7,0.2528,4419,GET,1,28,1,BRUTE_FORCE
user-161,2026-09-28 09:59:33.169011,83,233,235,35082,43961,27,69,10,4,DNS,4,42,59,492,4,9,1,0,0,0,43,0,19.43,62.93,4,9,18,1,24,8,3,0.1573,4189,GET,0,39,1,BRUTE_FORCE
user-124,2026-09-28 10:00:33.169011,26,101,306,22964,14835,23,60,4,1,HTTPS,5,78,48,398,9,3,0,0,0,3,41,1,52.94,65.83,5,5,13,2,21,11,7,0.2823,3418,GET,1,27,1,BRUTE_FORCE
user-107,2026-09-28 10:01:33.169011,81,224,241,44789,42412,22,289,7,3,TCP,3,28,36,430,2,6,1,0,0,1,48,0,60.42,63.6,5,7,10,1,93,10,6,0.2619,4368,GET,0,27,1,BRUTE_FORCE
user-076,2026-09-28 10:02:33.169011,88,224,215,21333,9806,17,265,3,1,TCP,6,25,26,303,10,11,0,0,1,0,56,9,63.02,50.63,4,15,5,2,20,3,9,0.1455,3134,GET,2,23,1,BRUTE_FORCE
user-035,2026-09-28 10:03:33.169011,80,249,131,30462,37533,23,251,7,3,DNS,3,76,51,79,9,7,1,0,0,2,37,6,20.79,45.8,5,5,6,1,42,5,7,0.2285,1186,POST,2,17,1,BRUTE_FORCE
user-014,2026-09-28 10:04:33.169011,81,179,189,39793,25345,10,30,5,4,HTTP,4,56,29,329,4,3,1,0,1,2,49,5,64.83,64.84,0,18,17,1,85,12,11,0.1868,2862,GET,1,47,1,BRUTE_FORCE
user-059,2026-09-28 10:05:33.169011,51,197,123,24818,28032,22,205,6,2,HTTPS,5,40,21,364,3,7,0,0,1,1,39,12,33.87,63.34,3,8,13,0,27,5,10,0.2504,4458,POST,1,37,1,BRUTE_FORCE
user-037,2026-09-28 10:06:33.169011,48,352,277,13421,13260,12,276,7,3,HTTPS,5,40,56,144,5,2,1,1,1,1,51,10,37.82,40.07,2,7,17,2,22,4,6,0.2274,4332,POST,1,16,1,BRUTE_FORCE
user-188,2026-09-28 10:07:33.169011,47,397,279,21617,31358,18,173,5,1,HTTP,5,40,46,55,3,5,0,0,0,2,42,4,49.03,53.7,4,13,18,1,70,14,12,0.3294,1660,GET,2,17,1,BRUTE_FORCE
user-060,2026-09-28 10:08:33.169011,68,209,207,43026,10658,18,65,5,5,TCP,3,23,19,83,2,6,0,0,1,0,42,11,36.93,73.09,6,11,9,2,76,9,6,0.2178,1850,GET,1,29,1,BRUTE_FORCE
user-182,2026-09-28 10:09:33.169011,51,188,150,33846,37594,27,149,3,4,SSH,6,59,48,165,9,8,1,0,0,0,31,10,27.28,55.27,6,5,12,1,64,11,12,0.273,4176,POST,1,44,1,BRUTE_FORCE
user-153,2026-09-28 10:10:33.169011,86,92,295,31709,19710,16,125,7,3,HTTP,3,58,33,357,3,8,0,0,0,1,46,7,44.51,30.64,3,11,5,1,54,12,3,0.2276,4328,POST,1,43,1,BRUTE_FORCE
user-144,2026-09-28 10:11:33.169011,37,184,275,39088,47002,10,60,10,2,HTTPS,3,42,55,484,10,12,0,0,0,1,35,4,60.71,41.75,3,17,18,1,86,8,12,0.1645,3640,GET,0,48,1,BRUTE_FORCE
user-099,2026-09-28 10:12:33.169011,58,153,156,23213,32278,11,284,2,4,SSH,5,24,52,281,7,4,0,1,1,1,47,5,44.87,58.86,2,10,16,2,72,9,9,0.2516,3125,POST,1,23,1,BRUTE_FORCE
user-019,2026-09-28 10:13:33.169011,69,229,343,38277,26139,28,124,9,4,SSH,5,57,13,474,6,12,1,0,1,0,44,8,45.41,73.3,6,8,6,1,91,11,3,0.3079,2577,GET,1,43,1,BRUTE_FORCE
user-046,2026-09-28 10:14:33.169011,43,128,206,31849,29852,17,65,10,2,TCP,8,35,57,134,6,7,0,0,0,1,48,8,57.4,73.9,0,5,15,1,16,11,9,0.2058,2274,PUT,0,13,1,BRUTE_FORCE
user-076,2026-09-28 10:15:33.169011,52,111,104,41326,19524,21,161,7,2,HTTPS,6,28,42,251,3,11,0,0,0,1,27,5,57.07,50.3,2,4,16,0,63,5,4,0.3083,2484,GET,0,32,1,BRUTE_FORCE
user-062,2026-09-28 10:16:33.169011,28,294,174,33549,40037,17,149,6,2,HTTP,5,20,45,265,2,6,1,0,0,0,33,8,28.44,71.3,3,7,15,2,28,5,4,0.2791,2883,GET,1,37,1,BRUTE_FORCE
user-034,2026-09-28 10:17:33.169011,60,383,245,43513,47899,28,124,5,4,HTTP,5,67,24,184,10,7,1,0,0,0,35,4,15.35,41.92,5,9,13,0,96,4,9,0.3033,2162,PATCH,0,41,1,BRUTE_FORCE
user-139,2026-09-28 10:18:33.169011,67,245,135,14405,20012,29,58,4,3,HTTP,5,34,36,288,5,8,0,0,0,0,45,5,33.44,74.44,3,15,5,1,58,6,9,0.2932,4591,GET,1,38,1,BRUTE_FORCE
user-171,2026-09-28 10:19:33.169011,74,132,84,44146,15229,20,194,5,2,HTTPS,6,45,45,133,5,6,1,0,1,1,47,10,50.23,56.99,4,16,14,1,24,7,4,0.1482,4771,PUT,2,20,1,BRUTE_FORCE
user-117,2026-09-28 10:20:33.169011,68,210,238,16662,14022,21,178,3,4,HTTP,6,40,18,449,1,7,1,0,1,0,51,2,56.35,74.45,6,7,9,1,77,6,7,0.1486,3296,GET,1,26,1,BRUTE_FORCE
user-137,2026-09-28 10:21:33.169011,66,311,96,37235,23060,29,291,5,4,TCP,3,55,52,491,10,6,1,0,0,0,33,9,19.13,36.0,1,16,16,1,93,9,9,0.2668,3070,GET,2,27,1,BRUTE_FORCE
user-190,2026-09-28 10:22:33.169011,59,112,272,38435,23510,28,141,4,3,SSH,6,30,50,52,8,12,0,1,0,1,45,8,28.65,63.77,4,10,6,2,17,13,6,0.0853,4288,POST,2,13,1,BRUTE_FORCE
user-175,2026-09-28 10:23:33.169011,50,126,115,34079,42512,25,77,9,3,TCP,4,48,59,201,9,5,0,1,0,0,55,2,17.14,39.82,5,12,11,1,50,4,7,0.1236,3905,POST,1,37,1,BRUTE_FORCE
user-102,2026-09-28 10:24:33.169011,45,152,174,31440,31907,22,208,9,3,HTTPS,5,52,23,457,2,8,0,0,0,0,55,4,36.92,67.68,6,10,8,1,82,12,8,0.3444,3400,POST,2,35,1,BRUTE_FORCE
user-032,2026-09-28 10:25:33.169011,41,306,229,37847,30153,22,235,7,1,TCP,3,54,36,220,4,10,0,0,0,1,38,5,32.31,57.96,5,6,14,2,58,8,5,0.1438,4486,GET,0,22,1,BRUTE_FORCE
user-114,2026-09-28 10:26:33.169011,43,95,262,21350,43501,16,286,9,3,HTTPS,5,61,18,195,7,8,0,0,1,0,43,14,36.42,71.72,4,6,8,1,90,3,12,0.2173,2872,GET,0,20,1,BRUTE_FORCE
user-188,2026-09-28 10:27:33.169011,50,341,209,41027,37104,15,84,7,5,HTTP,2,61,47,104,6,8,0,0,0,1,30,12,40.48,73.12,6,18,11,1,64,13,8,0.0883,2900,PUT,0,10,1,BRUTE_FORCE
user-124,2026-09-28 10:28:33.169011,50,291,265,36168,43313,11,131,8,2,DNS,4,74,29,467,7,5,0,0,0,2,49,8,34.87,64.6,2,5,5,1,99,3,5,0.2002,4727,GET,1,47,1,BRUTE_FORCE
user-088,2026-09-28 10:29:33.169011,35,321,262,22318,34018,17,49,5,2,HTTPS,6,35,49,152,6,11,1,0,0,0,38,11,53.7,37.11,1,16,20,1,80,13,4,0.2524,3558,POST,1,44,1,BRUTE_FORCE
user-040,2026-09-28 10:30:33.169011,89,257,317,41329,35920,14,194,9,2,SSH,7,48,58,104,9,9,0,0,1,1,32,14,61.4,38.25,0,17,5,1,27,13,8,0.1376,3488,GET,2,49,1,BRUTE_FORCE
user-066,2026-09-28 10:31:33.169011,49,225,319,28325,25961,21,250,8,2,HTTP,5,48,59,197,8,11,1,1,0,1,46,0,56.77,71.04,4,8,13,2,63,7,5,0.1229,1749,GET,2,45,1,BRUTE_FORCE
user-006,2026-09-28 10:32:33.169011,66,254,173,38604,27100,16,261,9,1,HTTPS,3,80,48,186,6,11,0,0,0,0,31,3,56.19,70.02,4,7,5,2,98,14,10,0.3253,1076,POST,1,29,1,BRUTE_FORCE
user-004,2026-09-28 10:33:33.169011,43,335,259,44875,10897,24,128,9,3,TCP,3,36,53,479,7,7,1,0,0,1,49,14,62.08,36.24,6,15,6,1,99,4,5,0.224,3721,GET,0,15,1,BRUTE_FORCE
user-179,2026-09-28 10:34:33.169011,74,108,234,32825,40166,13,100,5,5,SSH,4,75,24,123,4,11,0,0,0,0,42,14,57.24,73.29,0,11,16,2,30,10,11,0.0979,2688,PUT,1,18,1,BRUTE_FORCE
user-163,2026-09-28 10:35:33.169011,44,217,228,42843,25105,15,135,4,4,HTTPS,3,56,39,261,5,10,0,1,1,3,49,2,15.47,49.47,5,5,19,2,31,9,8,0.2712,2904,GET,0,27,1,BRUTE_FORCE
user-073,2026-09-28 10:36:33.169011,25,331,236,24188,17986,9,40,5,4,DNS,7,60,43,401,10,11,1,1,0,0,44,0,37.77,65.56,5,15,14,2,46,9,2,0.3342,1857,POST,2,35,1,BRUTE_FORCE
user-128,2026-09-28 10:37:33.169011,79,96,164,11707,33972,9,108,6,3,TCP,3,48,48,438,7,8,1,1,1,1,36,11,25.55,34.01,2,14,10,1,48,14,11,0.3241,3393,GET,0,19,1,BRUTE_FORCE
user-085,2026-09-28 10:38:33.169011,83,376,301,30119,22976,8,42,6,3,HTTPS,7,56,26,496,1,11,0,0,0,1,32,3,20.13,30.3,1,17,12,2,66,8,6,0.3404,1457,GET,1,11,1,BRUTE_FORCE
user-116,2026-09-28 10:39:33.169011,72,214,219,11019,42026,24,130,8,4,HTTP,6,27,41,369,9,11,0,1,0,0,41,7,60.96,54.92,3,8,7,0,64,12,5,0.2506,2295,POST,2,28,1,BRUTE_FORCE
user-198,2026-09-28 10:40:33.169011,76,247,336,11332,27990,18,165,2,2,HTTPS,6,24,28,59,9,6,1,0,0,1,57,13,26.1,60.8,1,12,16,2,100,8,11,0.2214,944,GET,1,22,1,BRUTE_FORCE
user-091,2026-09-28 10:41:33.169011,46,283,192,21981,15419,30,195,5,4,TCP,4,29,53,445,9,9,0,0,0,1,32,12,49.71,65.2,5,6,11,1,32,10,11,0.335,3403,POST,1,21,1,BRUTE_FORCE
user-016,2026-09-28 10:42:33.169011,59,378,92,41414,47311,27,192,6,4,HTTP,6,58,34,353,3,9,0,0,0,0,49,10,35.85,52.14,5,16,14,1,47,13,6,0.2055,3823,GET,2,26,1,BRUTE_FORCE
user-175,2026-09-28 10:43:33.169011,25,278,338,14279,49407,13,116,6,5,HTTPS,5,41,17,441,9,9,0,0,0,0,51,13,23.19,68.13,2,17,12,0,36,15,5,0.2511,4261,GET,1,11,1,BRUTE_FORCE
user-121,2026-09-28 10:44:33.169011,47,199,163,44017,26097,23,257,7,2,SSH,5,39,36,461,10,4,1,0,1,0,37,12,64.32,33.05,1,9,5,2,25,3,5,0.1989,4372,GET,1,12,1,BRUTE_FORCE
user-183,2026-09-28 10:45:33.169011,56,277,225,39842,37966,14,251,7,4,HTTPS,4,79,22,376,2,9,0,0,1,0,31,10,38.19,32.89,2,8,7,1,51,12,7,0.1724,3079,POST,1,50,1,BRUTE_FORCE
user-058,2026-09-28 10:46:33.169011,84,208,203,43349,34346,8,206,3,4,HTTPS,6,24,12,150,7,7,0,0,0,0,34,13,42.32,44.13,0,13,12,2,94,10,11,0.2468,1023,POST,1,45,1,BRUTE_FORCE
user-123,2026-09-28 10:47:33.169011,88,83,192,27223,46822,12,86,4,4,SSH,7,37,52,319,1,5,0,1,1,0,50,9,41.63,63.51,4,7,15,1,39,6,6,0.1863,3495,GET,1,36,1,BRUTE_FORCE
user-068,2026-09-28 10:48:33.169011,50,221,239,9292,46042,22,167,4,3,HTTPS,6,33,56,251,3,11,1,0,1,0,50,13,30.71,33.17,2,15,9,2,24,5,7,0.3192,3680,GET,2,18,1,BRUTE_FORCE
user-197,2026-09-28 10:49:33.169011,59,122,120,16476,12816,11,72,4,3,HTTPS,3,35,40,105,3,3,0,1,0,1,48,7,62.44,50.27,4,12,14,0,58,6,5,0.1543,4894,DELETE,1,31,1,BRUTE_FORCE
user-161,2026-09-28 10:50:33.169011,25,262,188,32197,41778,15,140,6,3,DNS,5,77,34,69,9,4,0,0,0,1,45,0,39.01,61.13,5,9,12,0,38,14,11,0.1233,1459,GET,1,28,1,BRUTE_FORCE
user-113,2026-09-28 10:51:33.169011,82,247,166,31301,17521,20,156,6,2,HTTP,5,53,20,403,8,8,1,0,0,0,59,1,51.33,40.7,4,12,20,0,76,13,2,0.1561,2621,GET,1,36,1,BRUTE_FORCE
user-110,2026-09-28 10:52:33.169011,36,109,164,28759,13220,26,83,8,3,HTTPS,8,74,42,259,6,10,0,0,1,1,37,11,48.68,61.31,4,4,18,2,33,14,2,0.1627,1326,PUT,0,32,1,BRUTE_FORCE
user-010,2026-09-28 10:53:33.169011,39,209,91,18806,45937,18,219,10,5,TCP,8,41,19,185,6,3,0,0,1,0,47,11,23.57,60.73,5,9,6,1,32,13,4,0.2292,4857,GET,1,37,1,BRUTE_FORCE
user-080,2026-09-28 10:54:33.169011,61,148,99,26125,34625,24,97,9,1,HTTPS,6,32,31,378,4,10,1,0,0,0,25,6,15.09,63.06,5,10,20,1,20,8,11,0.1642,1622,GET,2,32,1,BRUTE_FORCE
user-137,2026-09-28 10:55:33.169011,89,149,124,26978,18346,13,167,7,1,HTTPS,4,37,34,52,3,7,1,0,1,0,28,8,33.03,57.23,5,5,18,1,89,9,11,0.2637,954,GET,0,28,1,BRUTE_FORCE
user-051,2026-09-28 10:56:33.169011,56,133,178,36589,37382,16,109,8,3,HTTPS,3,67,30,396,3,2,0,0,1,1,39,10,16.41,57.14,5,8,19,1,30,14,9,0.0908,1371,GET,2,16,1,BRUTE_FORCE
user-036,2026-09-28 10:57:33.169011,32,107,327,31257,24068,30,160,4,3,HTTPS,6,71,29,35,2,5,0,1,0,0,43,8,63.49,64.24,3,14,7,1,74,5,9,0.1092,4068,POST,0,33,1,BRUTE_FORCE
user-036,2026-09-28 10:58:33.169011,48,343,246,23388,16143,23,160,8,2,HTTP,7,37,48,135,9,6,1,1,0,2,36,9,60.74,36.65,4,15,18,2,20,12,3,0.1906,1515,GET,0,22,1,BRUTE_FORCE
user-070,2026-09-28 10:59:33.169011,58,228,319,21244,48489,28,280,5,3,HTTPS,2,53,40,224,4,10,0,0,0,0,35,14,61.15,59.22,3,6,9,1,84,5,9,0.219,621,GET,1,22,1,BRUTE_FORCE
user-099,2026-09-28 11:00:33.169011,74,244,219,32521,37958,28,188,7,2,DNS,4,27,60,492,6,6,1,1,1,1,51,4,24.76,68.9,0,9,7,1,87,13,8,0.1946,4652,GET,1,14,1,BRUTE_FORCE
user-180,2026-09-28 11:01:33.169011,30,340,117,36649,49588,27,91,9,1,TCP,4,71,27,320,7,11,1,0,1,1,38,1,28.45,53.75,1,16,17,2,74,5,11,0.2278,2248,PATCH,2,39,1,BRUTE_FORCE
user-036,2026-09-28 11:02:33.169011,76,263,94,28300,35728,13,171,9,4,HTTPS,4,28,14,410,4,12,1,1,1,0,39,4,47.91,45.79,0,12,8,0,31,14,6,0.2298,2842,GET,1,44,1,BRUTE_FORCE
user-150,2026-09-28 11:03:33.169011,52,119,101,13222,32207,20,153,5,3,TCP,4,25,40,364,9,9,1,1,0,0,39,6,19.49,52.55,5,16,16,1,64,7,4,0.2333,3929,GET,0,40,1,BRUTE_FORCE
user-094,2026-09-28 11:04:33.169011,65,249,280,28484,43058,10,152,10,3,HTTPS,3,54,59,222,9,7,0,1,0,1,30,5,60.63,74.02,0,10,5,1,49,12,3,0.1708,3756,DELETE,1,12,1,BRUTE_FORCE
user-027,2026-09-28 11:05:33.169011,49,350,82,30432,49229,12,148,10,4,HTTPS,4,49,48,164,4,6,0,1,1,1,46,9,40.74,39.59,2,18,14,0,92,4,6,0.1271,4652,GET,0,34,1,BRUTE_FORCE
user-064,2026-09-28 11:06:33.169011,38,311,148,35031,46823,12,285,3,3,SSH,6,64,36,102,3,11,0,0,0,0,32,14,45.22,37.94,0,13,16,0,88,5,7,0.1024,1111,GET,2,37,1,BRUTE_FORCE
user-178,2026-09-28 11:07:33.169011,37,129,165,32010,26862,27,231,3,3,DNS,3,35,19,445,5,3,0,0,1,0,50,2,35.62,36.55,5,5,11,1,59,8,4,0.2041,1963,GET,0,42,1,BRUTE_FORCE
user-124,2026-09-28 11:08:33.169011,47,275,122,10459,14802,15,158,3,4,SSH,7,65,58,444,7,10,0,1,0,1,45,11,50.29,37.49,1,12,15,1,99,7,8,0.1294,4782,GET,2,30,1,BRUTE_FORCE
user-194,2026-09-28 11:09:33.169011,38,179,267,17123,36247,14,162,5,5,HTTPS,8,55,19,85,4,7,1,0,1,2,47,13,45.6,70.94,4,7,10,1,58,4,10,0.2992,4831,GET,1,24,1,BRUTE_FORCE
user-195,2026-09-28 11:10:33.169011,59,291,266,35540,47300,15,118,3,3,HTTPS,7,50,16,61,6,6,1,0,0,1,36,2,48.29,32.44,2,9,8,1,18,3,5,0.1031,3506,POST,2,19,1,BRUTE_FORCE
user-002,2026-09-28 11:11:33.169011,27,382,218,13545,15948,16,115,7,1,HTTPS,6,26,41,277,7,11,0,1,1,0,47,4,36.12,72.9,2,8,10,1,63,7,12,0.2749,4535,DELETE,1,26,1,BRUTE_FORCE
user-066,2026-09-28 11:12:33.169011,54,374,248,33400,9022,15,46,8,3,DNS,3,44,25,196,7,6,0,0,1,0,40,3,61.57,51.75,2,11,8,0,20,5,2,0.1575,1251,GET,0,12,1,BRUTE_FORCE
user-193,2026-09-28 11:13:33.169011,71,350,113,33259,18246,16,60,6,3,HTTPS,7,29,52,129,9,12,1,0,1,0,47,2,58.04,38.21,0,9,20,0,27,8,6,0.1611,835,POST,1,29,1,BRUTE_FORCE
user-114,2026-09-28 11:14:33.169011,71,103,299,16755,27396,12,176,8,2,HTTPS,7,68,37,168,2,2,0,0,0,0,40,2,43.62,53.13,4,18,16,2,53,5,10,0.2958,4341,GET,0,13,1,BRUTE_FORCE
user-154,2026-09-28 11:15:33.169011,61,113,140,22373,37915,17,124,8,2,DNS,6,68,14,369,7,6,0,1,1,0,30,1,54.97,62.3,2,6,16,2,22,7,8,0.1853,703,GET,0,12,1,BRUTE_FORCE
user-150,2026-09-28 11:16:33.169011,52,99,221,13731,28735,22,55,8,5,SSH,6,79,25,197,4,8,1,1,1,0,51,5,20.04,48.36,0,9,5,0,71,13,8,0.3188,2639,GET,2,26,1,BRUTE_FORCE
user-130,2026-09-28 11:17:33.169011,36,324,200,11089,40611,17,114,6,4,TCP,5,73,56,109,8,9,0,0,0,1,49,9,29.16,44.03,4,6,19,1,70,13,5,0.1254,3940,POST,2,11,1,BRUTE_FORCE
user-133,2026-09-28 11:18:33.169011,73,233,244,27689,31685,19,282,7,1,HTTPS,7,45,53,172,6,9,0,1,0,0,42,9,33.32,37.33,6,9,8,1,28,11,6,0.0829,2988,GET,2,44,1,BRUTE_FORCE
user-072,2026-09-28 11:19:33.169011,28,164,86,33267,40671,15,65,5,5,HTTPS,7,47,59,148,4,10,1,0,1,0,37,8,34.13,57.0,4,14,6,1,89,6,6,0.2886,2371,PATCH,1,12,1,BRUTE_FORCE
user-169,2026-09-28 11:20:33.169011,48,324,154,25703,44336,12,292,5,3,SSH,4,76,44,371,8,4,1,0,0,0,45,10,41.47,33.18,4,13,15,1,24,14,10,0.1961,706,POST,2,48,1,BRUTE_FORCE
user-044,2026-09-28 11:21:33.169011,37,244,174,31429,38686,17,174,7,4,TCP,4,61,13,370,4,11,0,0,1,0,30,10,18.59,61.87,6,10,18,2,79,7,5,0.1021,1164,GET,2,35,1,BRUTE_FORCE
user-195,2026-09-28 11:22:33.169011,89,108,268,20384,19148,16,201,7,2,DNS,7,35,39,460,9,7,1,0,0,0,51,14,42.42,57.75,1,5,15,2,28,10,4,0.1905,4232,PUT,1,29,1,BRUTE_FORCE
user-058,2026-09-28 11:23:33.169011,29,255,276,8341,21664,25,31,8,3,HTTPS,5,56,36,133,2,8,1,0,0,0,38,7,17.79,38.48,1,16,14,1,71,11,5,0.1597,2209,GET,1,19,1,BRUTE_FORCE
user-015,2026-09-28 11:24:33.169011,40,323,133,23157,10920,16,181,6,5,SSH,6,53,24,120,9,9,0,1,1,4,35,9,55.47,67.02,5,14,12,1,36,9,5,0.2318,2027,GET,0,23,1,BRUTE_FORCE
user-107,2026-09-28 11:25:33.169011,54,309,125,28730,32759,28,80,10,3,HTTP,8,26,21,279,9,9,0,1,0,0,38,9,58.08,39.84,0,17,7,2,90,6,6,0.263,1739,GET,0,42,1,BRUTE_FORCE
user-147,2026-09-28 11:26:33.169011,57,307,281,11138,9689,11,93,10,2,HTTPS,3,48,29,110,3,4,0,0,0,1,44,14,56.98,68.65,6,9,13,1,88,6,4,0.3055,774,GET,1,28,1,BRUTE_FORCE
user-093,2026-09-28 11:27:33.169011,86,329,332,27027,49824,12,37,4,1,HTTPS,4,53,47,218,2,7,1,0,1,0,40,12,28.85,40.14,6,18,18,1,37,13,11,0.1183,3844,POST,2,35,1,BRUTE_FORCE
user-163,2026-09-28 11:28:33.169011,76,132,319,14626,31888,13,106,2,4,DNS,4,55,55,59,6,3,0,1,1,1,43,8,47.08,44.97,2,5,19,1,74,11,8,0.105,2676,GET,1,13,1,BRUTE_FORCE
user-087,2026-09-28 11:29:33.169011,35,155,284,27537,21007,17,252,4,3,HTTPS,2,34,33,257,1,2,1,0,1,0,55,0,27.97,66.75,2,14,12,1,17,4,3,0.1486,3004,GET,1,42,1,BRUTE_FORCE
user-076,2026-09-28 11:30:33.169011,28,298,188,14099,15087,27,209,7,1,DNS,3,68,41,124,4,2,0,1,1,1,46,5,44.02,47.19,5,4,14,0,51,10,6,0.2959,3956,POST,2,24,1,BRUTE_FORCE
user-165,2026-09-28 11:31:33.169011,79,251,111,41165,42802,14,243,5,5,HTTPS,6,32,40,399,9,7,0,0,0,0,31,14,23.05,44.55,1,14,19,0,46,4,6,0.0942,4516,GET,0,44,1,BRUTE_FORCE
user-128,2026-09-28 11:32:33.169011,51,113,235,21597,19126,12,76,7,1,HTTPS,2,49,50,146,7,4,0,0,0,1,39,4,19.83,64.04,2,15,8,2,58,15,3,0.2636,3098,POST,1,45,1,BRUTE_FORCE
user-141,2026-09-28 11:33:33.169011,38,354,302,27823,12332,27,154,2,4,HTTP,8,62,46,146,4,2,0,0,0,0,25,9,23.47,36.74,2,16,12,1,33,15,11,0.347,2151,GET,0,21,1,BRUTE_FORCE
user-052,2026-09-28 11:34:33.169011,53,217,316,43433,49275,24,79,10,2,DNS,3,29,17,88,3,12,0,0,1,0,33,14,46.49,38.56,1,11,17,1,85,10,7,0.1689,937,PATCH,2,14,1,BRUTE_FORCE
user-119,2026-09-28 11:35:33.169011,37,294,125,8859,35523,27,48,6,3,HTTPS,4,40,25,100,8,8,1,0,1,0,29,6,18.24,60.47,2,12,8,2,72,7,10,0.0889,2951,POST,1,22,1,BRUTE_FORCE
user-124,2026-09-28 11:36:33.169011,40,366,155,19648,35561,12,283,3,2,TCP,6,55,31,229,5,3,1,0,0,1,41,10,48.82,45.26,1,16,12,1,32,11,2,0.1271,3475,PUT,1,20,1,BRUTE_FORCE
user-052,2026-09-28 11:37:33.169011,50,257,248,12266,11548,19,214,5,4,HTTPS,7,50,19,206,6,12,0,0,0,0,45,13,26.38,69.5,4,18,16,1,28,11,4,0.1239,1077,GET,2,19,1,BRUTE_FORCE
user-132,2026-09-28 11:38:33.169011,90,244,156,35927,9476,14,158,5,4,HTTP,4,30,57,243,3,9,0,1,1,0,60,3,42.27,65.76,1,4,8,1,53,9,9,0.1353,4764,GET,1,45,1,BRUTE_FORCE
user-076,2026-09-28 11:39:33.169011,44,363,286,14900,40999,12,218,9,4,HTTPS,7,69,46,384,6,5,0,0,1,0,28,13,24.12,33.61,4,12,18,1,42,3,12,0.236,1729,DELETE,0,15,1,BRUTE_FORCE
user-145,2026-09-28 11:40:33.169011,62,109,200,34821,31184,21,41,6,2,DNS,4,78,50,145,9,2,1,0,0,1,55,13,47.67,51.3,4,9,15,1,93,11,3,0.1218,3574,GET,1,22,1,BRUTE_FORCE
user-150,2026-09-28 11:41:33.169011,72,372,161,28897,39402,24,183,5,2,TCP,3,63,32,321,3,9,0,1,1,1,38,5,53.18,67.76,6,11,10,1,52,11,8,0.2861,830,GET,1,41,1,BRUTE_FORCE
user-132,2026-09-28 11:42:33.169011,57,369,187,16836,27353,21,202,3,2,HTTPS,7,58,28,457,2,3,1,0,1,0,46,13,37.61,50.86,3,8,19,0,84,4,12,0.2756,783,POST,0,25,1,BRUTE_FORCE
user-002,2026-09-28 11:43:33.169011,56,282,159,35503,23813,30,97,6,4,HTTP,7,30,33,52,3,2,0,0,0,0,33,13,17.56,47.47,1,14,17,0,46,10,9,0.1487,3250,GET,0,10,1,BRUTE_FORCE
user-042,2026-09-28 11:44:33.169011,50,100,157,40962,17520,18,237,7,3,HTTPS,4,45,42,399,4,8,1,0,0,0,49,13,46.6,36.26,5,16,11,1,59,5,4,0.2946,4696,POST,1,35,1,BRUTE_FORCE
user-144,2026-09-28 11:45:33.169011,68,148,316,40596,10332,13,82,9,2,TCP,5,54,26,490,2,11,0,0,1,1,38,14,36.4,67.04,4,17,19,2,75,4,8,0.3477,4344,GET,0,29,1,BRUTE_FORCE
user-081,2026-09-28 11:46:33.169011,63,212,296,25989,17058,21,134,6,5,HTTP,6,73,36,454,4,8,0,1,1,1,42,14,23.07,44.21,0,6,5,1,93,15,9,0.3013,4045,POST,0,39,1,BRUTE_FORCE
user-194,2026-09-28 11:47:33.169011,48,264,159,38189,24985,21,141,4,1,DNS,8,48,27,135,2,9,0,0,0,0,48,2,36.11,70.9,2,11,8,0,77,13,3,0.2036,1586,PUT,2,28,1,BRUTE_FORCE
user-050,2026-09-28 11:48:33.169011,89,223,109,17020,25461,16,206,7,1,HTTPS,2,65,33,177,9,7,0,0,0,1,28,14,17.66,61.81,1,6,19,1,69,4,5,0.2251,2736,GET,0,36,1,BRUTE_FORCE
user-031,2026-09-28 11:49:33.169011,69,126,128,37916,19372,15,121,5,3,SSH,8,62,55,287,9,7,1,1,1,2,53,14,26.1,54.96,6,5,8,2,65,14,3,0.2437,1270,PUT,2,12,1,BRUTE_FORCE
user-031,2026-09-28 11:50:33.169011,68,380,297,13894,32508,20,162,2,2,SSH,5,40,14,228,3,7,0,0,0,0,47,6,51.45,59.63,3,13,17,2,20,4,3,0.3384,3329,GET,1,20,1,BRUTE_FORCE
user-151,2026-09-28 11:51:33.169011,53,147,149,20990,39230,18,299,5,4,DNS,8,44,32,201,8,10,1,0,0,0,47,0,53.21,71.32,1,17,17,2,87,13,3,0.2127,3979,PATCH,2,31,1,BRUTE_FORCE
user-066,2026-09-28 11:52:33.169011,31,350,330,16599,41021,27,140,8,1,HTTPS,6,21,45,169,5,12,1,0,1,1,50,11,18.72,66.77,0,16,18,1,78,12,4,0.2593,2538,GET,2,36,1,BRUTE_FORCE
user-017,2026-09-28 11:53:33.169011,60,88,291,8901,33172,16,182,2,5,HTTPS,8,23,29,294,9,10,0,1,1,0,35,0,47.04,36.98,4,15,18,2,72,13,7,0.3025,1833,GET,2,24,1,BRUTE_FORCE
user-196,2026-09-28 11:54:33.169011,43,294,199,8193,20673,9,223,2,4,DNS,5,30,55,476,7,11,1,1,0,1,33,12,44.47,57.67,4,9,17,0,45,10,7,0.1464,3783,GET,0,20,1,BRUTE_FORCE
user-061,2026-09-28 11:55:33.169011,37,299,253,19746,11964,22,236,9,3,HTTP,5,50,60,307,8,11,1,0,0,1,47,3,17.21,57.99,5,17,14,2,20,13,6,0.2708,4873,PUT,1,23,1,BRUTE_FORCE
user-196,2026-09-28 11:56:33.169011,44,340,139,11785,49831,28,229,10,4,HTTPS,6,62,54,102,10,4,0,0,0,1,53,12,32.3,64.84,5,9,10,0,47,7,10,0.2248,715,GET,2,22,1,BRUTE_FORCE
user-069,2026-09-28 11:57:33.169011,82,181,348,34498,39654,21,115,8,3,HTTPS,3,39,12,361,9,2,0,1,0,1,35,7,30.22,60.07,2,7,11,0,81,9,10,0.2568,2505,POST,1,33,1,BRUTE_FORCE
user-190,2026-09-28 11:58:33.169011,45,179,128,13436,16108,12,96,2,2,HTTPS,3,21,47,159,9,4,0,0,0,0,39,5,36.22,59.15,4,15,6,1,40,12,4,0.1426,2618,GET,1,23,1,BRUTE_FORCE
user-130,2026-09-28 11:59:33.169011,74,278,276,36949,10131,24,186,8,3,SSH,7,78,33,114,3,2,0,1,0,0,33,6,35.23,43.08,0,12,19,2,80,8,3,0.1952,3383,GET,2,44,1,BRUTE_FORCE
user-104,2026-09-28 12:00:33.169011,67,205,240,13069,18270,22,196,4,2,HTTPS,5,35,57,366,2,3,1,0,0,1,50,0,23.68,51.39,4,7,5,0,31,13,9,0.0948,3245,GET,1,45,1,BRUTE_FORCE
user-047,2026-09-28 12:01:33.169011,29,316,106,29384,33023,9,228,5,3,HTTP,5,58,37,123,6,10,0,1,1,1,36,10,58.0,59.54,3,13,18,0,99,10,10,0.2741,1533,GET,2,48,1,BRUTE_FORCE
user-047,2026-09-28 12:02:33.169011,86,164,256,32261,46496,25,88,5,3,HTTPS,8,32,50,126,7,2,0,0,1,1,40,11,46.36,55.38,1,16,7,1,39,6,8,0.2033,2335,PUT,2,23,1,BRUTE_FORCE
user-161,2026-09-28 12:03:33.169011,29,125,104,42164,12778,9,111,9,4,HTTPS,5,27,12,65,4,6,1,0,0,0,39,6,38.54,45.63,1,9,20,2,92,14,7,0.1904,4051,GET,1,35,1,BRUTE_FORCE
user-060,2026-09-28 12:04:33.169011,26,368,188,30026,46264,14,56,4,3,TCP,7,36,48,123,10,8,0,0,0,0,34,0,56.48,44.54,5,10,13,1,59,6,6,0.2147,1451,POST,0,32,1,BRUTE_FORCE
user-199,2026-09-28 12:05:33.169011,37,196,195,40117,37180,20,276,4,1,HTTP,2,37,40,379,5,5,0,0,0,0,49,5,62.74,56.08,4,8,5,1,43,11,6,0.1243,4565,PATCH,1,31,1,BRUTE_FORCE
user-049,2026-09-28 12:06:33.169011,87,279,100,43558,44396,13,270,5,5,SSH,4,24,15,415,5,7,0,0,0,0,26,9,57.08,68.9,4,9,17,2,44,11,4,0.2905,4307,GET,0,41,1,BRUTE_FORCE
user-198,2026-09-28 12:07:33.169011,46,96,281,16396,14485,22,52,5,3,HTTPS,7,41,46,448,6,10,1,0,1,0,52,9,43.43,53.17,1,12,20,1,23,9,6,0.196,4329,GET,1,28,1,BRUTE_FORCE
user-050,2026-09-28 12:08:33.169011,75,340,105,26856,39019,26,296,7,5,HTTPS,3,42,55,419,7,10,0,1,0,0,28,9,44.76,57.71,5,12,9,1,45,12,7,0.3151,2745,GET,2,44,1,BRUTE_FORCE
user-156,2026-09-28 12:09:33.169011,57,344,240,31171,13368,30,69,6,1,HTTPS,5,58,19,288,3,10,0,1,1,0,28,9,24.9,68.64,3,7,13,1,78,9,4,0.3011,1348,PATCH,1,45,1,BRUTE_FORCE
user-147,2026-09-28 12:10:33.169011,53,370,177,29540,24589,18,62,4,1,HTTPS,4,36,31,87,4,9,1,1,0,0,54,14,43.95,71.12,2,13,19,1,68,15,3,0.1834,4766,POST,2,16,1,BRUTE_FORCE
user-042,2026-09-28 12:11:33.169011,28,361,115,20989,11014,24,146,5,3,HTTPS,3,50,18,56,9,12,1,1,0,1,52,12,32.51,73.45,4,5,13,0,80,13,3,0.2115,2399,POST,1,32,1,BRUTE_FORCE
user-046,2026-09-28 12:12:33.169011,58,200,235,11137,20842,11,61,9,2,HTTPS,3,42,21,90,8,4,0,0,0,0,46,4,20.07,61.38,4,12,20,1,22,6,2,0.2979,3497,DELETE,1,41,1,BRUTE_FORCE
user-144,2026-09-28 12:13:33.169011,81,168,290,25626,22194,10,241,3,4,HTTPS,6,72,38,61,6,5,1,0,0,1,31,4,34.47,71.33,2,7,11,0,88,14,9,0.1758,4894,POST,1,29,1,BRUTE_FORCE
user-111,2026-09-28 12:14:33.169011,64,83,266,9216,41269,18,225,7,3,HTTPS,8,73,46,316,4,3,0,1,0,0,32,10,27.49,33.55,1,15,16,1,61,13,4,0.2379,1659,POST,1,45,1,BRUTE_FORCE
user-156,2026-09-28 12:15:33.169011,83,305,216,13529,12035,15,292,2,3,HTTPS,5,70,18,497,4,2,1,0,1,0,41,0,38.81,30.87,0,4,9,1,17,4,11,0.1586,4488,POST,1,41,1,BRUTE_FORCE
user-089,2026-09-28 12:16:33.169011,45,133,97,20484,49610,21,96,2,4,HTTPS,7,45,24,436,10,7,0,0,0,1,47,14,29.86,31.31,3,10,14,1,75,6,5,0.2455,1214,POST,2,28,1,BRUTE_FORCE
user-153,2026-09-28 12:17:33.169011,70,191,113,16885,34545,27,189,3,1,TCP,2,39,52,397,9,6,1,0,0,0,43,13,47.16,43.9,4,5,9,0,37,3,10,0.1866,3483,POST,0,37,1,BRUTE_FORCE
user-129,2026-09-28 12:18:33.169011,63,172,253,40372,34681,18,61,3,2,HTTPS,5,58,59,342,4,4,1,0,0,0,40,8,60.5,62.51,4,9,13,1,93,11,7,0.0806,2551,POST,0,44,1,BRUTE_FORCE
user-177,2026-09-28 12:19:33.169011,57,224,249,17807,47201,23,275,9,1,TCP,6,61,35,215,4,3,0,0,0,0,30,13,42.44,69.63,3,16,7,2,40,10,9,0.2521,2420,GET,1,33,1,BRUTE_FORCE
user-172,2026-09-28 12:20:33.169011,45,365,208,18251,10326,29,176,7,4,TCP,7,26,27,48,3,11,1,0,0,1,37,3,24.62,44.73,3,5,5,0,41,8,11,0.1521,4628,GET,1,19,1,BRUTE_FORCE
user-128,2026-09-28 12:21:33.169011,30,137,340,12298,40238,20,171,8,5,TCP,5,78,39,354,5,2,0,0,0,1,55,5,40.06,38.8,3,16,18,1,27,13,9,0.1921,561,GET,1,19,1,BRUTE_FORCE
user-106,2026-09-28 12:22:33.169011,79,348,235,28302,34134,18,269,8,3,SSH,3,43,38,264,2,3,0,0,1,1,48,12,15.12,72.28,2,13,18,2,53,4,2,0.2046,2358,GET,0,30,1,BRUTE_FORCE
user-183,2026-09-28 12:23:33.169011,53,116,178,33259,45802,21,78,5,4,TCP,5,34,35,362,4,3,1,0,1,0,49,7,46.52,62.89,3,5,16,1,38,14,6,0.1447,4029,POST,2,33,1,BRUTE_FORCE
user-148,2026-09-28 12:24:33.169011,59,112,191,40079,21964,12,196,4,4,HTTPS,6,41,49,112,1,5,0,0,1,1,39,1,53.47,40.98,1,11,19,1,73,7,11,0.0961,4551,POST,1,32,1,BRUTE_FORCE
user-059,2026-09-28 12:25:33.169011,65,203,117,27728,39451,20,46,10,4,HTTPS,4,70,37,473,10,11,0,0,0,0,45,9,39.69,59.02,2,8,6,2,76,8,5,0.1372,2211,GET,2,24,1,BRUTE_FORCE
user-033,2026-09-28 12:26:33.169011,68,291,326,14710,33105,11,36,2,2,HTTPS,5,29,25,217,5,10,1,0,0,0,31,11,59.14,41.09,2,16,15,0,69,12,4,0.3391,1240,GET,0,34,1,BRUTE_FORCE
user-050,2026-09-28 12:27:33.169011,51,390,288,21923,19459,22,94,10,5,HTTPS,3,58,54,247,8,6,0,0,1,0,33,2,38.31,67.57,4,16,8,1,62,11,2,0.118,2388,POST,1,39,1,BRUTE_FORCE
user-139,2026-09-28 12:28:33.169011,66,171,148,12002,47666,24,228,4,4,DNS,5,25,17,482,2,4,1,1,0,0,34,7,28.14,41.23,5,7,9,1,82,13,5,0.3045,3333,PATCH,0,48,1,BRUTE_FORCE
user-160,2026-09-28 12:29:33.169011,62,396,268,17456,42479,27,83,3,5,HTTPS,4,59,36,392,9,9,1,0,0,0,44,10,41.02,58.51,4,15,6,0,58,11,10,0.2052,4074,POST,0,39,1,BRUTE_FORCE
user-047,2026-09-28 12:30:33.169011,56,145,310,35738,10005,17,106,7,3,HTTP,2,48,40,233,8,10,0,0,0,0,51,14,57.53,42.95,3,16,16,0,75,6,9,0.1178,2860,GET,2,24,1,BRUTE_FORCE
user-071,2026-09-28 12:31:33.169011,32,232,150,21503,31366,30,61,4,4,HTTP,2,73,30,289,4,11,0,1,1,0,40,1,41.39,59.74,2,15,19,0,31,8,3,0.2672,3935,PATCH,2,49,1,BRUTE_FORCE
user-108,2026-09-28 12:32:33.169011,25,376,253,14511,47380,26,93,7,3,HTTPS,8,47,46,155,7,11,0,0,1,0,51,4,48.63,56.8,5,9,18,1,22,8,4,0.1143,3751,POST,1,20,1,BRUTE_FORCE
user-103,2026-09-28 12:33:33.169011,77,220,128,17177,12026,14,160,5,3,HTTPS,5,44,18,221,5,3,0,0,0,0,50,8,44.77,56.48,2,7,8,1,55,6,6,0.1576,2626,POST,1,37,1,BRUTE_FORCE
user-058,2026-09-28 12:34:33.169011,71,395,219,37819,23223,10,269,7,3,HTTPS,3,52,40,322,7,8,0,0,0,0,49,5,21.75,44.67,5,6,18,1,67,12,10,0.113,2980,GET,2,49,1,BRUTE_FORCE
user-015,2026-09-28 12:35:33.169011,81,98,89,25921,44190,30,238,4,3,DNS,2,52,46,104,7,7,0,0,0,1,53,3,56.72,41.5,4,5,9,2,98,4,6,0.2015,2571,POST,1,39,1,BRUTE_FORCE
user-009,2026-09-28 12:36:33.169011,88,177,146,13273,46069,21,266,6,3,SSH,5,49,48,316,5,4,0,1,0,1,40,14,28.78,71.08,5,8,16,0,44,9,10,0.1123,3979,POST,1,49,1,BRUTE_FORCE
user-027,2026-09-28 12:37:33.169011,60,363,112,12043,26205,22,212,5,3,HTTPS,8,70,59,134,10,6,1,1,0,0,46,11,38.27,53.94,3,12,12,2,43,7,3,0.175,4143,GET,0,44,1,BRUTE_FORCE
user-068,2026-09-28 12:38:33.169011,55,298,190,9047,33861,19,181,4,4,DNS,8,32,40,150,3,3,1,0,1,0,34,14,64.58,45.93,6,14,12,2,77,14,6,0.0923,1573,DELETE,1,28,1,BRUTE_FORCE
user-054,2026-09-28 12:39:33.169011,49,314,163,41113,46785,23,293,8,3,HTTP,2,33,48,59,1,12,0,1,0,1,42,14,38.48,39.8,1,9,18,2,37,11,10,0.1935,4120,GET,0,48,1,BRUTE_FORCE
user-116,2026-09-28 12:40:33.169011,33,88,139,32938,11339,14,75,9,5,HTTPS,3,26,32,291,4,11,1,0,1,0,43,8,50.87,72.52,5,15,7,0,52,4,9,0.2822,4163,PUT,2,37,1,BRUTE_FORCE
user-032,2026-09-28 12:41:33.169011,85,208,275,27481,37925,24,73,10,2,DNS,8,63,43,384,3,8,1,0,1,0,50,4,23.59,47.0,6,10,18,0,73,10,6,0.1652,4914,POST,1,33,1,BRUTE_FORCE
user-129,2026-09-28 12:42:33.169011,87,332,262,33545,38766,9,88,7,4,SSH,8,43,57,236,9,11,0,0,0,0,34,0,61.46,39.47,4,12,19,0,32,6,2,0.329,1058,GET,2,29,1,BRUTE_FORCE
user-195,2026-09-28 12:43:33.169011,32,87,232,23886,43617,16,59,3,2,TCP,8,51,27,488,5,4,0,0,0,1,38,13,50.74,44.83,5,11,9,1,25,14,6,0.255,4226,POST,2,18,1,BRUTE_FORCE
user-151,2026-09-28 12:44:33.169011,55,202,144,38863,43434,17,209,4,5,HTTPS,7,71,19,324,4,11,0,1,0,1,41,0,29.14,44.93,5,8,16,1,45,11,3,0.1793,4445,GET,1,35,1,BRUTE_FORCE
user-155,2026-09-28 12:45:33.169011,29,121,276,27357,35678,18,237,7,2,HTTPS,5,31,51,454,2,12,1,0,0,0,35,8,45.52,45.78,1,14,10,2,36,7,11,0.091,4682,GET,1,43,1,BRUTE_FORCE
user-147,2026-09-28 12:46:33.169011,59,257,182,12075,37529,17,142,7,3,DNS,8,47,28,257,1,5,0,1,0,0,36,14,21.34,56.07,2,5,12,1,73,7,8,0.1227,2166,GET,0,31,1,BRUTE_FORCE
user-155,2026-09-28 12:47:33.169011,39,183,174,36336,41519,13,166,7,1,HTTPS,2,37,54,45,5,10,1,1,0,0,45,1,58.3,44.03,1,5,15,1,26,11,2,0.2381,4025,PATCH,1,20,1,BRUTE_FORCE
user-078,2026-09-28 12:48:33.169011,68,130,322,17362,12984,18,42,8,2,HTTPS,7,63,36,250,6,7,0,0,0,1,51,5,30.37,60.44,1,15,8,0,22,9,7,0.1982,3354,PUT,1,23,1,BRUTE_FORCE
user-132,2026-09-28 12:49:33.169011,48,235,320,25621,26118,10,277,3,4,HTTP,8,28,46,34,3,8,0,1,1,1,36,3,22.45,33.34,1,6,9,2,57,10,6,0.1154,771,PUT,1,38,1,BRUTE_FORCE
user-034,2026-09-28 12:50:33.169011,64,186,227,20371,47265,28,220,9,3,DNS,3,21,46,322,6,11,0,1,0,0,47,9,52.41,59.43,1,10,6,2,43,11,5,0.3178,3422,PATCH,1,45,1,BRUTE_FORCE
user-089,2026-09-28 12:51:33.169011,80,91,203,26286,41436,27,135,8,4,HTTPS,6,49,29,497,2,7,0,0,1,1,40,12,62.93,34.61,3,16,12,1,81,8,9,0.2998,4645,POST,1,34,1,BRUTE_FORCE
user-141,2026-09-28 12:52:33.169011,74,139,203,13815,35768,24,52,4,3,TCP,8,44,37,356,8,10,1,0,1,0,48,13,57.52,74.48,5,11,17,1,85,11,9,0.15,3177,GET,0,10,1,BRUTE_FORCE
user-107,2026-09-28 12:53:33.169011,41,291,103,19541,38529,8,48,10,2,SSH,3,78,35,305,5,4,0,0,0,0,43,11,35.86,45.29,3,8,6,1,41,8,9,0.1839,3625,PUT,0,21,1,BRUTE_FORCE
user-115,2026-09-28 12:54:33.169011,70,382,127,17902,20788,25,257,8,2,DNS,3,76,54,406,6,10,0,1,1,0,32,1,39.19,57.01,5,18,12,2,24,11,2,0.1401,1961,POST,1,12,1,BRUTE_FORCE
user-001,2026-09-28 12:55:33.169011,88,162,177,23441,37233,24,166,3,5,HTTPS,8,31,21,129,7,8,0,0,0,0,45,2,38.27,38.52,0,4,8,1,85,13,6,0.2908,2010,PUT,2,42,1,BRUTE_FORCE
user-090,2026-09-28 12:56:33.169011,60,323,302,27291,34402,26,91,5,2,TCP,8,33,26,414,1,3,1,0,1,0,33,4,46.85,72.86,0,15,7,1,86,10,9,0.1244,2715,GET,0,42,1,BRUTE_FORCE
user-179,2026-09-28 12:57:33.169011,75,394,193,34032,28219,29,122,10,4,HTTPS,7,57,13,429,9,7,1,1,0,0,55,5,37.66,30.35,1,5,16,0,53,3,9,0.301,3120,GET,2,36,1,BRUTE_FORCE
user-068,2026-09-28 12:58:33.169011,82,392,205,44923,33274,14,299,5,3,TCP,3,42,33,359,3,8,0,1,0,1,43,0,62.41,33.44,5,7,9,0,77,6,6,0.193,4224,GET,1,25,1,BRUTE_FORCE
user-080,2026-09-28 12:59:33.169011,42,152,204,33620,24586,18,286,10,3,HTTPS,5,31,59,422,1,6,1,0,1,0,45,11,21.62,51.07,4,7,11,2,27,15,4,0.2124,3837,GET,0,32,1,BRUTE_FORCE
user-106,2026-09-28 13:00:33.169011,70,116,105,12977,43758,8,115,6,2,HTTPS,6,38,27,259,9,6,0,0,1,1,38,6,51.8,47.05,6,6,16,2,31,10,6,0.3206,4379,PATCH,0,24,1,BRUTE_FORCE
user-182,2026-09-28 13:01:33.169011,51,87,231,28049,20308,25,259,5,1,HTTPS,3,66,46,453,5,9,0,0,0,2,38,3,43.22,56.51,4,5,13,1,55,14,7,0.2966,651,GET,1,13,1,BRUTE_FORCE
user-137,2026-09-28 13:02:33.169011,74,157,148,18102,19528,22,229,3,3,HTTPS,7,33,31,66,10,10,0,0,0,0,44,1,25.1,33.18,2,5,7,2,43,8,8,0.1172,3922,PUT,0,48,1,BRUTE_FORCE
user-137,2026-09-28 13:03:33.169011,89,167,343,33643,19139,28,48,5,2,HTTPS,7,44,49,323,6,12,0,0,0,1,38,7,59.88,60.2,0,7,12,0,37,15,4,0.1806,541,GET,0,49,1,BRUTE_FORCE
user-014,2026-09-28 13:04:33.169011,83,210,146,34960,13693,15,251,7,3,HTTPS,6,59,26,83,7,4,0,0,1,1,37,8,25.57,68.36,2,8,9,0,97,10,7,0.1853,1712,PATCH,2,29,1,BRUTE_FORCE
user-009,2026-09-28 13:05:33.169011,39,328,210,37662,36492,20,217,7,1,HTTPS,6,62,13,455,5,11,0,0,0,1,46,6,43.61,63.19,3,6,13,1,29,12,3,0.238,4406,GET,1,39,1,BRUTE_FORCE
user-187,2026-09-28 13:06:33.169011,39,367,319,9121,38515,14,60,2,5,HTTPS,6,59,45,254,3,7,0,1,1,0,46,5,50.43,44.66,5,12,9,0,50,10,9,0.114,3942,GET,1,38,1,BRUTE_FORCE
user-079,2026-09-28 13:07:33.169011,39,380,197,36498,10952,10,88,3,2,HTTP,7,31,23,64,10,11,0,1,0,0,47,12,61.37,34.35,0,9,13,0,68,10,6,0.2525,3467,POST,1,17,1,BRUTE_FORCE
user-191,2026-09-28 13:08:33.169011,78,147,114,20482,37986,16,44,6,4,HTTPS,7,53,32,89,5,10,0,1,0,3,47,7,63.31,50.84,6,7,15,1,39,9,5,0.1793,2016,POST,1,24,1,BRUTE_FORCE
user-021,2026-09-28 13:09:33.169011,85,95,204,16763,13197,25,205,5,4,SSH,7,46,52,352,4,9,1,1,1,1,34,4,58.78,61.65,3,14,19,1,60,4,5,0.2401,4197,GET,2,48,1,BRUTE_FORCE
user-121,2026-09-28 13:10:33.169011,86,146,328,15557,13424,12,114,2,3,HTTPS,5,39,38,366,4,2,1,0,0,1,31,4,40.22,49.15,1,5,8,0,52,9,6,0.1336,2410,GET,1,42,1,BRUTE_FORCE
user-021,2026-09-28 13:11:33.169011,49,368,240,32206,32854,30,59,5,1,SSH,8,35,21,91,5,4,1,0,0,0,51,1,47.09,34.19,2,15,15,0,83,4,11,0.0804,644,GET,1,34,1,BRUTE_FORCE
user-017,2026-09-28 13:12:33.169011,84,310,122,8685,40613,28,60,8,2,HTTPS,4,27,59,286,9,5,1,0,1,0,54,13,60.29,64.98,2,15,9,1,98,7,8,0.2022,3043,GET,1,17,1,BRUTE_FORCE
user-015,2026-09-28 13:13:33.169011,38,279,309,25636,30812,23,179,9,2,HTTP,3,34,38,34,4,9,0,0,0,0,50,14,29.96,30.87,0,16,12,0,90,10,2,0.1287,4527,GET,0,24,1,BRUTE_FORCE
user-149,2026-09-28 13:14:33.169011,28,223,125,34089,48331,13,240,8,2,HTTPS,5,41,44,266,8,8,0,0,0,0,56,6,23.37,44.79,1,7,16,1,85,10,3,0.3439,786,POST,1,12,1,BRUTE_FORCE
user-085,2026-09-28 13:15:33.169011,47,318,113,21603,40747,30,39,6,5,HTTPS,4,54,47,164,7,5,0,0,0,0,34,14,57.95,44.86,5,10,14,2,54,11,9,0.2263,4615,POST,1,32,1,BRUTE_FORCE
user-064,2026-09-28 13:16:33.169011,68,178,312,34585,41009,13,165,4,4,HTTPS,8,44,12,428,5,7,1,0,0,2,48,2,57.6,33.48,0,17,18,1,52,4,4,0.2502,1212,GET,1,11,1,BRUTE_FORCE
user-177,2026-09-28 13:17:33.169011,25,84,261,30887,9249,25,91,6,3,HTTPS,3,56,53,443,5,10,0,0,0,1,47,12,52.67,57.55,3,7,14,1,23,9,5,0.3252,2268,GET,2,44,1,BRUTE_FORCE
user-165,2026-09-28 13:18:33.169011,36,356,249,38593,47133,18,123,4,3,HTTP,6,22,36,88,5,5,0,1,0,2,54,4,50.86,48.38,4,6,13,1,37,3,2,0.1316,3484,POST,1,42,1,BRUTE_FORCE
user-151,2026-09-28 13:19:33.169011,29,247,248,18003,18318,9,70,4,2,HTTPS,5,43,47,113,8,10,0,0,0,0,56,3,49.96,50.58,4,13,17,1,78,8,9,0.278,2424,POST,1,14,1,BRUTE_FORCE
user-027,2026-09-28 13:20:33.169011,40,140,225,19609,33038,9,274,5,3,HTTPS,6,79,16,265,9,2,0,1,0,1,29,9,48.14,59.54,2,12,12,2,59,7,12,0.1737,3664,PUT,1,32,1,BRUTE_FORCE
user-048,2026-09-28 13:21:33.169011,55,190,296,22282,28395,20,268,9,2,TCP,8,54,38,138,4,4,0,0,1,1,37,0,27.05,57.67,2,13,14,1,61,8,11,0.1726,1515,GET,1,33,1,BRUTE_FORCE
user-073,2026-09-28 13:22:33.169011,76,241,151,32924,28986,23,50,8,2,HTTPS,4,61,48,199,2,8,0,0,0,1,39,0,16.11,40.71,6,4,13,1,92,11,8,0.3019,4950,GET,0,45,1,BRUTE_FORCE
user-113,2026-09-28 13:23:33.169011,44,379,337,31188,47714,14,145,8,4,TCP,6,68,19,140,7,2,0,0,0,0,42,10,22.18,41.6,4,12,14,0,21,14,2,0.0953,3824,GET,2,30,1,BRUTE_FORCE
user-125,2026-09-28 13:24:33.169011,42,221,80,10883,32212,12,122,8,4,TCP,7,47,29,193,6,10,1,0,0,0,44,0,52.29,46.7,5,17,11,1,66,8,12,0.1193,2475,POST,1,29,1,BRUTE_FORCE
user-110,2026-09-28 13:25:33.169011,42,251,148,28741,45380,28,54,6,3,HTTPS,2,41,51,107,4,10,0,0,0,0,39,8,35.39,74.36,5,16,13,0,52,7,3,0.2481,4479,DELETE,0,27,1,BRUTE_FORCE
user-086,2026-09-28 13:26:33.169011,56,376,275,42829,28637,28,114,9,2,HTTPS,5,21,60,236,5,3,0,0,0,0,59,6,50.63,70.24,3,4,17,0,59,12,6,0.2239,2325,PUT,1,12,1,BRUTE_FORCE
user-193,2026-09-28 13:27:33.169011,53,101,328,41922,27538,25,133,7,4,HTTPS,2,44,28,338,5,5,1,0,0,0,34,5,57.56,51.42,4,11,11,1,63,4,11,0.2358,684,POST,2,38,1,BRUTE_FORCE
user-171,2026-09-28 13:28:33.169011,58,166,172,13018,30218,20,275,3,1,HTTPS,3,50,43,47,6,4,1,0,0,1,49,13,15.18,31.11,2,10,7,2,43,6,7,0.1491,2030,GET,1,16,1,BRUTE_FORCE
user-081,2026-09-28 13:29:33.169011,69,262,145,42010,43608,25,170,10,3,SSH,3,38,52,492,7,7,1,0,1,0,32,1,57.25,54.86,3,16,17,1,51,15,8,0.3156,4148,GET,1,18,1,BRUTE_FORCE
user-030,2026-09-28 13:30:33.169011,45,390,281,36370,39956,10,72,4,3,HTTPS,8,66,37,261,4,3,0,0,1,0,48,13,63.76,39.52,3,14,17,2,77,12,2,0.0837,3133,GET,2,17,1,BRUTE_FORCE
user-133,2026-09-28 13:31:33.169011,65,352,96,34958,42652,20,270,10,4,DNS,8,61,37,351,9,8,1,0,1,0,41,5,19.47,49.72,5,8,15,1,97,7,4,0.1247,750,GET,2,10,1,BRUTE_FORCE
user-036,2026-09-28 13:32:33.169011,89,377,207,14366,9889,10,84,9,2,DNS,5,55,43,80,2,12,0,1,0,1,51,2,30.46,66.87,4,15,12,1,20,5,10,0.2504,4809,GET,0,29,1,BRUTE_FORCE
user-015,2026-09-28 13:33:33.169011,53,312,237,14697,34736,29,238,3,1,HTTPS,5,27,54,269,9,2,1,0,0,1,43,11,26.91,38.06,6,5,14,1,95,3,7,0.333,2109,GET,1,49,1,BRUTE_FORCE
user-036,2026-09-28 13:34:33.169011,71,278,242,11112,21151,16,268,9,2,SSH,4,65,52,159,4,7,0,1,1,1,33,4,31.4,43.4,3,11,15,1,39,15,4,0.2927,4566,GET,2,28,1,BRUTE_FORCE
user-176,2026-09-28 13:35:33.169011,55,327,276,26142,21816,29,138,8,1,TCP,4,42,19,333,2,8,1,1,0,0,45,13,18.27,58.04,3,9,11,1,48,11,8,0.203,3363,GET,1,16,1,BRUTE_FORCE
user-097,2026-09-28 13:36:33.169011,70,292,125,43110,24626,12,107,6,3,HTTPS,2,44,45,394,3,2,1,1,0,0,52,4,61.24,32.3,4,17,16,1,78,8,8,0.3291,2325,GET,1,20,1,BRUTE_FORCE
user-033,2026-09-28 13:37:33.169011,81,381,310,18350,48612,17,178,7,1,HTTPS,4,76,35,487,8,6,1,0,1,0,38,4,35.27,46.61,5,12,12,2,86,7,8,0.3222,2152,POST,2,16,1,BRUTE_FORCE
user-038,2026-09-28 13:38:33.169011,86,190,271,18721,9252,14,99,6,2,SSH,8,64,45,64,1,9,0,0,1,2,51,6,62.67,42.32,2,18,19,2,16,12,4,0.3396,4186,GET,1,19,1,BRUTE_FORCE
user-134,2026-09-28 13:39:33.169011,26,396,293,25751,48480,23,40,10,4,HTTPS,7,62,33,383,10,4,1,0,0,0,26,13,35.81,55.07,5,9,14,1,51,8,5,0.2052,3056,GET,1,47,1,BRUTE_FORCE
user-153,2026-09-28 13:40:33.169011,61,393,147,29643,31279,9,61,2,1,HTTPS,6,69,42,244,8,5,1,0,0,0,49,12,16.36,38.39,3,13,13,2,93,7,7,0.0822,4832,POST,1,31,1,BRUTE_FORCE
user-176,2026-09-28 13:41:33.169011,63,192,252,29644,11570,11,49,5,3,TCP,7,26,23,266,7,6,1,0,0,0,54,3,43.71,49.12,5,15,19,2,97,14,6,0.2554,3062,GET,0,16,1,BRUTE_FORCE
user-097,2026-09-28 13:42:33.169011,67,269,81,19372,47440,20,190,8,3,HTTP,4,41,14,351,1,9,1,0,0,0,42,2,46.5,62.41,3,11,12,1,28,6,5,0.1112,4221,GET,1,19,1,BRUTE_FORCE
user-041,2026-09-28 13:43:33.169011,72,289,202,19148,42132,23,299,9,4,HTTPS,6,31,40,200,3,8,0,0,1,0,39,5,31.14,68.96,4,8,7,0,99,13,6,0.135,1419,GET,0,28,1,BRUTE_FORCE
user-127,2026-09-28 13:44:33.169011,82,104,263,31544,20770,28,125,8,2,TCP,8,73,20,129,10,12,1,1,0,1,42,10,29.79,72.88,1,5,9,0,24,14,9,0.2201,4573,POST,1,37,1,BRUTE_FORCE
user-189,2026-09-28 13:45:33.169011,63,138,316,11706,23870,25,61,6,5,HTTP,4,48,51,357,3,4,0,0,0,0,33,3,29.13,57.35,5,16,5,0,62,12,2,0.2618,4646,GET,1,48,1,BRUTE_FORCE
user-091,2026-09-28 13:46:33.169011,77,224,183,16820,30803,23,243,9,4,HTTPS,6,42,56,213,6,6,1,0,0,0,36,9,31.51,34.35,4,8,13,1,67,5,5,0.1792,4816,GET,1,39,1,BRUTE_FORCE
user-030,2026-09-28 13:47:33.169011,88,235,251,38080,44417,11,133,3,4,HTTPS,8,57,28,228,7,2,1,0,0,1,39,8,59.51,42.47,1,16,11,2,26,6,5,0.2817,4214,GET,2,38,1,BRUTE_FORCE
user-041,2026-09-28 13:48:33.169011,56,120,278,36422,49066,26,287,3,4,SSH,7,75,22,91,6,4,0,0,0,1,36,9,54.43,41.45,3,8,16,1,30,11,5,0.3254,3494,POST,0,10,1,BRUTE_FORCE
user-099,2026-09-28 13:49:33.169011,63,215,206,24746,26796,20,132,2,4,TCP,3,28,32,283,3,10,1,1,0,2,45,3,21.49,59.27,3,16,9,1,85,14,10,0.2071,1145,GET,0,47,1,BRUTE_FORCE
user-052,2026-09-28 13:50:33.169011,36,113,117,38571,10426,30,228,3,3,TCP,6,73,15,199,9,10,0,0,0,0,32,13,59.15,50.24,4,12,6,1,72,8,4,0.3038,780,POST,2,29,1,BRUTE_FORCE
user-113,2026-09-28 13:51:33.169011,86,331,230,25113,25771,9,39,10,4,HTTP,4,32,28,362,6,2,0,0,0,0,39,13,47.54,38.97,0,12,16,2,31,15,7,0.17,2934,GET,1,29,1,BRUTE_FORCE
user-181,2026-09-28 13:52:33.169011,59,243,112,20790,25533,12,229,10,4,DNS,2,68,13,99,8,4,1,0,0,0,29,6,49.78,63.39,3,5,7,2,22,11,9,0.262,1670,GET,1,18,1,BRUTE_FORCE
user-089,2026-09-28 13:53:33.169011,42,231,197,11236,15553,8,274,9,1,HTTPS,3,22,38,281,3,4,0,0,1,1,46,0,23.32,44.51,1,9,8,0,80,6,6,0.1194,3413,GET,2,48,1,BRUTE_FORCE
user-115,2026-09-28 13:54:33.169011,69,174,159,26442,43548,9,64,3,4,HTTPS,4,77,47,435,8,5,0,0,0,0,33,1,15.42,55.82,4,9,17,1,58,6,3,0.2769,4407,GET,0,39,1,BRUTE_FORCE
user-110,2026-09-28 13:55:33.169011,39,206,127,22333,15828,19,187,9,1,HTTPS,4,26,39,472,9,6,1,1,0,0,54,8,28.97,59.3,4,5,6,1,75,4,12,0.3013,2026,GET,0,32,1,BRUTE_FORCE
user-083,2026-09-28 13:56:33.169011,53,218,101,20433,34490,21,153,2,5,HTTPS,6,76,54,423,6,5,1,0,0,2,50,11,46.97,58.82,4,17,19,0,85,5,10,0.2789,3328,POST,1,18,1,BRUTE_FORCE
user-088,2026-09-28 13:57:33.169011,82,248,155,37016,42213,23,272,10,4,HTTP,6,24,45,32,5,6,0,0,0,0,50,0,61.29,38.65,1,9,7,0,83,11,7,0.1014,3143,GET,2,34,1,BRUTE_FORCE
user-151,2026-09-28 13:58:33.169011,35,230,204,34103,19982,13,207,9,1,HTTP,8,39,55,349,7,11,0,0,1,1,32,4,41.03,32.5,1,16,13,2,51,6,5,0.1957,3476,GET,1,24,1,BRUTE_FORCE
user-105,2026-09-28 13:59:33.169011,64,117,229,36970,26516,9,289,7,1,HTTPS,6,32,40,434,6,3,0,0,1,2,37,0,50.81,53.85,3,7,10,0,33,9,5,0.1843,4014,POST,2,46,1,BRUTE_FORCE
user-112,2026-09-28 14:00:33.169011,35,148,227,28732,36807,13,106,8,1,TCP,6,34,32,436,7,4,1,0,1,0,37,11,15.52,48.9,1,7,20,1,83,6,12,0.0895,3817,DELETE,2,28,1,BRUTE_FORCE
user-087,2026-09-28 14:01:33.169011,72,298,218,35667,46986,28,31,5,2,TCP,6,32,47,50,9,11,1,0,1,0,45,2,21.24,35.89,3,10,15,1,37,5,8,0.348,4640,GET,2,20,1,BRUTE_FORCE
user-121,2026-09-28 14:02:33.169011,30,197,253,17422,17117,25,231,7,4,SSH,3,40,56,34,4,11,0,0,0,2,41,0,54.44,69.31,3,13,19,1,28,4,8,0.201,1158,DELETE,0,32,1,BRUTE_FORCE
user-085,2026-09-28 14:03:33.169011,78,87,254,42642,29880,15,154,8,4,HTTPS,8,33,41,231,2,9,0,0,1,0,55,12,31.69,46.65,1,7,18,0,65,14,11,0.217,1832,POST,0,26,1,BRUTE_FORCE
user-027,2026-09-28 14:04:33.169011,59,137,159,27633,13150,10,129,7,2,HTTPS,8,33,27,99,4,6,0,0,1,1,33,12,24.18,57.56,4,9,15,1,98,7,5,0.2952,3870,PATCH,1,40,1,BRUTE_FORCE
user-002,2026-09-28 14:05:33.169011,77,323,124,11869,33122,14,231,9,1,HTTP,7,21,41,84,4,5,1,1,0,0,57,7,54.94,50.04,2,16,7,1,80,13,11,0.0837,1092,GET,1,10,1,BRUTE_FORCE
user-080,2026-09-28 14:06:33.169011,85,160,334,25819,33527,9,299,8,5,TCP,7,54,58,141,3,9,1,1,1,0,44,6,15.9,31.72,4,10,12,2,21,4,5,0.3394,2358,POST,1,38,1,BRUTE_FORCE
user-082,2026-09-28 14:07:33.169011,88,377,235,20710,15767,15,169,2,5,HTTPS,4,60,20,233,7,7,1,1,1,1,35,0,36.49,35.67,0,6,13,0,33,11,7,0.1499,2682,POST,2,33,1,BRUTE_FORCE
user-084,2026-09-28 14:08:33.169011,26,228,205,15737,22533,12,105,9,1,TCP,4,61,13,200,1,9,0,0,0,0,43,4,42.39,34.6,5,12,19,1,81,9,4,0.131,3980,PATCH,1,36,1,BRUTE_FORCE
user-168,2026-09-28 14:09:33.169011,41,321,304,29045,35001,8,223,3,2,HTTPS,3,23,30,212,4,3,0,1,1,0,43,6,18.82,70.05,3,13,9,0,63,6,9,0.11,1191,GET,0,35,1,BRUTE_FORCE
user-167,2026-09-28 14:10:33.169011,46,172,250,19515,30706,10,242,9,5,TCP,8,30,13,187,1,5,0,0,1,2,32,10,46.92,36.72,6,12,8,1,16,10,11,0.2319,2484,GET,0,31,1,BRUTE_FORCE
user-113,2026-09-28 14:11:33.169011,47,313,224,20735,33627,15,150,6,2,HTTPS,2,36,12,417,4,8,0,0,0,0,38,10,39.15,70.87,5,12,9,0,34,14,10,0.3447,2010,GET,0,16,1,BRUTE_FORCE
user-107,2026-09-28 14:12:33.169011,65,341,292,22085,26844,18,295,3,4,SSH,4,55,45,199,7,10,1,0,0,2,40,1,15.59,38.13,5,18,8,2,63,14,5,0.1438,1940,GET,1,38,1,BRUTE_FORCE
user-047,2026-09-28 14:13:33.169011,40,197,145,20665,42512,21,193,7,5,HTTPS,5,56,60,192,3,8,0,0,0,0,38,3,55.83,74.15,4,12,18,2,47,13,9,0.3394,3624,GET,1,31,1,BRUTE_FORCE
user-115,2026-09-28 14:14:33.169011,35,231,166,12579,34053,26,83,6,5,HTTPS,5,59,50,448,10,6,0,1,0,0,34,8,42.83,35.73,5,7,20,1,49,11,4,0.1871,4646,POST,0,42,1,BRUTE_FORCE
user-134,2026-09-28 14:15:33.169011,27,103,154,35852,25147,10,221,5,3,TCP,6,68,59,51,8,6,1,0,0,1,31,11,44.39,68.51,5,10,18,1,44,8,7,0.1523,1311,POST,2,25,1,BRUTE_FORCE
user-089,2026-09-28 14:16:33.169011,47,286,206,27740,19904,8,188,4,2,HTTPS,3,33,13,55,3,6,1,0,1,1,53,0,34.75,43.22,3,9,12,1,88,13,6,0.1109,4582,GET,1,24,1,BRUTE_FORCE
user-010,2026-09-28 14:17:33.169011,28,215,177,39030,9840,22,152,6,2,HTTPS,7,34,59,92,6,9,1,0,1,0,47,6,53.92,47.83,4,16,15,2,86,3,8,0.1147,1556,GET,0,17,1,BRUTE_FORCE
user-074,2026-09-28 14:18:33.169011,67,306,273,15296,25057,14,218,3,4,HTTP,6,47,53,130,6,10,0,0,1,0,60,12,34.97,71.85,2,5,20,0,30,9,9,0.2805,4451,GET,2,22,1,BRUTE_FORCE
user-004,2026-09-28 14:19:33.169011,48,364,100,22701,39264,21,156,5,2,TCP,8,70,13,329,4,9,0,1,0,0,48,14,48.97,58.67,4,8,14,0,19,8,8,0.2905,3655,GET,0,47,1,BRUTE_FORCE
user-068,2026-09-28 14:20:33.169011,26,248,228,19657,28231,19,135,10,4,HTTPS,3,47,45,266,4,11,1,1,0,2,43,6,28.59,58.56,2,16,6,1,26,5,11,0.2229,1293,GET,0,36,1,BRUTE_FORCE
user-070,2026-09-28 14:21:33.169011,85,176,246,41224,22097,11,72,9,4,HTTPS,4,32,33,97,2,2,1,0,1,1,30,13,56.63,44.86,4,8,20,0,63,6,4,0.1483,763,GET,2,44,1,BRUTE_FORCE
user-119,2026-09-28 14:22:33.169011,42,370,191,18546,15371,14,89,10,4,HTTP,3,55,37,253,4,7,1,0,1,1,27,3,40.13,32.31,0,14,14,0,38,14,12,0.2343,3253,GET,2,18,1,BRUTE_FORCE
user-064,2026-09-28 14:23:33.169011,61,251,174,42355,37152,12,33,9,2,HTTPS,4,42,38,402,2,4,0,0,1,0,35,13,27.17,67.62,0,17,17,0,89,5,6,0.1923,2523,GET,1,48,1,BRUTE_FORCE
user-110,2026-09-28 14:24:33.169011,84,247,160,37769,40252,12,121,9,3,HTTP,7,24,38,134,2,4,1,0,0,1,59,12,56.87,52.21,1,18,6,1,28,5,8,0.25,3730,POST,1,36,1,BRUTE_FORCE
user-119,2026-09-28 14:25:33.169011,65,284,345,32076,26547,23,65,8,2,HTTPS,3,62,42,183,3,7,1,0,1,0,44,2,26.13,34.43,4,11,6,2,34,9,12,0.1789,2347,POST,0,26,1,BRUTE_FORCE
user-050,2026-09-28 14:26:33.169011,53,212,110,18684,23585,16,119,2,4,HTTPS,3,33,50,39,2,6,1,0,1,0,30,1,46.47,65.98,5,16,10,2,87,14,4,0.3328,2405,GET,1,28,1,BRUTE_FORCE
user-143,2026-09-28 14:27:33.169011,63,355,250,14542,27594,18,245,5,4,HTTPS,3,59,53,381,4,5,0,0,0,0,45,4,31.07,53.09,0,8,13,2,92,4,7,0.296,4413,POST,1,43,1,BRUTE_FORCE
user-080,2026-09-28 14:28:33.169011,72,92,234,24465,24707,30,81,9,4,TCP,8,36,37,460,4,7,0,0,0,0,32,2,57.2,68.98,6,16,13,0,67,13,7,0.23,4214,GET,1,18,1,BRUTE_FORCE
user-109,2026-09-28 14:29:33.169011,90,307,116,22686,42132,18,266,8,4,TCP,6,56,21,111,3,5,0,0,1,0,51,6,42.33,35.72,0,8,7,2,93,10,9,0.1346,2753,GET,0,34,1,BRUTE_FORCE
user-153,2026-09-28 14:30:33.169011,79,396,281,24040,24941,26,139,5,2,HTTPS,5,24,43,55,5,5,1,0,0,1,28,3,49.04,47.31,0,18,7,1,18,9,6,0.3296,3919,POST,0,32,1,BRUTE_FORCE
user-041,2026-09-28 14:31:33.169011,32,356,107,42128,20681,16,107,5,4,HTTPS,4,77,36,398,3,4,1,1,1,1,50,1,55.87,33.9,4,12,9,1,68,9,11,0.3043,4113,GET,2,14,1,BRUTE_FORCE
user-185,2026-09-28 14:32:33.169011,69,272,216,41494,23372,20,206,6,3,DNS,8,45,12,159,8,7,0,0,1,1,35,1,28.67,33.74,5,7,9,2,30,14,10,0.2133,1198,GET,2,30,1,BRUTE_FORCE
user-190,2026-09-28 14:33:33.169011,44,136,82,38035,30501,17,139,2,5,TCP,7,52,28,405,2,10,1,0,0,0,45,10,35.37,67.04,1,16,6,1,47,6,5,0.2825,2503,GET,1,27,1,BRUTE_FORCE
user-108,2026-09-28 14:34:33.169011,48,247,156,8120,47716,21,77,8,2,HTTPS,4,60,47,457,7,10,0,0,0,1,43,6,43.69,64.07,2,14,9,2,67,11,6,0.3117,3645,DELETE,1,14,1,BRUTE_FORCE
user-188,2026-09-28 14:35:33.169011,34,331,180,40782,19339,22,161,8,2,DNS,7,60,31,64,3,2,1,0,1,1,35,6,30.26,40.53,5,16,8,1,46,5,3,0.2061,1437,GET,0,46,1,BRUTE_FORCE
user-110,2026-09-28 14:36:33.169011,63,385,102,43391,22226,15,43,5,4,TCP,7,22,55,49,9,9,1,0,1,0,38,1,47.15,65.16,6,17,19,1,24,12,11,0.2259,2867,POST,2,31,1,BRUTE_FORCE
user-118,2026-09-28 14:37:33.169011,61,97,263,9785,28697,24,33,7,4,DNS,4,24,22,238,9,8,0,0,0,1,49,4,50.23,56.57,6,9,15,0,24,8,6,0.2696,2117,GET,0,32,1,BRUTE_FORCE
user-148,2026-09-28 14:38:33.169011,67,239,201,9785,48965,27,176,3,3,HTTPS,7,51,43,32,1,12,0,0,1,0,29,0,15.59,59.9,6,12,15,2,46,12,11,0.1192,789,POST,0,47,1,BRUTE_FORCE
user-013,2026-09-28 14:39:33.169011,83,338,335,30490,20589,11,132,2,4,DNS,8,36,41,345,3,7,0,0,1,0,56,2,57.91,73.74,6,6,16,1,97,11,3,0.2735,3954,GET,2,15,1,BRUTE_FORCE
user-034,2026-09-28 14:40:33.169011,56,250,201,41853,32725,11,115,9,2,HTTPS,4,69,29,176,7,10,0,1,0,1,42,11,58.75,69.42,4,10,6,1,77,12,12,0.1176,4479,POST,1,18,1,BRUTE_FORCE
user-159,2026-09-28 14:41:33.169011,83,201,261,44724,40714,21,147,5,3,TCP,4,80,42,314,3,8,0,0,1,0,58,1,50.44,45.52,2,6,14,1,28,5,11,0.2068,1873,GET,2,14,1,BRUTE_FORCE
user-096,2026-09-28 14:42:33.169011,62,290,84,43007,38288,9,140,4,2,DNS,6,30,57,332,8,3,1,1,0,0,59,5,43.26,57.33,1,16,20,2,69,13,10,0.2968,2547,POST,0,30,1,BRUTE_FORCE
user-047,2026-09-28 14:43:33.169011,89,263,303,24821,29190,21,225,8,4,HTTP,8,69,53,467,7,4,0,0,0,3,55,4,45.81,45.76,6,12,16,1,28,10,4,0.1237,1913,DELETE,1,50,1,BRUTE_FORCE
user-198,2026-09-28 14:44:33.169011,66,109,98,31060,21161,27,290,4,5,HTTPS,3,41,28,189,3,11,1,1,0,0,58,13,62.48,57.55,2,5,7,2,67,15,3,0.2135,4520,PUT,1,34,1,BRUTE_FORCE
user-095,2026-09-28 14:45:33.169011,44,236,297,33348,11981,28,199,6,4,TCP,2,46,14,398,5,9,0,0,0,0,54,2,41.62,37.94,5,9,6,1,67,5,4,0.3217,3782,GET,0,17,1,BRUTE_FORCE
user-118,2026-09-28 14:46:33.169011,37,105,129,26533,31612,9,174,10,4,HTTPS,7,36,50,248,8,3,1,0,0,0,45,7,60.07,48.34,0,6,13,1,70,4,10,0.2647,3475,GET,2,19,1,BRUTE_FORCE
user-121,2026-09-28 14:47:33.169011,64,271,227,9745,38555,10,299,4,2,SSH,8,35,35,346,10,4,1,0,0,2,46,1,50.45,36.43,1,8,6,0,79,5,9,0.2495,4234,GET,2,14,1,BRUTE_FORCE
user-180,2026-09-28 14:48:33.169011,59,234,323,19691,16393,13,105,4,2,SSH,7,47,54,46,5,9,0,1,0,1,52,2,24.91,36.49,2,14,7,1,73,9,4,0.3477,716,GET,2,48,1,BRUTE_FORCE
user-128,2026-09-28 14:49:33.169011,35,109,273,14820,31811,18,226,6,2,HTTP,6,55,53,215,4,4,0,0,0,1,46,10,29.15,53.66,3,18,16,0,89,8,11,0.2494,2529,DELETE,0,35,1,BRUTE_FORCE
user-075,2026-09-28 14:50:33.169011,85,376,132,27863,46339,9,64,6,2,HTTPS,7,75,13,224,4,5,1,0,0,2,45,11,61.49,36.42,1,17,9,1,22,9,11,0.3172,3145,GET,0,11,1,BRUTE_FORCE
user-047,2026-09-28 14:51:33.169011,77,245,201,41069,44448,28,283,10,4,HTTP,4,21,52,91,8,7,1,0,0,0,58,9,20.49,55.84,2,18,6,1,54,7,9,0.3063,3248,GET,0,12,1,BRUTE_FORCE
user-083,2026-09-28 14:52:33.169011,44,121,158,33774,22004,19,271,7,4,HTTPS,6,50,30,445,9,8,0,0,0,0,36,10,29.99,74.21,6,7,11,1,79,5,4,0.2129,4609,DELETE,1,26,1,BRUTE_FORCE
user-165,2026-09-28 14:53:33.169011,82,141,142,36430,14558,17,126,4,4,DNS,8,71,55,386,3,8,1,0,1,0,44,10,46.08,67.46,5,12,8,2,83,10,10,0.1489,4762,POST,1,38,1,BRUTE_FORCE
user-176,2026-09-28 14:54:33.169011,79,205,288,33186,19399,13,132,9,3,HTTP,6,43,20,83,4,7,1,0,1,2,57,5,38.8,65.09,5,6,10,1,66,9,7,0.2384,1176,POST,2,21,1,BRUTE_FORCE
user-142,2026-09-28 14:55:33.169011,29,136,250,38224,36916,28,145,3,5,HTTPS,8,60,58,488,3,8,0,1,0,0,40,6,15.12,45.07,5,10,17,1,54,12,10,0.2572,2454,GET,0,48,1,BRUTE_FORCE
user-028,2026-09-28 14:56:33.169011,90,81,173,12742,32615,30,170,9,3,TCP,6,36,12,132,10,3,1,1,1,0,34,6,40.43,63.82,1,14,10,2,84,11,4,0.2983,3930,GET,1,24,1,BRUTE_FORCE
user-117,2026-09-28 14:57:33.169011,28,393,178,26619,37436,29,287,3,3,HTTPS,4,79,43,159,5,7,0,0,0,1,41,11,43.64,48.07,1,5,14,2,53,3,4,0.3124,2248,GET,2,35,1,BRUTE_FORCE
user-151,2026-09-28 14:58:33.169011,87,372,319,14800,38813,10,105,10,2,HTTPS,8,75,45,90,6,4,0,1,0,0,47,6,61.03,52.2,4,9,17,1,31,13,6,0.151,1107,GET,1,45,1,BRUTE_FORCE
user-102,2026-09-28 14:59:33.169011,62,279,342,30701,9396,13,198,3,3,TCP,3,46,36,258,10,5,0,0,0,0,34,9,55.04,72.56,6,15,11,0,67,4,10,0.2101,802,GET,0,18,1,BRUTE_FORCE
user-011,2026-09-28 15:00:33.169011,63,276,120,21773,17916,23,219,5,4,HTTPS,7,27,40,480,9,8,1,1,1,0,51,0,26.85,59.81,0,9,19,1,23,11,11,0.1601,4401,GET,1,21,1,BRUTE_FORCE
user-161,2026-09-28 15:01:33.169011,74,113,167,40483,24171,21,36,9,2,HTTPS,5,27,18,348,4,11,0,0,0,1,48,6,44.29,40.67,3,10,20,1,23,7,3,0.2715,614,GET,2,48,1,BRUTE_FORCE
user-012,2026-09-28 15:02:33.169011,51,170,103,14693,41944,15,263,8,5,HTTP,3,62,49,266,9,3,0,0,0,1,35,7,56.03,66.12,4,8,10,1,53,5,10,0.1137,4834,GET,1,35,1,BRUTE_FORCE
user-028,2026-09-28 15:03:33.169011,53,343,151,19035,44531,22,122,4,3,TCP,2,28,14,115,9,10,1,0,0,0,33,4,23.74,58.15,4,8,17,1,31,10,8,0.1897,1363,POST,0,20,1,BRUTE_FORCE
user-044,2026-09-28 15:04:33.169011,76,278,167,28536,12440,11,164,8,4,HTTPS,4,65,34,288,2,11,0,0,1,0,53,4,22.17,37.15,2,13,15,2,31,9,5,0.3461,4592,GET,1,42,1,BRUTE_FORCE
user-031,2026-09-28 15:05:33.169011,52,222,221,31809,17111,20,50,10,3,HTTPS,3,40,45,490,8,12,0,0,1,0,34,5,27.81,55.36,5,14,15,2,91,11,5,0.2071,1967,GET,2,42,1,BRUTE_FORCE
user-172,2026-09-28 15:06:33.169011,27,209,189,37637,16879,10,158,9,1,SSH,6,53,35,75,8,3,0,1,1,0,51,2,48.55,51.49,3,7,16,1,92,5,11,0.2512,4587,POST,1,21,1,BRUTE_FORCE
user-068,2026-09-28 15:07:33.169011,52,374,237,15550,37153,28,261,3,1,HTTPS,6,23,20,246,10,6,1,0,0,0,29,14,58.56,45.5,3,15,16,0,80,7,7,0.1322,2463,POST,0,29,1,BRUTE_FORCE
user-021,2026-09-28 15:08:33.169011,82,228,324,16344,28107,18,201,7,1,HTTPS,4,27,34,476,5,7,1,1,0,0,35,10,17.38,71.66,2,16,16,2,18,12,10,0.2157,4165,GET,1,43,1,BRUTE_FORCE
user-152,2026-09-28 15:09:33.169011,67,90,340,10053,36244,20,231,5,5,TCP,5,56,39,236,7,6,1,0,0,1,36,0,43.43,42.85,5,12,19,1,35,13,4,0.2468,2140,GET,2,41,1,BRUTE_FORCE
user-150,2026-09-28 15:10:33.169011,43,259,125,14522,42792,24,215,8,3,HTTPS,6,53,20,279,3,5,1,0,0,1,48,8,40.29,67.19,4,16,5,1,61,10,2,0.2373,4777,GET,1,48,1,BRUTE_FORCE
user-164,2026-09-28 15:11:33.169011,80,356,150,9846,15551,10,104,4,2,HTTPS,8,27,15,294,9,8,0,0,0,0,43,14,20.11,57.31,5,14,8,0,31,5,3,0.1846,2208,GET,1,27,1,BRUTE_FORCE
user-082,2026-09-28 15:12:33.169011,65,366,349,17920,14470,21,235,6,2,HTTPS,5,57,44,35,6,11,1,0,1,1,43,9,18.21,72.97,4,13,18,1,83,9,4,0.1364,1386,POST,1,23,1,BRUTE_FORCE
user-125,2026-09-28 15:13:33.169011,37,309,272,29702,46598,17,248,5,3,HTTPS,3,48,48,313,1,11,1,1,1,0,45,2,45.93,53.46,0,8,6,1,43,14,9,0.2968,2168,POST,1,29,1,BRUTE_FORCE
user-079,2026-09-28 15:14:33.169011,64,363,280,30083,11862,24,280,5,3,HTTP,4,76,17,36,10,2,1,1,1,0,34,5,19.25,65.23,2,6,10,1,74,13,11,0.1453,1275,GET,1,31,1,BRUTE_FORCE
user-122,2026-09-28 15:15:33.169011,43,149,197,15703,22362,18,209,3,3,TCP,6,42,50,383,8,3,1,0,0,0,49,6,30.33,74.76,3,14,18,1,29,12,3,0.314,644,POST,0,33,1,BRUTE_FORCE
user-131,2026-09-28 15:16:33.169011,47,369,320,19324,37201,13,113,4,5,HTTPS,4,78,22,372,8,8,1,0,1,1,39,12,38.96,49.34,1,8,13,0,44,9,6,0.2028,3440,GET,1,41,1,BRUTE_FORCE
user-130,2026-09-28 15:17:33.169011,64,260,174,39956,12842,28,39,4,4,HTTPS,3,59,14,456,7,10,1,0,0,0,35,5,42.71,63.66,2,9,13,0,66,7,10,0.1687,4250,POST,1,40,1,BRUTE_FORCE
user-026,2026-09-28 15:18:33.169011,45,258,169,41339,23351,17,212,9,4,HTTP,8,41,59,95,10,10,1,0,0,0,48,8,22.06,48.34,6,12,5,0,43,5,3,0.2164,610,GET,1,10,1,BRUTE_FORCE
user-144,2026-09-28 15:19:33.169011,36,160,106,8873,25493,18,230,6,1,HTTPS,5,38,42,343,6,7,0,1,0,1,55,5,33.43,64.77,1,17,5,1,83,12,11,0.1656,4966,GET,2,46,1,BRUTE_FORCE
user-156,2026-09-28 15:20:33.169011,37,145,281,28817,47929,22,275,8,3,TCP,6,45,56,128,3,12,0,0,1,0,47,5,30.09,35.06,1,4,19,2,28,11,3,0.1309,1126,GET,2,31,1,BRUTE_FORCE
user-110,2026-09-28 15:21:33.169011,64,347,287,32967,9337,11,220,8,1,TCP,6,22,56,178,5,5,0,0,0,0,51,14,40.42,53.46,3,10,12,1,59,8,10,0.12,3798,POST,1,14,1,BRUTE_FORCE
user-028,2026-09-28 15:22:33.169011,27,113,213,40928,39812,20,131,3,1,DNS,6,32,38,120,8,12,0,1,0,2,43,13,61.41,51.5,2,9,10,1,79,14,6,0.2774,769,POST,2,34,1,BRUTE_FORCE
user-161,2026-09-28 15:23:33.169011,50,380,255,27814,44035,20,228,4,3,HTTPS,5,78,51,345,4,11,0,0,0,0,47,2,44.04,59.79,1,11,7,1,93,7,6,0.219,3020,GET,1,40,1,BRUTE_FORCE
user-021,2026-09-28 15:24:33.169011,66,149,137,13717,49168,23,115,3,3,HTTPS,4,52,53,453,5,9,1,1,0,0,41,8,35.21,54.35,3,14,16,1,36,14,6,0.1234,4217,GET,2,17,1,BRUTE_FORCE
user-173,2026-09-28 15:25:33.169011,57,346,261,26341,36146,14,221,9,3,TCP,3,50,35,195,7,6,0,0,1,1,40,13,39.36,47.45,3,6,11,0,44,9,4,0.0824,4154,GET,2,46,1,BRUTE_FORCE
user-044,2026-09-28 15:26:33.169011,26,289,109,23115,32893,25,237,7,4,HTTPS,6,72,59,469,4,10,1,0,0,3,41,5,32.2,53.7,4,5,17,2,75,4,11,0.2614,3525,GET,2,34,1,BRUTE_FORCE
user-025,2026-09-28 15:27:33.169011,69,313,279,34136,18356,30,83,9,4,TCP,5,52,54,326,4,8,1,0,0,0,51,1,23.67,72.67,5,4,11,1,22,15,4,0.1748,4065,GET,1,40,1,BRUTE_FORCE
user-093,2026-09-28 15:28:33.169011,54,328,156,15214,21721,18,288,7,5,SSH,5,35,48,163,8,8,1,0,0,0,35,9,55.37,66.96,5,17,17,1,79,12,10,0.1172,1030,PUT,2,25,1,BRUTE_FORCE
user-004,2026-09-28 15:29:33.169011,72,113,155,29593,22504,11,278,8,4,HTTPS,8,63,26,170,2,4,1,1,0,0,39,6,32.12,60.42,6,14,9,0,98,12,12,0.1551,1966,PUT,1,30,1,BRUTE_FORCE
user-151,2026-09-28 15:30:33.169011,74,114,227,9508,36631,12,255,5,5,HTTPS,4,78,18,303,7,11,0,0,1,0,32,9,50.26,48.12,1,5,13,2,70,5,6,0.2884,4172,PUT,1,43,1,BRUTE_FORCE
user-030,2026-09-28 15:31:33.169011,84,91,142,26835,48053,9,65,5,4,TCP,4,52,39,440,2,11,1,1,1,0,54,8,54.72,67.51,4,9,16,0,94,13,5,0.091,1611,DELETE,1,15,1,BRUTE_FORCE
user-112,2026-09-28 15:32:33.169011,83,395,228,23127,35079,22,115,9,5,SSH,4,56,16,137,1,4,1,0,1,0,32,12,48.26,38.56,6,8,6,1,95,10,3,0.2212,2078,DELETE,1,19,1,BRUTE_FORCE
user-107,2026-09-28 15:33:33.169011,67,171,299,44211,35552,21,137,7,4,HTTPS,4,23,54,391,3,3,1,1,0,0,33,7,49.74,48.87,3,7,18,1,40,6,10,0.098,1917,GET,2,38,1,BRUTE_FORCE
user-085,2026-09-28 15:34:33.169011,82,81,88,18030,25730,27,200,7,3,TCP,5,47,38,362,9,5,0,1,1,1,32,8,20.28,58.59,0,15,13,0,54,4,6,0.3456,919,POST,1,33,1,BRUTE_FORCE
user-055,2026-09-28 15:35:33.169011,74,127,89,28301,42307,29,230,3,1,DNS,5,50,36,461,8,3,0,0,0,0,60,9,45.61,58.5,0,9,17,1,37,4,10,0.1862,4860,GET,2,47,1,BRUTE_FORCE
user-044,2026-09-28 15:36:33.169011,72,198,84,20868,15377,10,119,8,3,SSH,7,62,57,374,1,4,0,0,1,1,41,4,51.28,74.34,2,11,6,1,26,12,12,0.1763,783,POST,2,45,1,BRUTE_FORCE
user-052,2026-09-28 15:37:33.169011,81,192,248,35177,30647,10,261,5,3,TCP,5,79,56,185,3,6,1,0,0,1,44,10,47.18,48.44,0,9,10,1,34,8,12,0.2772,3586,POST,0,27,1,BRUTE_FORCE
user-102,2026-09-28 15:38:33.169011,41,305,174,25722,36863,18,35,3,3,SSH,4,24,31,218,6,9,0,0,1,1,35,4,27.42,60.42,1,17,11,1,53,11,12,0.1456,3042,POST,0,20,1,BRUTE_FORCE
user-192,2026-09-28 15:39:33.169011,46,127,184,39030,24390,10,91,9,3,SSH,6,30,51,473,6,5,1,0,1,2,45,11,35.0,58.55,4,6,14,2,83,5,10,0.1727,4490,GET,2,48,1,BRUTE_FORCE
user-139,2026-09-28 15:40:33.169011,81,117,305,32547,28380,22,190,8,4,TCP,3,73,32,223,4,7,1,1,0,0,57,14,21.22,68.07,5,17,10,1,96,8,5,0.3404,3356,DELETE,2,28,1,BRUTE_FORCE
user-084,2026-09-28 15:41:33.169011,42,287,340,8174,43980,10,44,4,4,HTTPS,4,26,52,448,6,3,1,1,1,2,38,6,37.95,50.77,4,12,14,0,29,9,10,0.3091,706,GET,1,47,1,BRUTE_FORCE
user-032,2026-09-28 15:42:33.169011,59,301,143,20225,23415,15,218,8,3,HTTPS,2,72,23,293,3,7,0,1,0,0,52,12,34.28,34.47,1,16,15,1,76,13,11,0.101,3897,GET,2,18,1,BRUTE_FORCE
user-127,2026-09-28 15:43:33.169011,72,290,148,15470,13830,18,199,7,1,DNS,7,51,45,54,3,7,0,0,1,0,47,4,37.75,67.29,4,8,11,0,58,4,6,0.3235,2452,GET,0,15,1,BRUTE_FORCE
user-013,2026-09-28 15:44:33.169011,31,279,326,16059,30080,11,175,3,1,TCP,7,47,52,364,5,10,0,0,1,1,54,14,23.01,56.12,5,15,14,2,61,9,7,0.1276,4271,GET,2,31,1,BRUTE_FORCE
user-020,2026-09-28 15:45:33.169011,43,337,252,17960,19694,26,62,8,1,HTTPS,5,34,42,249,3,4,1,0,1,2,32,0,43.87,66.8,0,5,11,0,67,9,7,0.2715,4059,POST,1,43,1,BRUTE_FORCE
user-134,2026-09-28 15:46:33.169011,37,162,159,33541,39188,11,126,4,5,TCP,5,79,42,280,10,6,1,1,1,1,41,5,46.55,73.31,4,4,18,1,85,10,8,0.2544,3541,DELETE,1,33,1,BRUTE_FORCE
user-190,2026-09-28 15:47:33.169011,35,211,245,38832,17869,11,241,10,2,HTTPS,5,48,25,347,3,3,1,0,0,1,32,11,48.3,71.65,1,16,14,1,84,14,8,0.0929,3166,PATCH,1,25,1,BRUTE_FORCE
user-127,2026-09-28 15:48:33.169011,30,323,142,24462,35538,24,68,6,3,HTTP,3,55,24,31,7,9,0,0,0,1,25,10,24.87,44.29,4,6,12,1,83,10,8,0.2801,1394,POST,0,41,1,BRUTE_FORCE
user-046,2026-09-28 15:49:33.169011,38,203,275,9328,37812,17,161,3,5,SSH,6,39,59,185,1,5,1,0,1,1,45,7,63.28,53.67,5,4,13,1,33,9,2,0.2651,2691,POST,1,48,1,BRUTE_FORCE
user-030,2026-09-28 15:50:33.169011,48,109,185,23112,31914,8,192,7,4,HTTPS,4,50,46,224,6,2,0,1,1,0,31,6,15.65,48.95,1,9,14,1,58,7,6,0.2467,2621,GET,1,19,1,BRUTE_FORCE
user-126,2026-09-28 15:51:33.169011,49,218,290,42217,36148,28,113,5,2,HTTPS,6,29,55,315,9,5,0,0,0,0,44,0,61.5,44.32,0,15,13,1,29,11,7,0.1551,4741,GET,0,24,1,BRUTE_FORCE
user-076,2026-09-28 15:52:33.169011,55,390,341,37792,33915,27,260,3,5,HTTPS,7,63,52,44,5,5,1,0,1,2,41,9,41.33,36.95,0,13,17,1,71,10,7,0.1337,751,PUT,1,47,1,BRUTE_FORCE
user-053,2026-09-28 15:53:33.169011,49,232,204,17543,46854,10,84,2,3,HTTPS,5,68,57,132,2,7,0,1,1,1,36,14,61.08,58.67,1,18,20,2,39,14,6,0.1798,4408,POST,1,29,1,BRUTE_FORCE
user-177,2026-09-28 15:54:33.169011,40,155,159,37520,25757,12,123,9,4,HTTPS,3,60,19,474,4,3,1,0,0,0,32,10,60.23,74.58,3,9,19,2,93,4,4,0.291,4906,GET,0,31,1,BRUTE_FORCE
user-002,2026-09-28 15:55:33.169011,40,104,215,18291,44511,29,126,3,4,DNS,3,64,26,94,3,4,1,1,0,0,61,5,26.72,68.6,0,9,14,1,62,8,4,0.1559,4299,GET,1,38,1,BRUTE_FORCE
user-175,2026-09-28 15:56:33.169011,53,116,232,8573,23521,21,58,3,4,HTTPS,5,68,39,445,1,12,0,0,1,1,37,9,24.58,41.65,3,16,19,2,50,7,10,0.1797,3065,GET,1,21,1,BRUTE_FORCE
user-062,2026-09-28 15:57:33.169011,66,368,82,28357,26522,13,55,10,4,DNS,5,43,21,448,2,7,1,0,0,0,37,10,30.12,72.26,5,12,20,1,37,13,8,0.3375,1583,PATCH,1,12,1,BRUTE_FORCE
user-173,2026-09-28 15:58:33.169011,77,258,222,30125,27337,27,297,5,4,HTTPS,3,45,31,231,10,3,0,1,0,0,51,5,60.76,45.22,4,18,18,2,45,5,6,0.3001,2590,GET,1,43,1,BRUTE_FORCE
user-147,2026-09-28 15:59:33.169011,71,216,128,26434,28003,20,268,4,5,HTTPS,3,78,16,324,6,5,1,0,0,2,35,0,58.23,59.1,0,18,17,1,55,5,9,0.3211,4159,POST,1,19,1,BRUTE_FORCE
user-152,2026-09-28 16:00:33.169011,36,264,199,36957,27054,14,35,5,4,HTTPS,5,58,43,415,1,9,0,0,1,0,45,12,46.89,60.12,3,14,14,2,73,7,3,0.2836,2247,GET,0,26,1,BRUTE_FORCE
user-039,2026-09-28 16:01:33.169011,57,104,162,36715,43685,11,88,6,5,HTTPS,8,28,22,466,8,2,1,0,0,0,32,9,60.6,73.57,3,9,12,1,16,5,12,0.191,3290,POST,1,34,1,BRUTE_FORCE
user-116,2026-09-28 16:02:33.169011,87,166,203,13391,24444,24,165,7,2,SSH,8,58,47,454,3,3,1,0,0,1,51,0,47.17,65.91,1,10,12,1,53,14,11,0.3425,1234,GET,0,14,1,BRUTE_FORCE
user-164,2026-09-28 16:03:33.169011,41,220,301,26332,34360,19,236,9,1,HTTP,6,68,58,375,6,11,0,1,1,0,32,0,18.2,57.07,4,4,8,1,74,8,9,0.1741,2762,GET,1,43,1,BRUTE_FORCE
user-013,2026-09-28 16:04:33.169011,56,223,125,42344,42316,25,230,7,3,DNS,5,50,26,441,9,10,0,0,0,1,46,4,17.43,55.48,2,13,19,1,95,10,2,0.1282,1593,GET,1,46,1,BRUTE_FORCE
user-030,2026-09-28 16:05:33.169011,65,224,329,35590,41563,9,45,9,3,HTTPS,7,48,15,83,4,2,1,0,1,1,42,8,31.22,42.43,4,13,11,1,18,13,7,0.1449,4918,GET,0,17,1,BRUTE_FORCE
user-073,2026-09-28 16:06:33.169011,66,348,232,10244,30057,23,161,3,2,HTTPS,7,44,52,246,3,5,0,0,0,1,34,5,47.7,37.51,4,17,9,1,30,5,10,0.1621,3719,GET,1,20,1,BRUTE_FORCE
user-145,2026-09-28 16:07:33.169011,53,259,174,23082,19080,9,178,6,3,TCP,7,39,58,231,4,7,0,1,1,1,37,8,32.44,39.28,3,13,11,0,51,9,4,0.3489,2359,POST,1,43,1,BRUTE_FORCE
user-004,2026-09-28 16:08:33.169011,89,153,160,38976,13050,23,74,4,2,HTTPS,5,78,46,77,9,7,0,0,0,1,41,13,33.51,36.06,4,5,15,0,42,4,11,0.1276,1792,GET,0,38,1,BRUTE_FORCE
user-089,2026-09-28 16:09:33.169011,57,387,199,41301,23709,13,148,6,2,HTTPS,5,64,14,345,8,12,0,0,0,0,41,5,32.04,42.24,4,15,6,1,53,8,2,0.2652,1293,GET,2,32,1,BRUTE_FORCE
user-004,2026-09-28 16:10:33.169011,44,232,153,27166,38782,12,275,6,2,HTTP,7,33,39,53,2,6,1,0,1,1,38,4,46.11,64.45,0,11,16,0,32,13,6,0.1371,4904,POST,0,19,1,BRUTE_FORCE
user-152,2026-09-28 16:11:33.169011,58,399,246,37686,9923,10,189,6,3,TCP,2,59,12,424,2,10,1,1,1,1,35,2,54.05,72.69,2,10,19,0,90,9,7,0.1638,1338,POST,2,39,1,BRUTE_FORCE
user-124,2026-09-28 16:12:33.169011,66,226,146,27152,21024,17,213,7,1,TCP,3,66,57,209,2,4,0,0,0,1,35,8,52.38,74.44,1,6,14,0,18,5,10,0.1145,4563,DELETE,1,14,1,BRUTE_FORCE
user-128,2026-09-28 16:13:33.169011,69,240,190,43129,18667,27,70,6,3,HTTPS,5,26,16,115,4,5,0,0,0,0,36,6,47.95,66.58,2,12,12,0,79,13,11,0.1355,2671,GET,0,21,1,BRUTE_FORCE
user-008,2026-09-28 16:14:33.169011,68,231,214,21779,23419,20,79,4,4,SSH,3,65,13,49,9,4,1,1,0,1,53,6,61.16,60.27,1,13,10,1,95,11,12,0.2182,1535,GET,0,40,1,BRUTE_FORCE
user-173,2026-09-28 16:15:33.169011,67,223,232,14652,12214,9,260,3,5,TCP,8,49,17,102,4,12,0,1,1,1,33,6,44.29,51.56,4,6,11,1,17,6,5,0.343,1340,POST,0,48,1,BRUTE_FORCE
user-060,2026-09-28 16:16:33.169011,82,181,142,22763,19234,30,171,7,2,HTTPS,5,72,34,464,5,9,0,0,1,0,31,9,37.41,66.79,5,6,14,1,84,5,6,0.1355,4302,GET,1,26,1,BRUTE_FORCE
user-153,2026-09-28 16:17:33.169011,31,372,244,13372,27367,28,246,2,2,TCP,5,32,58,310,2,5,1,0,0,1,51,4,62.84,62.92,6,8,6,2,60,10,11,0.1915,3319,GET,1,17,1,BRUTE_FORCE
user-012,2026-09-28 16:18:33.169011,58,291,261,16867,25367,24,190,5,4,HTTPS,5,47,25,211,8,7,0,0,1,1,26,14,26.43,36.77,2,8,17,1,82,15,8,0.1822,2389,GET,2,33,1,BRUTE_FORCE
user-052,2026-09-28 16:19:33.169011,86,332,202,33444,32895,21,121,7,3,HTTPS,2,65,54,428,2,9,1,0,0,1,47,5,53.34,36.36,3,5,11,1,71,9,12,0.2168,1010,GET,2,16,1,BRUTE_FORCE
user-037,2026-09-28 16:20:33.169011,62,213,291,16526,14200,29,169,4,4,HTTPS,5,54,33,56,4,12,0,0,0,0,54,12,36.03,58.11,1,6,20,1,19,7,7,0.2773,2077,GET,0,12,1,BRUTE_FORCE
user-152,2026-09-28 16:21:33.169011,83,371,162,28507,9843,28,259,3,4,HTTP,7,48,32,135,4,6,1,0,0,1,53,2,62.17,30.5,4,7,16,1,47,6,8,0.2699,1384,GET,2,49,1,BRUTE_FORCE
user-156,2026-09-28 16:22:33.169011,29,111,348,12582,10195,19,92,7,1,SSH,7,62,55,145,5,11,0,0,1,0,58,9,59.0,57.36,3,9,16,1,91,13,5,0.1511,3873,GET,2,20,1,BRUTE_FORCE
user-163,2026-09-28 16:23:33.169011,57,377,289,21593,49927,8,185,6,1,SSH,5,32,48,380,3,4,0,1,0,1,37,8,48.14,47.55,3,7,15,0,38,5,3,0.2059,4302,GET,2,50,1,BRUTE_FORCE
user-150,2026-09-28 16:24:33.169011,62,387,108,15269,41235,22,54,9,4,HTTPS,3,53,32,130,3,9,0,1,1,0,54,4,47.01,34.71,6,15,7,1,76,12,9,0.2763,1195,GET,0,30,1,BRUTE_FORCE
user-153,2026-09-28 16:25:33.169011,51,151,96,39054,14958,12,83,7,4,HTTPS,3,45,52,216,9,3,1,1,0,2,45,2,50.72,30.42,4,8,13,1,52,8,7,0.1448,4129,GET,2,14,1,BRUTE_FORCE
user-190,2026-09-28 16:26:33.169011,64,220,222,23159,27044,15,128,4,5,TCP,3,43,15,258,6,7,0,0,0,0,37,11,53.45,66.3,3,12,16,1,53,6,9,0.2888,2042,POST,0,28,1,BRUTE_FORCE
user-009,2026-09-28 16:27:33.169011,63,256,118,15267,45373,21,210,3,3,HTTPS,4,27,16,178,2,7,1,0,0,0,32,14,34.71,55.31,2,4,12,2,70,4,11,0.2033,3078,PUT,1,28,1,BRUTE_FORCE
user-026,2026-09-28 16:28:33.169011,30,147,281,16386,44773,25,33,6,3,DNS,5,30,39,456,2,11,0,0,0,0,41,8,20.82,57.07,5,13,11,0,41,15,4,0.2311,2683,PUT,0,30,1,BRUTE_FORCE
user-060,2026-09-28 16:29:33.169011,77,158,248,14493,22925,9,265,10,4,HTTP,2,69,20,360,4,6,1,0,0,0,27,4,59.37,36.57,3,8,12,0,29,13,4,0.1769,1864,GET,1,34,1,BRUTE_FORCE
user-003,2026-09-28 16:30:33.169011,52,105,237,44811,32702,19,58,8,2,HTTPS,6,62,59,304,2,4,0,1,1,0,45,10,30.98,71.15,3,14,13,0,26,13,2,0.0974,3817,GET,2,13,1,BRUTE_FORCE
user-088,2026-09-28 16:31:33.169011,66,126,124,42915,17685,15,106,4,4,HTTPS,8,23,24,274,2,5,0,0,0,1,45,11,62.57,53.18,3,6,7,1,90,7,2,0.3405,3810,PUT,0,24,1,BRUTE_FORCE
user-183,2026-09-28 16:32:33.169011,31,345,337,10655,40951,23,163,9,4,SSH,7,63,42,356,8,4,1,0,0,1,45,10,34.26,63.5,4,14,10,1,22,12,12,0.2362,3251,GET,1,16,1,BRUTE_FORCE
user-078,2026-09-28 16:33:33.169011,59,155,117,15317,29635,16,289,4,2,HTTPS,3,38,58,181,6,4,1,0,0,0,38,3,50.03,54.55,4,16,19,0,47,12,6,0.244,1672,GET,1,23,1,BRUTE_FORCE
user-130,2026-09-28 16:34:33.169011,26,199,276,24239,35286,18,139,6,5,HTTPS,2,32,56,117,5,7,1,1,0,2,53,1,57.78,74.57,2,17,7,2,71,6,10,0.21,611,POST,2,38,1,BRUTE_FORCE
user-058,2026-09-28 16:35:33.169011,71,103,158,37969,22297,22,207,3,3,HTTP,4,52,38,129,1,8,1,0,1,0,52,11,33.2,68.91,4,5,5,0,58,12,2,0.2763,4769,GET,1,36,1,BRUTE_FORCE
user-102,2026-09-28 16:36:33.169011,73,202,159,31102,14215,29,126,6,5,SSH,4,23,38,393,5,2,1,0,1,0,43,4,52.01,53.27,3,10,14,0,34,10,3,0.175,650,POST,0,15,1,BRUTE_FORCE
user-115,2026-09-28 16:37:33.169011,58,253,137,28313,27935,27,161,7,1,HTTP,2,49,35,277,6,11,1,0,1,0,38,11,56.46,34.76,4,16,7,0,65,15,11,0.1602,2309,GET,0,35,1,BRUTE_FORCE
user-005,2026-09-28 16:38:33.169011,35,356,237,9897,14355,14,106,4,1,HTTPS,4,77,40,358,3,5,1,1,0,0,44,5,61.4,57.98,3,7,19,1,59,10,10,0.3301,2434,PUT,1,24,1,BRUTE_FORCE
user-027,2026-09-28 16:39:33.169011,42,169,92,42583,33239,10,44,4,1,TCP,7,54,35,64,4,8,0,1,0,2,42,8,50.89,63.34,3,11,10,0,99,14,4,0.2717,3505,PUT,2,29,1,BRUTE_FORCE
user-076,2026-09-28 16:40:33.169011,87,135,231,23559,30206,29,243,5,3,TCP,5,62,24,484,6,3,1,1,0,1,35,3,49.42,46.81,3,9,5,1,67,9,12,0.1728,1207,GET,1,39,1,BRUTE_FORCE
user-134,2026-09-28 04:11:33.686150,108,356,626,27228,31602,91,19,116,13,HTTPS,76,5,2,37,4,7,0,1,1,1,40,14,35.06,68.97,1,11,84,9,35,20,28,0.0933,871,GET,20,2,1,PORT_SCAN
user-041,2026-09-28 04:12:33.686150,103,466,591,82900,23939,118,27,79,19,HTTP,37,4,1,150,3,4,0,0,1,0,32,6,56.42,44.69,3,15,46,16,68,13,34,0.056,1151,GET,8,2,1,PORT_SCAN
user-001,2026-09-28 04:13:33.686150,92,694,622,65789,15031,93,17,116,9,HTTPS,25,4,1,204,4,2,0,0,0,2,34,1,26.05,36.86,3,13,41,15,53,9,14,0.0517,1550,GET,6,2,1,PORT_SCAN
user-128,2026-09-28 04:14:33.686150,80,794,609,38515,44813,73,5,44,6,DNS,33,5,3,335,4,7,1,0,1,0,37,13,51.92,56.87,4,5,100,12,54,24,20,0.2191,738,GET,14,2,1,PORT_SCAN
user-094,2026-09-28 04:15:33.686150,60,328,418,22679,50176,97,3,104,18,HTTPS,47,1,1,198,4,1,0,1,0,0,55,6,62.5,59.09,4,10,45,16,74,5,17,0.0827,2167,POST,18,1,1,PORT_SCAN
user-031,2026-09-28 04:16:33.686150,97,820,424,27945,23340,88,16,31,24,HTTPS,60,4,1,208,2,2,0,0,0,0,47,1,55.14,27.01,2,12,30,14,83,7,39,0.0761,1502,POST,8,0,1,PORT_SCAN
user-058,2026-09-28 04:17:33.686150,66,429,539,41847,51842,42,12,105,9,DNS,32,3,1,77,2,3,0,0,1,0,52,1,31.68,35.36,3,10,60,6,30,12,14,0.0316,2442,POST,7,2,1,PORT_SCAN
user-090,2026-09-28 04:18:33.686150,94,642,421,36126,15340,96,25,51,10,HTTPS,69,1,0,342,2,4,1,1,0,0,43,14,60.19,34.77,3,13,38,14,34,18,17,0.054,1272,GET,9,2,1,PORT_SCAN
user-139,2026-09-28 04:19:33.686150,36,718,340,49818,19834,42,14,107,6,HTTP,49,1,1,343,4,3,0,0,0,2,36,0,42.7,36.18,2,6,68,18,25,9,40,0.0703,855,POST,13,1,1,PORT_SCAN
user-196,2026-09-28 04:20:33.686150,92,538,319,34862,51349,91,22,87,14,HTTPS,44,2,1,366,0,6,1,0,0,1,26,14,53.46,62.36,3,8,72,8,44,15,45,0.1168,1136,GET,12,0,1,PORT_SCAN
user-115,2026-09-28 04:21:33.686150,93,382,564,76834,53870,98,25,30,14,HTTP,55,2,1,377,0,8,0,1,0,1,41,2,66.08,42.95,2,8,67,19,79,5,33,0.0414,934,POST,19,0,1,PORT_SCAN
user-078,2026-09-28 04:22:33.686150,52,489,609,83443,56760,55,26,67,5,TCP,50,1,1,232,1,1,0,0,0,1,46,8,34.9,58.88,2,11,71,12,98,8,12,0.041,1555,GET,6,2,1,PORT_SCAN
user-135,2026-09-28 04:23:33.686150,66,809,498,17343,46219,101,19,59,19,HTTPS,79,3,0,331,3,6,1,0,0,1,28,12,22.28,34.0,2,6,87,7,54,23,42,0.1052,2231,GET,8,3,1,PORT_SCAN
user-019,2026-09-28 04:24:33.686150,31,838,187,25495,62012,112,26,50,24,TCP,63,2,0,96,0,7,0,0,0,1,29,2,49.18,46.49,4,8,34,4,101,18,18,0.2294,1809,GET,14,3,1,PORT_SCAN
user-046,2026-09-28 04:25:33.686150,52,602,400,20140,41252,111,6,45,15,HTTPS,23,2,1,314,1,2,1,0,0,0,52,2,59.01,41.17,1,14,66,12,96,14,38,0.0701,1138,PUT,12,2,1,PORT_SCAN
user-085,2026-09-28 04:26:33.686150,39,853,615,24055,28630,47,19,52,16,SSH,25,1,1,209,3,6,1,0,0,1,46,10,65.48,64.52,1,3,30,6,23,5,17,0.1225,1786,GET,18,1,1,PORT_SCAN
user-064,2026-09-28 04:27:33.686150,88,700,230,75733,34180,50,6,114,10,SSH,67,4,3,255,1,2,1,0,0,1,36,0,36.12,44.01,1,13,99,11,55,22,11,0.2041,543,POST,8,3,1,PORT_SCAN
user-007,2026-09-28 04:28:33.686150,61,370,408,62946,51419,31,11,96,10,HTTPS,67,2,2,105,5,5,0,1,0,0,42,11,47.3,66.88,0,3,43,15,65,19,48,0.1387,2214,GET,6,2,1,PORT_SCAN
user-139,2026-09-28 04:29:33.686150,91,403,643,67177,47523,41,23,105,16,HTTPS,34,1,2,64,4,6,1,0,0,0,47,13,52.33,56.53,2,3,90,7,39,15,48,0.0884,1156,PATCH,11,2,1,PORT_SCAN
user-027,2026-09-28 04:30:33.686150,86,880,562,38213,19294,44,8,57,23,TCP,22,4,1,144,2,2,0,0,0,0,54,9,37.29,34.94,4,4,55,5,53,17,11,0.0364,799,GET,20,0,1,PORT_SCAN
user-091,2026-09-28 04:31:33.686150,71,474,385,21280,37941,54,4,38,21,HTTPS,72,2,2,353,4,1,1,0,1,0,55,12,67.76,48.5,4,10,69,16,93,9,42,0.1039,2316,PATCH,7,2,1,PORT_SCAN
user-001,2026-09-28 04:32:33.686150,74,316,382,64532,26134,111,23,31,14,HTTP,67,1,1,149,2,1,1,0,1,0,44,11,57.02,63.51,1,10,76,12,77,13,13,0.2188,2080,GET,9,0,1,PORT_SCAN
user-195,2026-09-28 04:33:33.686150,76,524,498,88326,22128,118,21,53,23,DNS,61,1,3,359,4,7,1,1,0,1,36,4,58.05,45.81,3,9,84,4,117,8,15,0.1795,1638,GET,10,2,1,PORT_SCAN
user-102,2026-09-28 04:34:33.686150,109,715,414,53049,69698,109,13,91,17,HTTPS,28,5,1,128,1,6,1,1,1,0,43,0,25.24,30.53,0,7,33,5,62,16,48,0.1615,2169,GET,17,0,1,PORT_SCAN
user-147,2026-09-28 04:35:33.686150,38,648,415,43597,67246,76,15,111,24,HTTPS,31,2,1,165,0,7,0,0,0,0,36,5,66.11,34.77,1,12,48,18,48,22,48,0.0696,1602,GET,6,0,1,PORT_SCAN
user-052,2026-09-28 04:36:33.686150,52,500,398,55714,34137,107,20,41,8,HTTPS,44,3,1,326,2,7,1,1,0,0,29,1,28.47,50.67,2,8,38,4,111,14,33,0.1829,1454,POST,9,2,1,PORT_SCAN
user-104,2026-09-28 04:37:33.686150,70,599,538,73817,28894,97,14,40,13,DNS,65,3,1,39,4,5,1,0,1,1,42,11,55.62,36.54,1,7,45,5,58,5,15,0.1877,2042,PATCH,9,0,1,PORT_SCAN
user-071,2026-09-28 04:38:33.686150,31,383,558,30257,26472,40,13,89,21,TCP,58,2,3,116,5,7,1,0,1,0,32,12,37.19,59.01,1,14,43,7,34,20,50,0.1223,2094,POST,17,3,1,PORT_SCAN
user-189,2026-09-28 04:39:33.686150,70,756,554,32814,46240,39,6,55,4,HTTPS,77,4,1,364,3,2,1,0,0,1,31,8,20.77,39.53,0,8,51,11,37,12,12,0.0371,2183,PUT,8,1,1,PORT_SCAN
user-020,2026-09-28 04:40:33.686150,46,510,336,29061,58978,54,12,100,19,HTTPS,28,4,3,126,1,2,1,0,0,0,48,11,65.96,58.48,1,11,90,18,92,16,12,0.2413,2868,PUT,13,1,1,PORT_SCAN
user-166,2026-09-28 04:41:33.686150,60,336,359,61966,57645,67,15,81,9,HTTPS,56,2,2,330,2,7,0,0,1,0,45,5,30.22,64.47,1,9,87,7,49,19,27,0.1712,1228,GET,19,3,1,PORT_SCAN
user-105,2026-09-28 04:42:33.686150,84,317,388,84484,49862,81,25,56,20,HTTPS,34,3,3,108,4,3,0,0,1,0,32,6,20.02,30.28,1,8,39,11,58,21,42,0.1347,1714,POST,7,1,1,PORT_SCAN
user-111,2026-09-28 04:43:33.686150,41,529,569,71741,26115,74,7,37,12,HTTP,63,3,1,356,5,5,0,0,0,0,37,4,45.78,69.69,2,4,65,17,117,13,40,0.2414,2731,POST,18,2,1,PORT_SCAN
user-150,2026-09-28 04:44:33.686150,80,642,601,83081,23682,117,27,46,17,DNS,36,1,3,184,3,5,0,1,1,0,51,8,46.34,59.62,3,10,89,18,24,19,41,0.2175,1033,POST,14,2,1,PORT_SCAN
user-073,2026-09-28 04:45:33.686150,107,487,266,36782,65170,101,26,42,14,HTTP,61,5,0,46,3,6,1,0,1,1,53,14,32.76,31.65,2,12,57,15,84,5,50,0.2439,1393,DELETE,9,2,1,PORT_SCAN
user-136,2026-09-28 04:46:33.686150,74,801,603,59322,20340,56,11,34,11,HTTPS,28,2,0,199,3,6,0,0,1,1,49,7,23.97,52.71,1,13,68,9,57,7,12,0.0609,609,GET,18,2,1,PORT_SCAN
user-094,2026-09-28 04:47:33.686150,79,751,695,53423,16596,65,29,48,8,HTTPS,73,5,1,385,4,5,0,1,0,0,29,12,33.08,32.49,3,12,94,8,117,20,41,0.1894,538,GET,17,1,1,PORT_SCAN
user-107,2026-09-28 04:48:33.686150,107,251,231,53972,26154,106,23,87,24,HTTPS,71,4,0,81,3,1,0,0,1,1,52,8,68.9,48.04,0,9,41,18,106,5,36,0.0907,2889,GET,7,1,1,PORT_SCAN
user-092,2026-09-28 04:49:33.686150,93,304,435,72345,48711,86,26,30,6,DNS,63,2,0,149,3,6,1,1,0,0,42,0,67.75,68.43,3,15,40,12,108,23,13,0.2282,2521,DELETE,14,1,1,PORT_SCAN
user-008,2026-09-28 04:50:33.686150,93,312,205,66602,57630,117,10,110,5,DNS,62,4,1,183,3,2,0,1,0,1,47,9,65.8,59.09,3,8,74,10,90,6,21,0.2371,2373,GET,11,0,1,PORT_SCAN
user-089,2026-09-28 04:51:33.686150,38,520,337,26035,66008,99,26,74,11,HTTP,64,5,2,165,2,6,0,0,1,0,40,9,65.39,29.58,2,4,69,16,49,23,30,0.1864,1147,PATCH,13,1,1,PORT_SCAN
user-053,2026-09-28 04:52:33.686150,96,600,239,31610,69111,32,22,45,16,HTTP,52,2,0,300,3,1,0,0,0,0,46,11,69.64,43.47,4,6,65,10,64,13,15,0.19,2158,GET,5,1,1,PORT_SCAN
user-199,2026-09-28 04:53:33.686150,71,545,639,67031,38220,64,25,49,23,TCP,77,1,1,390,4,7,0,1,1,2,48,9,39.56,68.74,1,6,39,5,102,10,20,0.033,2301,DELETE,5,1,1,PORT_SCAN
user-079,2026-09-28 04:54:33.686150,68,514,673,70687,44819,102,14,25,21,SSH,22,1,2,400,5,6,1,0,0,1,45,12,44.64,27.11,1,9,75,10,50,21,43,0.148,939,GET,14,3,1,PORT_SCAN
user-145,2026-09-28 04:55:33.686150,48,729,217,78396,29139,41,24,85,6,DNS,74,4,2,207,1,2,0,1,1,1,44,6,27.92,55.15,2,12,71,15,61,19,12,0.1034,362,POST,18,1,1,PORT_SCAN
user-014,2026-09-28 04:56:33.686150,73,789,695,37287,67048,87,19,109,20,HTTP,55,3,1,317,5,6,1,1,0,0,36,11,68.49,40.06,3,8,98,11,111,15,35,0.1947,2238,GET,15,2,1,PORT_SCAN
user-059,2026-09-28 04:57:33.686150,100,682,404,82545,25729,83,6,91,18,HTTPS,77,3,2,93,1,7,0,0,1,0,37,0,39.13,68.07,1,13,48,14,111,21,20,0.0386,406,GET,14,0,1,PORT_SCAN
user-007,2026-09-28 04:58:33.686150,71,467,494,24089,39543,63,24,33,13,HTTPS,68,3,2,92,4,5,0,0,0,1,45,8,42.11,54.05,2,10,74,7,53,10,12,0.1142,2013,PATCH,9,2,1,PORT_SCAN
user-009,2026-09-28 04:59:33.686150,45,464,515,22632,12549,103,17,55,14,TCP,78,1,1,275,1,2,1,0,1,2,36,6,65.41,46.54,3,5,33,6,50,19,43,0.1206,2482,POST,16,2,1,PORT_SCAN
user-086,2026-09-28 05:00:33.686150,91,761,673,83404,24141,76,20,110,12,TCP,53,4,1,67,1,8,1,0,0,0,47,8,42.77,51.25,4,12,91,12,41,10,46,0.1523,2480,GET,20,0,1,PORT_SCAN
user-011,2026-09-28 05:01:33.686150,109,333,326,33877,53498,105,3,34,22,HTTPS,69,4,3,104,4,3,0,0,1,0,41,0,48.92,49.38,0,10,85,13,92,25,48,0.1844,853,GET,15,2,1,PORT_SCAN
user-118,2026-09-28 05:02:33.686150,63,879,353,64811,22391,108,4,104,22,DNS,61,4,3,370,0,1,1,0,1,0,56,8,48.96,30.2,3,10,68,13,44,15,42,0.1765,1966,GET,6,1,1,PORT_SCAN
user-045,2026-09-28 05:03:33.686150,92,769,445,71026,28177,73,9,119,7,TCP,74,3,2,88,5,7,0,1,0,1,53,7,52.15,56.29,3,4,55,17,70,11,39,0.1523,2519,GET,11,3,1,PORT_SCAN
user-106,2026-09-28 05:04:33.686150,63,359,611,83944,66355,55,21,59,13,HTTPS,53,5,1,95,4,4,0,0,1,0,59,1,33.78,44.44,1,15,82,8,65,13,18,0.0918,2593,PATCH,12,1,1,PORT_SCAN
user-027,2026-09-28 05:05:33.686150,109,541,451,84128,19336,89,19,63,25,HTTPS,44,1,3,42,3,3,1,1,0,0,48,13,33.72,59.05,2,8,75,15,110,9,33,0.1086,1220,GET,12,1,1,PORT_SCAN
user-127,2026-09-28 05:06:33.686150,92,463,401,18930,42260,109,29,58,12,HTTP,56,3,1,278,4,2,0,0,0,1,47,3,44.03,48.55,1,11,38,19,31,17,47,0.2289,2372,GET,5,0,1,PORT_SCAN
user-062,2026-09-28 05:07:33.686150,55,615,474,83818,64779,81,3,68,16,TCP,66,2,3,222,2,4,1,1,0,0,40,0,33.73,50.05,1,10,34,4,118,18,48,0.2422,1629,PUT,14,0,1,PORT_SCAN
user-186,2026-09-28 05:08:33.686150,36,889,519,20129,34610,119,26,63,23,HTTP,42,4,1,190,0,4,0,0,0,1,40,0,69.58,34.59,4,5,46,16,120,16,34,0.1149,1873,GET,11,2,1,PORT_SCAN
user-012,2026-09-28 05:09:33.686150,102,767,471,21223,19672,52,28,94,4,SSH,34,2,2,61,3,1,1,1,1,0,33,14,24.33,56.2,3,6,38,18,104,17,17,0.0795,745,GET,19,3,1,PORT_SCAN
user-112,2026-09-28 05:10:33.686150,86,687,548,26667,20598,34,23,43,14,DNS,64,3,0,70,4,5,0,0,0,0,31,2,23.23,69.61,1,9,51,11,118,8,37,0.1356,1510,GET,13,1,1,PORT_SCAN
user-194,2026-09-28 05:11:33.686150,89,592,542,74771,55947,52,16,71,24,HTTPS,28,5,0,383,3,1,1,0,1,0,45,3,31.94,58.55,2,15,46,10,29,20,46,0.1389,1259,GET,14,1,1,PORT_SCAN
user-111,2026-09-28 05:12:33.686150,53,770,566,43346,50647,36,3,85,10,HTTPS,68,3,0,66,4,3,1,1,0,1,32,3,49.31,38.23,1,8,89,8,33,14,32,0.2261,2407,DELETE,8,3,1,PORT_SCAN
user-111,2026-09-28 05:13:33.686150,63,723,364,83640,34554,101,23,72,16,HTTPS,48,3,0,386,1,5,1,0,0,2,55,0,65.36,42.63,1,11,39,16,46,22,30,0.1884,1638,POST,13,3,1,PORT_SCAN
user-130,2026-09-28 05:14:33.686150,65,823,585,76475,39772,40,9,41,17,DNS,29,1,2,276,0,5,0,0,0,1,27,9,24.62,34.28,3,7,95,15,43,12,32,0.2198,1787,POST,19,2,1,PORT_SCAN
user-034,2026-09-28 05:15:33.686150,53,300,483,31147,14714,72,22,29,8,HTTPS,74,5,0,123,1,3,1,0,0,1,56,10,21.94,33.23,1,7,48,4,29,17,14,0.0845,2093,DELETE,5,3,1,PORT_SCAN
user-115,2026-09-28 05:16:33.686150,96,742,244,60145,51768,80,16,34,8,TCP,70,3,1,139,3,6,1,0,0,0,36,1,52.53,57.95,0,10,42,15,117,9,28,0.1403,850,GET,18,0,1,PORT_SCAN
user-195,2026-09-28 05:17:33.686150,35,403,199,55983,48910,45,17,40,13,HTTPS,48,5,0,99,0,3,0,0,1,1,44,2,63.29,51.63,3,15,32,14,73,8,16,0.093,2998,PUT,9,1,1,PORT_SCAN
user-104,2026-09-28 05:18:33.686150,31,307,482,56955,53196,59,28,86,17,TCP,39,3,1,133,4,8,0,1,1,0,39,5,30.6,45.51,2,6,88,13,39,24,38,0.229,1417,GET,14,1,1,PORT_SCAN
user-079,2026-09-28 05:19:33.686150,67,609,656,71212,62551,60,17,71,14,HTTPS,58,2,1,84,0,5,0,0,0,1,34,11,51.94,51.09,3,6,47,18,26,15,37,0.135,2575,GET,17,1,1,PORT_SCAN
user-025,2026-09-28 05:20:33.686150,84,704,427,67629,62898,94,30,35,20,TCP,67,3,1,311,2,2,1,0,1,1,46,10,54.4,46.99,4,4,60,14,30,22,16,0.2282,2428,GET,8,3,1,PORT_SCAN
user-066,2026-09-28 05:21:33.686150,56,623,211,44978,35571,91,3,114,20,DNS,41,2,2,53,3,3,1,1,1,1,28,0,65.15,39.82,2,5,31,11,60,25,23,0.2122,2226,GET,14,0,1,PORT_SCAN
user-022,2026-09-28 05:22:33.686150,86,567,485,83305,22274,37,19,92,24,HTTPS,71,1,2,135,1,4,0,0,0,0,36,1,30.77,64.59,3,11,32,6,26,22,41,0.0798,375,GET,17,2,1,PORT_SCAN
user-181,2026-09-28 05:23:33.686150,35,700,524,41047,51895,45,6,53,23,HTTPS,57,4,3,390,5,3,1,1,1,1,40,14,29.9,39.27,2,5,74,18,71,17,40,0.1766,525,POST,18,0,1,PORT_SCAN
user-154,2026-09-28 05:24:33.686150,66,353,695,83016,24245,47,3,118,10,SSH,61,1,3,167,2,6,0,0,1,0,40,9,57.59,30.0,1,13,97,18,96,9,14,0.0867,1272,PATCH,11,1,1,PORT_SCAN
user-195,2026-09-28 05:25:33.686150,92,687,458,46217,65692,67,19,93,8,HTTPS,27,2,3,199,0,5,1,0,0,1,46,1,61.23,43.36,4,15,59,18,107,22,47,0.0504,2882,POST,9,0,1,PORT_SCAN
user-074,2026-09-28 05:26:33.686150,38,626,331,69147,49023,34,27,92,5,HTTPS,56,3,0,285,2,4,1,1,0,2,37,3,48.77,49.43,4,5,82,19,90,16,21,0.2491,549,GET,11,1,1,PORT_SCAN
user-110,2026-09-28 05:27:33.686150,39,474,310,46228,42803,118,15,120,21,HTTPS,72,4,2,385,2,4,0,1,0,1,38,5,54.86,50.33,4,3,61,14,30,20,30,0.1312,821,POST,19,2,1,PORT_SCAN
user-095,2026-09-28 05:28:33.686150,100,653,295,83693,33931,44,19,104,8,HTTPS,21,4,0,236,0,2,1,0,0,2,50,14,21.99,46.69,3,11,56,7,108,8,35,0.0604,2356,POST,20,2,1,PORT_SCAN
user-037,2026-09-28 05:29:33.686150,108,300,329,15667,35983,93,19,105,24,HTTPS,48,2,1,258,1,3,0,0,1,1,29,14,28.25,67.74,3,9,82,10,58,6,19,0.2425,2186,PUT,6,2,1,PORT_SCAN
user-163,2026-09-28 05:30:33.686150,54,386,464,53466,59642,103,10,72,19,HTTPS,63,4,1,377,2,5,1,0,0,0,56,9,55.98,69.08,3,12,31,11,66,5,18,0.1748,417,GET,16,1,1,PORT_SCAN
user-024,2026-09-28 05:31:33.686150,105,733,436,57792,23961,74,10,49,7,HTTPS,67,5,1,298,5,7,0,0,1,0,49,11,24.66,58.45,3,5,91,17,86,19,49,0.1476,1870,GET,4,2,1,PORT_SCAN
user-179,2026-09-28 05:32:33.686150,91,606,425,45425,13723,75,20,113,12,DNS,51,2,1,181,3,6,1,0,0,0,40,10,54.31,67.98,4,6,42,6,59,25,21,0.1731,1952,GET,5,0,1,PORT_SCAN
user-199,2026-09-28 05:33:33.686150,39,478,500,16583,39203,36,23,40,24,SSH,64,5,1,303,4,5,1,0,0,1,29,1,57.82,32.09,3,15,82,16,112,22,33,0.1862,2466,GET,9,2,1,PORT_SCAN
user-038,2026-09-28 05:34:33.686150,57,495,269,87983,57127,90,26,87,24,HTTPS,79,2,1,354,0,7,1,0,0,1,42,13,30.03,56.06,3,7,97,6,51,18,34,0.0637,2539,GET,17,2,1,PORT_SCAN
user-191,2026-09-28 05:35:33.686150,69,847,429,69362,37264,32,15,93,11,HTTP,45,4,0,321,4,7,1,0,0,0,26,5,49.46,50.92,4,9,81,17,52,15,12,0.1883,2295,POST,13,2,1,PORT_SCAN
user-064,2026-09-28 05:36:33.686150,64,876,456,47790,36675,88,28,111,19,SSH,27,4,2,326,3,5,0,0,0,0,33,10,53.9,55.53,4,7,97,17,81,16,35,0.2225,1563,PATCH,9,2,1,PORT_SCAN
user-159,2026-09-28 05:37:33.686150,95,460,367,45318,36029,52,14,108,16,TCP,52,2,2,51,2,3,0,0,1,1,46,1,60.01,33.94,2,5,57,8,105,9,46,0.1849,1006,GET,10,2,1,PORT_SCAN
user-101,2026-09-28 05:38:33.686150,31,758,522,42116,62699,94,15,64,6,HTTP,66,1,0,171,4,8,0,0,0,1,29,8,46.36,26.95,0,4,68,17,40,24,39,0.049,1563,GET,13,1,1,PORT_SCAN
user-059,2026-09-28 05:39:33.686150,91,413,243,54181,15623,104,17,104,12,TCP,36,5,3,227,4,7,0,1,1,1,44,12,48.54,57.72,2,8,83,19,53,22,14,0.0851,335,GET,16,1,1,PORT_SCAN
user-050,2026-09-28 05:40:33.686150,76,345,456,87905,52372,52,20,68,10,HTTP,55,3,0,200,4,6,0,0,1,1,45,13,62.99,45.74,0,4,94,5,78,11,30,0.0309,436,GET,18,1,1,PORT_SCAN
user-184,2026-09-28 05:41:33.686150,107,639,276,33206,27053,40,7,67,11,HTTPS,75,1,2,368,4,4,0,0,1,1,58,14,24.36,67.74,3,5,56,10,35,23,34,0.2234,1598,GET,6,0,1,PORT_SCAN
user-097,2026-09-28 05:42:33.686150,41,607,349,53080,51389,80,27,96,12,TCP,29,3,1,161,3,8,1,0,1,3,33,10,27.64,47.68,2,14,93,20,45,14,28,0.1342,2822,POST,17,0,1,PORT_SCAN
user-119,2026-09-28 05:43:33.686150,58,348,623,45606,69290,64,11,75,19,HTTPS,41,3,1,82,2,3,0,0,1,0,44,6,30.75,50.37,4,6,72,7,24,9,37,0.1876,2319,DELETE,17,1,1,PORT_SCAN
user-190,2026-09-28 05:44:33.686150,96,333,635,40008,62139,101,8,79,23,HTTPS,63,3,2,193,3,3,1,1,0,0,32,12,55.6,50.02,4,12,76,15,64,8,40,0.1386,1816,PUT,14,2,1,PORT_SCAN
user-056,2026-09-28 05:45:33.686150,35,794,362,87049,36108,97,10,74,5,SSH,73,2,2,288,4,4,0,0,1,0,32,6,67.4,44.76,2,12,33,7,63,16,43,0.0884,1392,GET,6,0,1,PORT_SCAN
user-060,2026-09-28 05:46:33.686150,30,263,676,75808,14331,39,21,100,24,HTTPS,47,2,1,162,2,4,1,0,1,1,38,3,45.75,41.07,1,4,62,6,75,14,34,0.1332,1051,GET,11,3,1,PORT_SCAN
user-177,2026-09-28 05:47:33.686150,60,624,276,76949,42775,105,28,60,23,HTTPS,28,4,2,48,3,6,0,1,0,0,43,6,62.87,54.17,1,4,83,8,101,17,47,0.1048,315,PUT,8,2,1,PORT_SCAN
user-128,2026-09-28 05:48:33.686150,105,266,571,60259,39215,45,21,71,11,HTTP,31,1,2,61,1,3,1,0,1,2,26,12,43.36,68.37,1,4,82,16,108,13,12,0.1619,1923,GET,13,3,1,PORT_SCAN
user-010,2026-09-28 05:49:33.686150,71,251,661,51972,53818,82,11,72,11,HTTP,49,2,2,69,4,2,0,0,0,0,48,7,65.45,58.36,1,3,39,9,69,20,30,0.1852,1722,GET,18,2,1,PORT_SCAN
user-069,2026-09-28 05:50:33.686150,48,551,433,44422,34980,83,15,66,14,HTTPS,26,3,2,164,3,2,0,1,1,0,29,0,55.66,69.53,1,12,70,8,46,17,25,0.1305,1970,PUT,19,1,1,PORT_SCAN
user-164,2026-09-28 05:51:33.686150,81,772,584,76947,44013,94,15,100,8,SSH,33,1,2,137,1,3,1,0,1,1,54,10,61.65,48.18,2,12,93,11,54,23,40,0.0858,903,POST,15,0,1,PORT_SCAN
user-095,2026-09-28 05:52:33.686150,87,574,303,79643,43193,88,27,105,19,HTTPS,33,2,2,270,3,6,0,0,0,0,44,4,38.43,29.32,1,6,67,10,65,16,49,0.2335,994,POST,14,1,1,PORT_SCAN
user-140,2026-09-28 05:53:33.686150,99,621,676,40844,28733,47,12,113,11,SSH,23,1,0,77,5,3,1,0,0,1,33,5,64.44,64.97,2,8,78,18,31,18,45,0.2499,1167,GET,19,2,1,PORT_SCAN
user-137,2026-09-28 05:54:33.686150,107,804,527,46208,16409,46,4,63,5,HTTPS,44,2,1,374,1,4,1,0,0,0,43,13,24.81,49.79,0,14,38,19,108,18,48,0.108,2238,GET,6,1,1,PORT_SCAN
user-097,2026-09-28 05:55:33.686150,65,363,598,54415,20216,72,16,119,6,HTTPS,69,4,2,320,4,6,1,1,1,0,36,1,65.38,51.27,1,3,94,12,116,25,11,0.0323,331,GET,17,1,1,PORT_SCAN
user-159,2026-09-28 05:56:33.686150,71,562,506,49561,24240,45,19,75,22,HTTP,55,1,3,381,4,5,0,0,0,3,42,0,59.36,53.76,4,12,42,12,31,19,20,0.083,1378,PATCH,9,1,1,PORT_SCAN
user-041,2026-09-28 05:57:33.686150,107,678,570,70283,17823,74,8,106,12,TCP,47,3,2,229,5,3,0,1,1,0,41,9,56.69,32.59,1,5,81,8,45,11,44,0.0466,2998,PATCH,17,2,1,PORT_SCAN
user-049,2026-09-28 05:58:33.686150,38,254,586,24949,32508,38,20,43,19,HTTPS,41,4,1,284,2,5,0,1,0,1,37,4,28.74,69.49,1,4,90,12,52,6,30,0.1403,1297,GET,4,2,1,PORT_SCAN
user-161,2026-09-28 05:59:33.686150,53,694,298,61635,67136,73,8,57,14,HTTP,71,3,1,272,1,1,1,1,0,1,43,11,56.58,38.78,1,12,32,10,83,13,50,0.2438,2252,GET,8,3,1,PORT_SCAN
user-001,2026-09-28 06:00:33.686150,42,895,519,67922,58466,116,17,50,15,SSH,49,2,0,254,1,7,1,0,1,2,42,4,30.85,34.29,3,4,61,13,57,9,39,0.0809,2554,POST,18,1,1,PORT_SCAN
user-151,2026-09-28 06:01:33.686150,93,622,690,82807,60383,72,7,47,17,HTTPS,37,2,3,231,2,7,1,0,0,0,35,12,31.26,35.6,3,11,34,7,117,25,20,0.1791,1894,GET,10,2,1,PORT_SCAN
user-104,2026-09-28 06:02:33.686150,65,451,442,23443,40843,86,7,28,13,HTTPS,50,5,2,395,3,8,1,1,1,0,51,8,41.95,42.57,2,5,81,9,111,10,37,0.102,2560,POST,10,2,1,PORT_SCAN
user-138,2026-09-28 06:03:33.686150,44,642,222,86719,35509,114,6,116,15,HTTP,32,3,1,345,4,7,0,1,0,2,54,10,46.89,47.79,0,3,65,16,97,20,19,0.2307,1855,POST,16,0,1,PORT_SCAN
user-064,2026-09-28 06:04:33.686150,107,472,234,78609,36055,73,24,112,9,DNS,38,3,3,308,5,2,1,1,1,0,45,9,48.88,45.35,2,12,54,17,48,17,26,0.1973,2584,GET,20,2,1,PORT_SCAN
user-139,2026-09-28 06:05:33.686150,103,299,675,83105,39586,117,10,38,11,HTTPS,27,3,3,52,2,5,1,0,0,0,31,11,65.38,31.81,3,7,54,19,95,19,25,0.2472,1255,GET,4,0,1,PORT_SCAN
user-034,2026-09-28 06:06:33.686150,51,526,618,71322,29762,111,18,105,25,TCP,60,2,2,150,3,4,0,1,0,0,58,10,55.72,42.36,3,14,67,17,95,17,15,0.063,1092,POST,11,1,1,PORT_SCAN
user-158,2026-09-28 06:07:33.686150,53,559,250,57509,58318,82,5,39,16,TCP,72,3,2,109,3,2,0,1,0,0,40,3,30.46,25.79,3,6,90,17,84,13,28,0.1568,1372,GET,13,0,1,PORT_SCAN
user-146,2026-09-28 06:08:33.686150,45,578,657,50727,57462,57,29,106,14,SSH,32,3,1,303,5,2,0,0,0,1,54,8,38.85,59.46,2,7,85,16,36,24,10,0.1214,2938,POST,13,2,1,PORT_SCAN
user-004,2026-09-28 06:09:33.686150,53,723,537,20106,67503,47,28,51,11,TCP,76,5,3,272,2,4,0,0,0,0,50,2,44.01,55.17,1,4,73,9,85,20,34,0.1585,350,POST,11,1,1,PORT_SCAN
user-096,2026-09-28 06:10:33.686150,90,419,588,31024,40093,30,3,59,14,HTTP,57,2,2,276,2,1,1,0,1,0,39,8,67.8,66.54,1,9,33,6,104,6,29,0.1394,1188,GET,10,3,1,PORT_SCAN
user-159,2026-09-28 06:11:33.686150,79,730,406,69205,58497,100,25,74,7,TCP,80,5,2,78,3,4,0,0,1,1,39,12,69.11,35.09,3,4,70,19,64,13,11,0.1748,960,GET,15,1,1,PORT_SCAN
user-145,2026-09-28 06:12:33.686150,48,851,579,55889,26991,32,15,35,4,HTTPS,21,4,2,194,3,4,0,1,1,0,37,2,22.66,43.03,3,7,77,14,99,16,24,0.0564,1479,GET,19,0,1,PORT_SCAN
user-036,2026-09-28 06:13:33.686150,77,597,286,27603,58622,51,17,57,6,HTTPS,78,3,2,207,5,1,1,1,0,0,38,4,56.02,59.5,2,6,62,16,36,12,11,0.1625,688,POST,12,2,1,PORT_SCAN
user-007,2026-09-28 06:14:33.686150,84,510,350,58049,43683,65,17,88,13,HTTPS,42,2,2,261,2,3,0,0,1,0,45,11,65.79,61.88,3,8,79,7,99,14,28,0.2143,992,GET,13,3,1,PORT_SCAN
user-057,2026-09-28 06:15:33.686150,99,539,295,75097,30756,44,10,84,8,HTTP,55,4,1,391,4,5,0,0,1,1,25,9,27.34,35.63,3,10,61,5,50,5,18,0.0534,507,POST,17,3,1,PORT_SCAN
user-090,2026-09-28 06:16:33.686150,39,623,696,34018,19364,78,23,104,12,HTTPS,70,2,1,381,3,3,0,0,1,1,54,3,51.64,31.4,0,13,92,16,53,24,18,0.0495,1964,PUT,12,3,1,PORT_SCAN
user-172,2026-09-28 06:17:33.686150,77,863,558,68651,40471,92,23,108,21,HTTP,33,4,1,68,2,5,1,0,1,1,46,14,49.09,42.7,2,7,47,9,23,9,48,0.1653,547,GET,6,3,1,PORT_SCAN
user-004,2026-09-28 06:18:33.686150,76,377,368,75683,42354,63,9,110,19,DNS,27,5,1,172,5,2,1,1,1,0,38,13,63.97,42.7,1,5,68,9,119,23,33,0.1454,1666,GET,5,1,1,PORT_SCAN
user-130,2026-09-28 06:19:33.686150,35,700,227,77002,63224,117,8,69,24,HTTPS,40,3,3,320,5,2,1,0,0,1,30,6,27.85,54.02,2,15,49,17,88,12,27,0.1948,829,GET,9,3,1,PORT_SCAN
user-137,2026-09-28 06:20:33.686150,41,751,473,85365,48937,101,24,90,19,TCP,28,1,3,387,4,2,1,0,0,1,37,1,32.7,63.99,2,8,73,20,45,16,45,0.1184,595,DELETE,5,2,1,PORT_SCAN
user-161,2026-09-28 06:21:33.686150,82,603,303,39112,26998,55,16,71,24,HTTPS,34,2,2,353,2,8,1,1,1,0,31,14,52.68,47.6,1,6,92,16,119,13,40,0.2419,2247,GET,6,2,1,PORT_SCAN
user-080,2026-09-28 06:22:33.686150,110,786,643,37838,60392,38,9,59,19,HTTP,43,2,3,361,3,7,0,0,0,0,51,1,32.5,33.61,1,11,56,7,69,19,31,0.1169,699,PATCH,18,1,1,PORT_SCAN
user-166,2026-09-28 06:23:33.686150,107,439,303,17616,58731,106,7,97,15,DNS,75,3,1,309,3,1,0,0,0,0,29,5,60.38,37.54,2,7,56,8,67,8,10,0.0972,2972,GET,5,2,1,PORT_SCAN
user-049,2026-09-28 06:24:33.686150,44,834,233,40687,49284,82,27,108,12,DNS,63,5,1,95,4,5,1,0,1,0,44,3,25.98,49.21,1,12,71,12,82,9,32,0.1828,1059,PUT,13,1,1,PORT_SCAN
user-139,2026-09-28 06:25:33.686150,51,521,186,27022,65531,89,19,47,20,HTTPS,71,2,1,385,1,8,0,1,0,1,33,2,40.38,32.39,2,14,65,14,62,20,47,0.1844,2339,PATCH,12,3,1,PORT_SCAN
user-048,2026-09-28 06:26:33.686150,46,397,325,89604,40893,115,6,117,14,HTTPS,53,1,3,218,4,4,1,1,1,1,28,8,31.66,69.69,1,9,67,20,40,10,21,0.2449,1008,POST,20,2,1,PORT_SCAN
user-096,2026-09-28 06:27:33.686150,57,797,303,28518,50504,102,11,72,20,HTTPS,69,3,2,191,0,3,0,1,1,0,44,9,64.81,63.26,4,3,98,12,94,12,13,0.1414,2604,GET,14,1,1,PORT_SCAN
user-116,2026-09-28 06:28:33.686150,31,568,432,71687,37146,41,15,57,20,HTTPS,52,3,3,54,1,3,1,1,0,2,29,0,37.21,56.77,2,13,35,8,88,8,28,0.1568,1166,PUT,15,1,1,PORT_SCAN
user-133,2026-09-28 06:29:33.686150,74,387,298,61515,25044,78,24,113,16,HTTPS,78,3,3,89,1,5,1,1,0,0,54,3,48.63,25.06,3,6,93,18,42,13,44,0.1028,872,GET,15,2,1,PORT_SCAN
user-053,2026-09-28 06:30:33.686150,35,605,568,66113,64061,94,27,76,21,TCP,47,3,3,89,2,4,0,0,1,1,49,13,34.3,48.67,3,4,85,19,93,20,25,0.1699,1897,GET,8,3,1,PORT_SCAN
user-179,2026-09-28 06:31:33.686150,71,298,604,70517,47739,85,11,119,25,DNS,21,4,2,270,3,5,1,1,1,1,35,12,31.54,43.75,4,13,99,7,77,11,28,0.0489,1019,POST,7,1,1,PORT_SCAN
user-132,2026-09-28 06:32:33.686150,60,768,586,19967,36550,104,12,54,24,HTTPS,42,3,3,46,3,8,1,0,0,1,57,8,65.45,32.95,3,5,58,12,23,13,38,0.217,2306,GET,4,2,1,PORT_SCAN
user-058,2026-09-28 06:33:33.686150,64,608,639,23955,45693,90,12,50,10,SSH,23,3,2,115,5,5,0,1,1,0,54,7,46.42,36.45,3,11,53,14,60,16,17,0.1785,1702,GET,17,0,1,PORT_SCAN
user-152,2026-09-28 06:34:33.686150,55,746,646,71080,44110,36,7,118,23,TCP,28,3,0,156,1,6,1,0,0,0,35,11,49.27,33.24,3,15,37,6,117,14,49,0.1095,2906,GET,14,1,1,PORT_SCAN
user-071,2026-09-28 06:35:33.686150,35,425,219,60140,39272,82,4,106,19,HTTP,51,4,3,298,5,1,1,0,0,1,52,0,55.75,38.04,0,7,87,7,82,8,17,0.2369,1358,GET,13,2,1,PORT_SCAN
user-165,2026-09-28 06:36:33.686150,76,561,433,19201,57305,92,23,68,19,DNS,37,3,1,387,2,4,0,1,1,1,49,9,53.03,32.23,2,10,93,9,86,17,40,0.0471,444,GET,6,3,1,PORT_SCAN
user-087,2026-09-28 06:37:33.686150,43,506,293,36534,52079,97,24,70,4,TCP,63,5,0,173,4,6,0,0,0,1,34,1,47.4,28.83,3,12,34,11,102,14,13,0.0811,2875,PATCH,5,2,1,PORT_SCAN
user-191,2026-09-28 06:38:33.686150,60,549,621,43100,21531,39,18,84,5,HTTPS,26,3,3,211,4,5,0,1,1,0,43,1,65.6,65.09,4,3,37,13,102,14,18,0.0687,2866,POST,9,0,1,PORT_SCAN
user-004,2026-09-28 06:39:33.686150,87,567,510,59342,14089,36,29,70,19,HTTPS,55,4,2,183,5,2,1,1,0,0,57,8,57.81,68.12,3,8,96,10,61,20,49,0.2296,1451,GET,18,0,1,PORT_SCAN
user-046,2026-09-28 06:40:33.686150,107,311,225,71341,39797,117,20,58,10,HTTPS,32,3,1,179,4,5,0,1,1,1,47,7,56.06,56.05,1,7,78,15,58,24,19,0.1216,2723,GET,8,1,1,PORT_SCAN
user-158,2026-09-28 06:41:33.686150,51,519,435,24340,37026,74,9,110,14,TCP,70,2,2,288,1,3,0,0,1,0,41,8,41.02,37.72,3,15,74,13,75,17,32,0.1487,573,GET,15,2,1,PORT_SCAN
user-103,2026-09-28 06:42:33.686150,65,900,228,51932,19629,93,9,49,25,HTTPS,63,2,1,133,0,4,1,0,1,0,33,7,29.78,42.1,2,7,52,8,66,14,34,0.2423,1924,PUT,9,1,1,PORT_SCAN
user-005,2026-09-28 06:43:33.686150,30,693,657,88400,13657,37,23,71,4,HTTP,64,1,2,336,3,5,1,0,0,2,56,9,65.91,68.6,2,10,88,14,30,7,43,0.1784,2837,POST,14,1,1,PORT_SCAN
user-184,2026-09-28 06:44:33.686150,38,703,512,71696,16536,86,5,32,7,HTTPS,40,3,2,90,2,2,0,0,0,0,32,0,24.01,33.03,2,14,57,8,114,9,11,0.1765,1563,GET,6,3,1,PORT_SCAN
user-085,2026-09-28 06:45:33.686150,92,712,349,31844,64656,53,23,35,24,HTTPS,21,3,0,357,3,2,0,0,0,0,27,3,27.16,58.65,2,11,35,5,23,11,39,0.2265,2446,GET,6,1,1,PORT_SCAN
user-060,2026-09-28 06:46:33.686150,44,306,374,75685,23761,60,6,118,5,SSH,49,4,1,331,3,3,0,0,0,0,52,7,44.76,30.92,0,6,98,18,105,6,42,0.1832,545,POST,19,1,1,PORT_SCAN
user-195,2026-09-28 06:47:33.686150,60,751,572,83854,40414,78,18,60,5,HTTPS,55,5,0,280,1,4,1,0,1,1,46,9,59.61,47.73,2,15,44,18,37,18,23,0.1761,1320,GET,9,1,1,PORT_SCAN
user-055,2026-09-28 06:48:33.686150,73,561,265,39690,59113,60,25,54,4,DNS,79,3,1,139,1,2,0,0,0,0,49,6,42.71,65.11,1,6,96,5,110,15,32,0.1777,2036,GET,15,1,1,PORT_SCAN
user-071,2026-09-28 06:49:33.686150,54,859,474,23973,13353,77,17,86,15,SSH,50,3,1,49,3,2,0,0,1,0,54,13,56.02,55.52,1,7,57,15,79,7,13,0.2078,2166,POST,19,1,1,PORT_SCAN
user-014,2026-09-28 06:50:33.686150,89,386,478,15626,46260,105,22,55,20,HTTP,26,2,1,201,2,2,0,0,1,2,40,0,53.18,67.46,4,3,94,17,25,19,23,0.1395,1485,GET,9,1,1,PORT_SCAN
user-169,2026-09-28 06:51:33.686150,33,769,351,86152,50086,47,10,53,21,HTTPS,77,1,1,114,1,2,0,0,0,0,47,10,26.17,69.55,3,6,53,15,112,21,45,0.1082,2293,POST,11,2,1,PORT_SCAN
user-146,2026-09-28 06:52:33.686150,57,384,189,78974,67270,103,10,91,5,HTTPS,66,2,2,314,1,8,0,1,1,0,37,9,48.57,55.81,0,12,47,5,44,19,48,0.1173,981,GET,16,2,1,PORT_SCAN
user-158,2026-09-28 06:53:33.686150,76,317,327,16284,14691,45,17,31,23,HTTP,63,4,0,239,3,2,0,0,0,0,41,6,36.84,62.93,0,13,98,19,28,23,33,0.1266,2285,GET,15,3,1,PORT_SCAN
user-191,2026-09-28 06:54:33.686150,34,640,257,60536,18078,101,21,30,9,HTTPS,69,2,1,226,3,3,0,0,1,0,42,13,33.9,34.91,3,6,84,4,39,19,22,0.1584,1893,GET,8,1,1,PORT_SCAN
user-100,2026-09-28 06:55:33.686150,100,382,580,62136,50164,74,8,115,8,SSH,50,4,1,107,2,3,1,0,1,1,46,6,60.42,67.2,2,9,96,20,90,14,49,0.1896,301,GET,19,1,1,PORT_SCAN
user-183,2026-09-28 06:56:33.686150,100,867,223,44954,50880,63,28,83,16,DNS,38,2,2,330,3,3,0,0,0,1,48,7,60.71,39.68,4,14,94,12,33,7,29,0.2249,2953,GET,16,3,1,PORT_SCAN
user-074,2026-09-28 06:57:33.686150,71,836,477,60126,19916,102,29,95,9,HTTPS,60,5,0,113,1,6,0,0,1,1,41,4,21.52,49.33,1,8,80,10,64,7,36,0.1709,1915,PUT,8,3,1,PORT_SCAN
user-141,2026-09-28 06:58:33.686150,31,436,303,65766,69735,106,7,28,13,HTTP,58,3,2,358,3,7,1,1,0,0,55,9,41.32,31.26,4,12,87,12,85,15,38,0.216,2238,GET,12,1,1,PORT_SCAN
user-065,2026-09-28 06:59:33.686150,108,430,522,87126,56907,115,13,68,25,HTTPS,71,5,1,138,5,7,1,0,0,0,39,13,39.31,38.06,1,15,62,10,38,24,15,0.127,1762,PATCH,8,1,1,PORT_SCAN
user-125,2026-09-28 07:00:33.686150,77,355,519,79007,33287,107,17,95,6,TCP,42,2,2,276,2,3,1,0,0,0,35,14,34.22,32.26,2,7,58,9,91,19,14,0.1669,2348,GET,4,2,1,PORT_SCAN
user-016,2026-09-28 07:01:33.686150,94,319,563,58430,51257,101,17,65,16,TCP,61,2,2,186,1,7,0,0,1,0,32,9,32.09,43.71,3,10,44,14,47,15,26,0.2331,2531,PUT,13,1,1,PORT_SCAN
user-075,2026-09-28 07:02:33.686150,35,872,540,40036,67989,48,7,52,16,SSH,23,1,1,60,2,3,0,0,1,2,32,3,39.51,43.33,3,8,35,15,58,21,26,0.1827,1512,POST,19,0,1,PORT_SCAN
user-041,2026-09-28 07:03:33.686150,48,860,560,39951,64734,52,21,30,10,TCP,73,2,0,398,1,3,0,0,0,1,36,2,66.28,62.47,1,14,90,9,52,17,11,0.2019,1170,GET,19,2,1,PORT_SCAN
user-059,2026-09-28 07:04:33.686150,78,683,563,53136,64464,31,20,35,7,HTTPS,43,2,1,114,4,2,1,0,0,2,43,14,63.55,49.21,0,13,75,14,93,21,31,0.0716,2200,POST,17,2,1,PORT_SCAN
user-128,2026-09-28 07:05:33.686150,57,368,291,23208,50228,80,28,49,21,HTTPS,67,2,0,213,1,5,1,1,0,0,42,7,43.17,58.72,1,4,59,16,52,9,28,0.048,2668,POST,15,1,1,PORT_SCAN
user-112,2026-09-28 07:06:33.686150,58,255,252,78710,17917,77,25,35,4,SSH,35,4,1,317,4,7,0,0,0,1,33,9,22.35,64.15,1,4,35,9,33,8,43,0.0668,555,GET,7,3,1,PORT_SCAN
user-017,2026-09-28 07:07:33.686150,53,690,342,61048,15532,103,6,67,14,HTTPS,39,4,1,147,0,7,1,0,1,1,37,14,47.56,44.25,3,12,41,5,79,16,40,0.0586,2724,GET,15,0,1,PORT_SCAN
user-011,2026-09-28 07:08:33.686150,55,759,266,19281,26659,100,20,42,12,HTTPS,38,4,2,118,4,7,0,0,0,0,54,1,32.81,56.7,2,4,56,6,97,8,36,0.1965,1491,PATCH,6,2,1,PORT_SCAN
user-152,2026-09-28 07:09:33.686150,68,481,674,45175,15347,116,3,53,19,HTTPS,42,3,3,196,4,5,1,0,1,0,41,1,60.52,54.9,3,14,45,17,46,8,34,0.1983,2447,PATCH,6,0,1,PORT_SCAN
user-192,2026-09-28 07:10:33.686150,40,526,558,43007,45984,87,29,96,21,SSH,33,5,1,128,4,3,0,0,1,0,40,12,54.0,25.51,3,13,43,15,47,6,14,0.0756,975,POST,15,0,1,PORT_SCAN
user-094,2026-09-28 07:11:33.686150,76,743,348,36465,43914,84,7,39,13,HTTPS,24,4,0,103,5,3,1,0,0,0,37,14,44.8,45.14,1,6,31,18,93,16,22,0.1011,2827,GET,14,2,1,PORT_SCAN
user-155,2026-09-28 07:12:33.686150,63,433,270,37264,48727,96,14,42,16,DNS,26,3,2,223,2,8,1,0,1,1,33,8,38.66,27.16,3,12,88,13,81,8,38,0.1897,1118,POST,13,3,1,PORT_SCAN
user-007,2026-09-28 07:13:33.686150,61,631,618,33193,68249,90,3,95,18,HTTP,52,1,2,48,3,2,1,0,1,0,45,8,37.94,26.07,0,9,54,8,115,15,41,0.1263,599,POST,11,1,1,PORT_SCAN
user-190,2026-09-28 07:14:33.686150,49,642,467,49942,60352,71,11,39,5,HTTP,34,5,2,238,1,7,1,0,0,2,37,9,23.56,61.77,2,7,45,7,59,8,23,0.1314,889,GET,5,1,1,PORT_SCAN
user-018,2026-09-28 07:15:33.686150,36,524,572,23260,67705,95,28,70,22,TCP,73,3,2,77,1,2,0,0,1,1,50,14,40.28,62.25,4,3,79,9,26,19,35,0.1452,1107,GET,7,0,1,PORT_SCAN
user-068,2026-09-28 07:16:33.686150,77,322,201,75328,67364,41,20,100,4,HTTPS,59,4,2,330,3,7,0,0,0,0,55,8,27.44,27.78,1,4,80,9,109,10,13,0.2304,2576,POST,6,3,1,PORT_SCAN
user-034,2026-09-28 07:17:33.686150,53,817,267,41933,31554,55,25,98,25,DNS,31,2,2,347,3,2,0,0,1,3,44,1,38.31,68.2,1,15,51,10,61,9,39,0.0446,2544,GET,14,2,1,PORT_SCAN
user-063,2026-09-28 07:18:33.686150,31,322,681,81980,15118,109,3,80,16,HTTPS,61,2,2,228,1,5,1,0,0,1,45,13,31.04,51.47,3,12,69,17,28,6,37,0.0457,2404,POST,10,1,1,PORT_SCAN
user-070,2026-09-28 07:19:33.686150,45,554,374,50105,19337,81,2,46,16,SSH,62,2,1,130,3,2,1,0,0,0,26,12,25.63,48.53,2,12,88,14,41,11,16,0.2472,1724,POST,12,2,1,PORT_SCAN
user-193,2026-09-28 07:20:33.686150,47,607,214,43466,67758,73,19,33,19,HTTP,41,5,2,44,1,6,0,0,0,1,47,1,37.9,42.76,1,13,86,12,94,15,14,0.1389,1260,GET,11,0,1,PORT_SCAN
user-149,2026-09-28 07:21:33.686150,34,271,261,24039,46509,56,23,88,20,SSH,50,5,2,179,5,4,1,0,0,0,49,2,34.22,41.21,2,8,50,17,63,23,14,0.0825,2922,DELETE,11,0,1,PORT_SCAN
user-078,2026-09-28 07:22:33.686150,103,833,317,26051,28595,39,20,48,22,TCP,78,2,0,295,3,7,0,0,1,1,50,14,60.53,35.92,2,15,88,6,60,11,13,0.2095,848,GET,11,2,1,PORT_SCAN
user-038,2026-09-28 07:23:33.686150,85,766,236,69542,53805,87,22,28,24,HTTPS,50,3,3,396,3,8,0,0,1,1,40,2,32.06,39.83,3,4,73,8,73,18,18,0.1524,2048,GET,4,2,1,PORT_SCAN
user-037,2026-09-28 07:24:33.686150,81,534,280,26563,17184,49,5,30,24,HTTPS,68,1,1,299,2,2,1,0,1,0,50,10,44.67,44.48,3,11,84,13,115,21,43,0.1627,2473,GET,14,0,1,PORT_SCAN
user-089,2026-09-28 07:25:33.686150,71,682,600,62933,12515,97,23,91,9,HTTPS,49,5,3,130,3,6,0,1,0,0,52,3,22.58,69.99,4,12,91,14,97,9,21,0.2418,471,PUT,8,2,1,PORT_SCAN
user-084,2026-09-28 07:26:33.686150,46,786,259,37270,19505,118,11,32,22,HTTPS,23,5,2,342,5,4,0,0,0,0,37,11,42.4,44.6,2,5,68,5,104,6,37,0.128,1641,GET,14,2,1,PORT_SCAN
user-068,2026-09-28 07:27:33.686150,52,600,427,33595,38259,72,25,46,19,HTTPS,42,5,1,66,3,5,0,1,0,0,54,13,43.52,29.27,2,13,38,19,72,8,12,0.2171,2442,POST,12,1,1,PORT_SCAN
user-138,2026-09-28 07:28:33.686150,104,279,424,38182,46951,63,16,110,22,DNS,34,3,2,179,2,6,0,1,0,2,31,3,59.04,56.72,1,13,86,18,59,7,20,0.0516,2712,GET,8,2,1,PORT_SCAN
user-048,2026-09-28 07:29:33.686150,34,553,445,52985,65237,55,20,26,5,HTTPS,21,4,1,127,2,3,1,0,1,1,23,0,57.64,35.4,2,14,91,18,94,13,50,0.1845,2709,GET,9,0,1,PORT_SCAN
user-028,2026-09-28 07:30:33.686150,72,421,333,38640,31131,117,20,85,11,HTTPS,41,1,1,242,4,6,0,1,1,1,51,5,31.07,67.17,3,13,66,7,114,15,45,0.1747,2186,POST,19,0,1,PORT_SCAN
user-116,2026-09-28 07:31:33.686150,55,556,509,43925,46166,57,4,30,22,HTTPS,37,2,2,347,0,3,0,0,1,1,51,12,42.68,49.26,1,6,30,18,54,7,16,0.2255,1761,GET,14,0,1,PORT_SCAN
user-043,2026-09-28 07:32:33.686150,34,532,333,50839,62066,116,24,114,24,HTTPS,37,3,1,132,3,5,0,0,0,1,34,8,38.23,67.91,3,12,51,9,63,16,43,0.2078,1652,DELETE,10,0,1,PORT_SCAN
user-011,2026-09-28 07:33:33.686150,55,768,494,77508,62193,45,5,45,7,HTTPS,69,2,2,127,2,7,1,0,1,0,35,7,56.68,30.58,1,12,71,12,94,9,22,0.1929,2746,GET,9,3,1,PORT_SCAN
user-002,2026-09-28 07:34:33.686150,52,669,266,64001,47112,33,2,28,5,TCP,70,3,0,255,1,4,1,0,0,0,31,11,50.18,60.34,2,10,39,15,32,22,14,0.2374,2351,GET,10,3,1,PORT_SCAN
user-153,2026-09-28 07:35:33.686150,36,404,186,33879,38592,58,19,89,18,HTTP,31,3,1,191,3,3,0,0,0,0,36,13,29.78,46.4,2,4,33,18,40,20,28,0.1118,972,POST,18,0,1,PORT_SCAN
user-138,2026-09-28 07:36:33.686150,39,606,663,54319,46812,79,10,69,22,TCP,68,2,0,31,3,1,0,0,0,1,37,14,44.21,43.44,1,14,90,7,32,7,24,0.045,2168,POST,5,2,1,PORT_SCAN
user-038,2026-09-28 07:37:33.686150,39,744,571,85797,33436,57,3,93,4,HTTPS,70,1,0,249,4,3,1,0,1,2,45,7,31.85,57.65,3,4,95,7,21,11,37,0.1752,535,GET,9,1,1,PORT_SCAN
user-190,2026-09-28 07:38:33.686150,99,450,535,42355,61889,36,15,90,24,HTTPS,42,1,2,356,2,2,0,0,1,0,50,6,35.51,54.61,0,11,47,12,46,7,44,0.0667,1922,GET,5,0,1,PORT_SCAN
user-157,2026-09-28 07:39:33.686150,41,772,385,70186,22225,110,24,68,5,HTTP,73,4,2,318,1,7,1,0,0,0,28,7,63.6,66.93,1,10,45,5,106,13,12,0.177,564,DELETE,4,2,1,PORT_SCAN
user-036,2026-09-28 07:40:33.686150,61,897,306,56120,31122,75,24,115,22,TCP,33,2,2,287,1,4,1,0,1,0,45,8,46.22,55.76,3,7,83,8,109,14,20,0.2226,711,POST,11,2,1,PORT_SCAN
user-143,2026-09-28 07:41:33.686150,40,361,335,20980,27741,37,20,52,25,HTTPS,49,3,0,77,3,5,0,1,1,2,39,5,64.38,33.05,4,8,98,6,41,17,43,0.0932,1638,POST,13,2,1,PORT_SCAN
user-097,2026-09-28 07:42:33.686150,45,261,671,55854,20302,30,29,74,11,SSH,78,4,2,139,1,2,1,0,1,0,50,5,49.02,32.91,1,6,74,19,85,20,43,0.2134,2966,GET,8,2,1,PORT_SCAN
user-147,2026-09-28 07:43:33.686150,100,556,646,31629,58382,69,19,47,10,HTTPS,52,3,0,133,2,6,1,0,1,1,45,2,42.17,64.37,4,10,95,6,81,6,16,0.1092,558,POST,14,2,1,PORT_SCAN
user-148,2026-09-28 07:44:33.686150,55,298,307,35852,48395,68,25,89,11,HTTPS,47,1,2,173,4,6,1,1,0,2,53,9,35.54,62.55,2,10,79,12,64,25,35,0.0365,536,GET,8,1,1,PORT_SCAN
user-046,2026-09-28 07:45:33.686150,94,772,655,46601,25770,68,22,83,22,SSH,78,2,2,202,1,3,0,1,1,0,52,1,39.42,47.48,2,5,71,10,25,19,11,0.2198,1788,POST,9,1,1,PORT_SCAN
user-019,2026-09-28 07:46:33.686150,69,763,642,21679,39749,56,16,40,21,SSH,67,4,0,239,2,2,1,0,1,1,55,0,67.09,50.87,1,6,70,15,55,12,32,0.1288,1900,POST,19,2,1,PORT_SCAN
user-096,2026-09-28 07:47:33.686150,69,474,409,16728,35785,85,8,75,21,HTTPS,44,4,2,97,4,3,1,0,1,0,26,11,21.38,66.87,4,5,65,8,83,21,36,0.0814,2911,POST,8,3,1,PORT_SCAN
user-112,2026-09-28 07:48:33.686150,83,725,260,87535,40630,64,2,40,19,HTTPS,28,4,0,54,0,7,0,1,0,1,43,8,58.41,38.46,1,3,48,14,34,25,46,0.0841,1898,GET,19,3,1,PORT_SCAN
user-090,2026-09-28 07:49:33.686150,58,462,215,71989,22542,92,23,104,15,SSH,24,5,2,124,4,6,0,0,1,0,33,4,35.57,36.93,1,7,78,15,117,17,37,0.0508,2225,GET,19,0,1,PORT_SCAN
user-147,2026-09-28 07:50:33.686150,82,646,634,16270,30007,65,29,69,20,HTTPS,57,5,3,226,0,2,0,0,1,0,41,5,63.23,61.49,1,11,91,9,63,6,27,0.1012,2422,GET,8,1,1,PORT_SCAN
user-063,2026-09-28 07:51:33.686150,84,302,364,64677,68309,72,14,76,21,HTTPS,21,2,1,221,3,3,0,0,0,1,39,11,36.58,53.01,2,6,55,14,37,19,47,0.0663,1128,GET,9,2,1,PORT_SCAN
user-070,2026-09-28 07:52:33.686150,59,265,465,73138,22677,59,6,64,17,SSH,29,2,2,246,3,2,0,0,0,3,46,4,68.73,56.48,2,11,43,7,96,23,46,0.074,354,PUT,6,0,1,PORT_SCAN
user-016,2026-09-28 07:53:33.686150,104,463,422,45763,47874,107,24,42,5,HTTPS,37,4,1,396,2,3,0,0,0,0,48,9,46.02,44.95,4,8,55,8,26,21,33,0.2102,2074,POST,9,1,1,PORT_SCAN
user-148,2026-09-28 07:54:33.686150,103,488,464,48124,57507,51,28,117,20,HTTPS,23,3,2,106,2,3,1,0,1,0,55,5,35.21,43.96,2,4,47,15,30,16,47,0.1388,2214,PUT,11,3,1,PORT_SCAN
user-164,2026-09-28 07:55:33.686150,59,658,675,48900,55308,78,29,48,20,HTTPS,20,3,1,281,0,4,1,0,0,0,27,6,49.87,65.91,4,5,69,9,93,15,26,0.0736,889,POST,13,0,1,PORT_SCAN
user-023,2026-09-28 07:56:33.686150,103,475,535,82224,41601,100,27,89,6,HTTPS,27,3,1,61,2,4,1,1,1,0,31,11,26.96,43.31,0,10,88,15,29,12,42,0.1227,2751,GET,13,0,1,PORT_SCAN
user-157,2026-09-28 07:57:33.686150,86,424,515,61741,27772,30,20,83,25,HTTPS,71,2,2,74,2,2,1,0,0,1,35,2,28.74,66.36,2,13,84,11,119,18,26,0.1725,1213,GET,14,1,1,PORT_SCAN
user-029,2026-09-28 07:58:33.686150,60,561,652,28971,14569,100,21,29,9,HTTPS,57,2,1,56,1,1,0,0,0,0,41,5,30.83,56.56,2,7,39,18,40,19,37,0.04,1451,GET,11,0,1,PORT_SCAN
user-005,2026-09-28 07:59:33.686150,38,517,535,26942,42733,38,17,117,24,HTTPS,42,2,2,367,3,7,0,0,1,1,30,0,38.32,25.84,3,6,79,14,67,9,12,0.1454,1178,GET,14,1,1,PORT_SCAN
user-172,2026-09-28 08:00:33.686150,34,447,484,41061,23119,101,3,115,22,TCP,23,2,2,135,0,4,1,0,1,0,40,7,38.96,32.33,4,11,95,6,45,12,13,0.2226,2845,PUT,11,1,1,PORT_SCAN
user-037,2026-09-28 08:01:33.686150,67,506,507,22386,31237,85,22,27,5,SSH,74,4,0,357,1,4,0,0,1,0,46,11,34.72,43.71,1,6,86,17,43,23,17,0.1745,2252,POST,8,1,1,PORT_SCAN
user-186,2026-09-28 08:02:33.686150,43,850,451,21089,44269,61,13,52,24,HTTP,73,1,0,60,1,5,1,1,0,0,52,2,61.54,33.57,3,8,88,14,49,8,15,0.1171,920,POST,12,2,1,PORT_SCAN
user-077,2026-09-28 08:03:33.686150,86,460,385,29201,23178,81,22,94,7,SSH,53,3,3,125,4,3,0,1,0,1,35,4,33.58,28.99,2,11,99,10,38,23,38,0.1167,1540,POST,10,0,1,PORT_SCAN
user-017,2026-09-28 08:04:33.686150,103,503,455,63121,20095,104,3,62,21,HTTPS,39,1,0,346,3,5,0,1,0,2,43,0,31.42,26.58,1,9,42,8,102,17,31,0.162,1359,GET,6,2,1,PORT_SCAN
user-077,2026-09-28 08:05:33.686150,33,278,477,40440,28215,103,14,30,6,HTTPS,68,2,0,124,5,5,1,0,0,0,44,1,24.54,47.22,2,11,40,13,77,14,39,0.1855,570,POST,9,1,1,PORT_SCAN
user-192,2026-09-28 08:06:33.686150,49,397,694,46355,27416,45,13,32,23,TCP,71,5,3,398,0,4,0,0,0,1,37,11,49.89,49.77,2,9,76,9,20,20,43,0.2214,1042,GET,15,1,1,PORT_SCAN
user-029,2026-09-28 08:07:33.686150,34,569,654,53816,52269,89,21,29,20,SSH,74,2,1,349,4,5,0,0,1,1,46,4,35.75,34.25,2,5,84,5,109,5,18,0.0302,2548,GET,16,1,1,PORT_SCAN
user-078,2026-09-28 08:08:33.686150,100,648,473,49304,27153,73,30,35,23,SSH,73,2,1,202,1,8,1,0,0,0,42,7,21.6,57.76,3,10,48,17,26,22,49,0.1347,1756,POST,10,1,1,PORT_SCAN
user-169,2026-09-28 08:09:33.686150,34,391,593,51618,27356,118,5,88,8,HTTPS,48,2,1,35,5,3,0,0,1,2,45,2,22.02,30.03,3,7,35,15,42,20,39,0.1829,2401,PATCH,5,1,1,PORT_SCAN
user-177,2026-09-28 08:10:33.686150,57,662,472,65957,60558,90,12,87,16,SSH,62,3,3,183,1,3,0,0,0,1,49,14,27.56,25.67,2,7,70,17,55,13,27,0.0396,1549,GET,18,2,1,PORT_SCAN
user-199,2026-09-28 08:11:33.686150,30,441,203,50689,27423,35,11,35,19,HTTPS,60,2,2,90,3,7,0,0,0,0,28,10,61.91,56.38,2,4,41,7,104,10,47,0.246,2724,GET,12,1,1,PORT_SCAN
user-017,2026-09-28 08:12:33.686150,75,485,607,35560,36336,32,11,44,14,DNS,70,4,2,75,0,2,0,0,0,1,31,14,38.23,34.77,1,7,72,17,118,13,25,0.2175,2984,GET,17,0,1,PORT_SCAN
user-109,2026-09-28 08:13:33.686150,105,597,585,85310,67095,68,20,87,17,HTTP,50,4,1,378,4,7,0,0,1,2,28,6,47.61,46.62,4,8,71,17,67,17,38,0.127,2487,POST,19,1,1,PORT_SCAN
user-018,2026-09-28 08:14:33.686150,77,679,259,21128,29532,31,26,47,22,DNS,74,3,0,130,2,4,0,1,0,0,36,10,22.29,49.87,0,6,42,19,87,14,49,0.2031,2820,GET,8,2,1,PORT_SCAN
user-085,2026-09-28 08:15:33.686150,70,797,553,78387,21258,33,30,117,24,SSH,34,1,0,314,1,8,0,0,0,0,50,6,53.26,50.58,1,11,82,18,84,19,45,0.0301,1823,GET,5,1,1,PORT_SCAN
user-113,2026-09-28 08:16:33.686150,81,846,662,79772,51597,108,16,86,23,HTTP,69,4,3,262,1,6,1,0,0,0,35,3,43.38,57.16,2,13,45,12,36,6,26,0.156,752,POST,11,1,1,PORT_SCAN
user-171,2026-09-28 08:17:33.686150,59,858,233,63268,54511,68,11,38,16,HTTP,35,4,2,125,3,1,0,0,1,0,43,9,60.07,31.23,2,14,82,19,27,17,26,0.1371,2471,PATCH,10,2,1,PORT_SCAN
user-191,2026-09-28 08:18:33.686150,58,483,606,29813,24063,38,12,33,22,HTTPS,43,3,3,303,4,2,1,0,1,0,24,1,25.46,41.0,3,13,87,17,35,8,11,0.089,1435,GET,17,2,1,PORT_SCAN
user-064,2026-09-28 08:19:33.686150,55,425,657,79554,31477,108,10,107,14,DNS,56,2,0,377,5,3,1,0,0,0,43,9,24.78,48.2,0,14,77,17,28,7,18,0.0346,1128,POST,5,2,1,PORT_SCAN
user-150,2026-09-28 08:20:33.686150,63,527,342,61822,33655,32,30,29,9,HTTPS,78,2,2,90,2,4,1,1,1,1,51,10,24.57,52.19,2,7,65,14,71,10,49,0.0668,2159,PATCH,17,2,1,PORT_SCAN
user-052,2026-09-28 08:21:33.686150,53,589,375,56390,54503,37,24,43,13,HTTPS,22,4,2,283,2,3,0,0,0,0,25,0,30.28,62.14,3,14,52,9,35,7,46,0.1271,1280,GET,8,1,1,PORT_SCAN
user-089,2026-09-28 08:22:33.686150,34,843,334,55007,32560,41,18,105,18,HTTPS,77,4,0,117,0,2,0,0,1,2,38,12,33.2,39.66,3,14,100,14,21,21,17,0.1887,543,GET,6,2,1,PORT_SCAN
user-198,2026-09-28 08:23:33.686150,37,593,649,24328,60225,69,8,31,5,SSH,80,4,3,73,5,8,0,1,0,0,51,3,42.58,34.13,1,7,81,14,78,22,36,0.1902,2483,GET,10,3,1,PORT_SCAN
user-030,2026-09-28 08:24:33.686150,52,309,487,46926,15426,57,14,83,18,HTTP,42,3,2,60,1,2,0,1,1,0,39,11,64.52,54.66,3,5,44,10,62,22,38,0.2036,2814,GET,18,0,1,PORT_SCAN
user-020,2026-09-28 08:25:33.686150,109,791,299,27614,44902,51,21,109,7,DNS,58,4,2,140,1,3,1,0,0,0,28,1,21.87,38.12,3,6,36,15,33,8,23,0.1006,1354,GET,16,1,1,PORT_SCAN
user-153,2026-09-28 08:26:33.686150,68,734,385,76932,21192,69,13,29,22,HTTPS,76,5,1,109,4,4,0,1,0,0,35,7,39.98,57.19,3,7,78,12,97,19,46,0.0371,1182,GET,5,3,1,PORT_SCAN
user-057,2026-09-28 08:27:33.686150,90,871,565,52839,52588,39,27,44,23,HTTPS,40,4,2,326,4,7,0,1,0,0,29,3,58.15,32.35,1,12,51,12,43,5,22,0.1052,2679,GET,14,2,1,PORT_SCAN
user-061,2026-09-28 08:28:33.686150,33,432,296,19030,37126,44,27,63,16,SSH,68,4,0,388,4,4,0,0,0,0,36,10,44.58,41.66,4,10,71,10,83,20,36,0.1689,1875,GET,20,0,1,PORT_SCAN
user-165,2026-09-28 08:29:33.686150,57,887,360,63773,54969,69,15,54,21,HTTP,75,3,2,78,3,5,0,1,1,2,41,9,20.43,28.82,4,8,57,10,23,11,17,0.071,1677,POST,15,3,1,PORT_SCAN
user-024,2026-09-28 08:30:33.686150,46,635,283,28995,56599,60,23,35,24,HTTP,54,2,0,310,2,6,0,1,0,0,36,2,20.78,49.72,4,6,74,18,48,15,40,0.1189,373,GET,13,1,1,PORT_SCAN
user-084,2026-09-28 08:31:33.686150,33,687,585,36833,60879,95,9,54,21,HTTPS,68,4,1,192,2,5,0,0,0,0,42,7,50.36,56.42,2,12,41,10,52,20,23,0.042,1249,POST,5,0,1,PORT_SCAN
user-154,2026-09-28 08:32:33.686150,91,414,272,27912,20325,65,5,58,5,HTTPS,60,5,2,388,2,4,0,0,0,0,44,0,40.4,34.57,3,11,32,9,24,6,43,0.2211,800,GET,8,3,1,PORT_SCAN
user-072,2026-09-28 08:33:33.686150,91,409,353,15000,66222,111,23,27,20,HTTP,57,2,0,303,1,2,1,0,1,0,32,10,60.48,36.6,1,11,37,19,99,21,32,0.055,1868,GET,12,0,1,PORT_SCAN
user-016,2026-09-28 08:34:33.686150,35,574,362,87137,48407,76,25,53,22,SSH,29,2,2,74,1,6,0,0,1,1,42,4,42.08,37.98,1,7,68,20,51,13,25,0.0923,2152,PATCH,18,3,1,PORT_SCAN
user-041,2026-09-28 08:35:33.686150,46,874,414,37284,13657,75,19,81,5,HTTPS,72,2,3,76,5,3,1,0,0,1,46,3,51.99,59.37,1,7,35,18,86,24,16,0.2058,1106,GET,12,1,1,PORT_SCAN
user-140,2026-09-28 08:36:33.686150,107,257,271,36109,57056,78,26,106,12,HTTPS,31,1,0,188,0,7,1,1,0,0,32,13,32.68,56.93,3,8,74,4,90,8,28,0.1454,2196,GET,5,3,1,PORT_SCAN
user-061,2026-09-28 08:37:33.686150,79,453,353,19144,56810,62,12,83,13,TCP,79,4,1,189,0,4,1,0,0,0,31,12,56.09,37.5,1,10,72,15,46,14,29,0.1927,1675,PUT,8,2,1,PORT_SCAN
user-186,2026-09-28 08:38:33.686150,106,758,601,39655,37950,48,14,95,13,HTTPS,62,3,0,166,2,6,1,0,1,1,38,5,33.59,30.42,1,13,75,8,52,23,28,0.0642,2493,PUT,13,3,1,PORT_SCAN
user-007,2026-09-28 08:39:33.686150,35,255,289,82267,22382,69,16,54,24,HTTPS,63,4,2,375,5,4,1,0,0,0,30,4,32.99,40.0,2,3,69,6,104,6,29,0.06,2404,GET,15,1,1,PORT_SCAN
user-146,2026-09-28 08:40:33.686150,68,542,495,87655,39584,46,24,106,23,DNS,50,2,3,123,0,4,0,0,0,2,56,1,59.38,60.11,0,15,81,5,98,11,20,0.1683,406,GET,16,2,1,PORT_SCAN
user-053,2026-09-28 08:41:33.686150,89,588,248,29154,69577,85,8,35,20,HTTP,42,2,3,260,4,3,1,0,1,0,33,4,46.58,56.98,0,13,75,10,30,15,24,0.0364,429,PUT,16,2,1,PORT_SCAN
user-184,2026-09-28 08:42:33.686150,53,412,674,21278,43035,63,6,51,14,TCP,74,1,2,220,5,5,0,1,0,0,30,10,63.38,69.29,3,7,37,17,82,11,48,0.1561,866,POST,5,1,1,PORT_SCAN
user-067,2026-09-28 08:43:33.686150,84,844,247,86764,38301,61,11,100,19,HTTP,66,1,2,343,4,1,0,0,0,0,35,6,42.22,27.95,1,9,96,9,89,22,20,0.2079,2224,GET,20,0,1,PORT_SCAN
user-154,2026-09-28 08:44:33.686150,82,390,511,88536,51790,85,4,109,8,TCP,68,3,2,277,3,5,1,0,0,0,34,14,53.07,68.04,0,15,55,13,92,9,15,0.2394,2549,DELETE,16,2,1,PORT_SCAN
user-077,2026-09-28 08:45:33.686150,104,393,374,28188,35905,70,25,41,9,HTTPS,34,4,2,54,5,5,1,1,0,1,32,2,39.16,26.93,0,3,85,20,82,14,32,0.1968,1946,GET,16,0,1,PORT_SCAN
user-134,2026-09-28 08:46:33.686150,69,576,401,52437,38499,102,15,46,20,HTTPS,33,4,1,64,1,6,1,0,1,1,37,11,54.17,68.06,2,12,88,5,82,15,18,0.1892,2752,GET,9,2,1,PORT_SCAN
user-147,2026-09-28 08:47:33.686150,55,666,189,79754,19396,64,3,37,17,HTTPS,49,2,1,265,2,6,1,0,1,0,36,5,53.69,58.13,2,10,100,6,94,16,18,0.2075,1940,POST,13,2,1,PORT_SCAN
user-126,2026-09-28 08:48:33.686150,72,721,419,61764,61602,51,12,73,5,HTTP,23,4,2,90,1,6,1,0,1,1,32,8,67.33,68.28,3,9,67,9,111,23,18,0.1941,2639,GET,14,2,1,PORT_SCAN
user-043,2026-09-28 08:49:33.686150,30,670,408,46881,38336,118,29,64,11,HTTPS,29,4,0,116,0,6,0,0,1,1,39,13,56.69,41.33,4,8,39,8,73,19,41,0.1289,2454,POST,8,2,1,PORT_SCAN
user-181,2026-09-28 08:50:33.686150,55,270,419,35571,26669,65,5,103,7,TCP,51,2,3,224,4,6,1,0,1,1,55,4,66.12,65.89,0,4,55,11,39,16,49,0.1354,2128,POST,17,0,1,PORT_SCAN
user-136,2026-09-28 08:51:33.686150,110,524,557,42353,37324,33,25,91,15,SSH,39,3,0,222,4,7,1,1,1,0,28,3,27.05,47.89,3,11,74,8,61,20,17,0.1301,1080,POST,10,0,1,PORT_SCAN
user-115,2026-09-28 08:52:33.686150,90,318,591,64321,61932,107,29,96,16,HTTP,32,2,2,173,4,4,0,0,0,0,50,6,31.05,49.12,3,8,49,18,60,19,39,0.0464,689,POST,19,1,1,PORT_SCAN
user-133,2026-09-28 08:53:33.686150,99,815,513,68733,13197,108,3,25,8,SSH,25,4,2,357,1,2,0,0,1,0,56,1,35.01,63.65,0,6,35,11,54,23,43,0.2235,2948,GET,20,2,1,PORT_SCAN
user-192,2026-09-28 08:54:33.686150,75,713,403,63063,52135,88,27,105,15,HTTPS,68,5,1,129,4,2,0,0,1,0,41,7,46.17,35.2,2,10,31,5,92,12,31,0.2078,1135,GET,10,1,1,PORT_SCAN
user-153,2026-09-28 08:55:33.686150,33,814,410,16530,54890,49,23,74,22,HTTP,41,3,3,349,3,8,1,0,0,0,34,4,48.91,34.74,2,15,91,15,30,14,32,0.1648,2535,PATCH,19,3,1,PORT_SCAN
user-037,2026-09-28 08:56:33.686150,79,550,254,44715,14412,117,14,51,9,HTTPS,75,2,1,99,0,5,0,0,0,1,44,8,68.07,69.72,1,9,72,20,49,21,17,0.1452,2429,GET,16,3,1,PORT_SCAN
user-123,2026-09-28 08:57:33.686150,79,402,404,49207,37097,103,13,55,13,HTTPS,73,2,2,283,3,4,1,0,1,1,52,4,44.96,54.34,3,13,60,6,98,7,43,0.1913,313,PUT,9,1,1,PORT_SCAN
user-044,2026-09-28 08:58:33.686150,34,439,697,15855,63609,68,16,106,12,DNS,40,2,1,57,4,8,0,1,1,0,41,7,31.65,67.22,1,13,54,8,54,21,48,0.2452,2135,GET,14,2,1,PORT_SCAN
user-006,2026-09-28 08:59:33.686150,81,756,610,62463,59735,95,6,76,6,HTTPS,60,2,1,343,4,3,0,1,0,0,51,14,39.09,38.31,2,10,66,19,119,17,30,0.1651,1271,POST,15,2,1,PORT_SCAN
user-165,2026-09-28 09:00:33.686150,93,341,224,84451,57575,97,30,39,17,HTTPS,33,2,1,384,4,4,0,0,1,2,37,9,58.14,32.26,1,11,58,13,37,16,23,0.2259,2752,GET,8,1,1,PORT_SCAN
user-047,2026-09-28 09:01:33.686150,79,598,559,21666,17602,31,7,112,21,DNS,30,2,0,30,1,5,0,1,1,0,48,7,53.99,26.34,4,11,32,7,33,7,37,0.0424,1740,GET,12,1,1,PORT_SCAN
user-120,2026-09-28 09:02:33.686150,94,765,601,71357,29789,92,3,43,16,SSH,48,1,2,287,3,1,0,0,0,1,31,6,31.17,33.58,2,8,84,15,22,22,19,0.1306,1641,GET,10,1,1,PORT_SCAN
user-130,2026-09-28 09:03:33.686150,66,472,449,75449,17795,46,13,109,13,TCP,39,3,1,149,0,7,0,1,0,0,52,12,32.86,29.28,0,6,59,17,99,18,18,0.1376,1050,GET,13,2,1,PORT_SCAN
user-069,2026-09-28 09:04:33.686150,40,363,669,62827,50525,107,6,34,22,HTTPS,76,2,3,107,4,5,0,0,1,1,58,0,65.34,40.34,2,12,40,10,55,14,37,0.0781,452,PATCH,8,3,1,PORT_SCAN
user-058,2026-09-28 09:05:33.686150,73,550,614,56336,64973,109,28,60,20,DNS,42,2,2,395,4,7,1,0,1,1,57,11,50.96,25.21,4,5,72,6,104,17,41,0.1259,2383,GET,6,2,1,PORT_SCAN
user-104,2026-09-28 09:06:33.686150,43,824,191,54103,12371,62,15,33,19,TCP,75,3,3,165,3,4,0,0,0,2,35,1,37.19,40.75,4,11,93,17,66,11,45,0.0309,2503,GET,12,1,1,PORT_SCAN
user-174,2026-09-28 09:07:33.686150,50,809,455,59848,48864,110,11,112,22,TCP,55,4,0,319,4,5,0,0,0,1,46,7,61.19,51.14,3,10,68,20,64,11,34,0.1195,2341,PATCH,11,1,1,PORT_SCAN
user-123,2026-09-28 09:08:33.686150,32,602,284,47574,25682,99,17,105,16,DNS,45,3,3,354,5,8,0,1,0,0,36,4,43.42,30.34,0,8,60,9,42,23,10,0.1996,2776,GET,5,2,1,PORT_SCAN
user-004,2026-09-28 09:09:33.686150,93,512,499,79401,65635,85,26,87,17,TCP,41,2,2,248,1,3,0,1,0,0,45,14,61.19,51.28,4,7,53,12,67,11,40,0.2472,2776,GET,17,3,1,PORT_SCAN
user-114,2026-09-28 09:10:33.686150,49,777,620,48999,61653,77,7,41,13,SSH,51,3,2,336,1,8,0,0,0,1,43,3,22.61,37.55,3,14,93,14,104,6,45,0.2271,429,PUT,14,2,1,PORT_SCAN
user-076,2026-09-28 09:11:33.686150,75,522,518,64404,37677,62,18,33,5,TCP,40,4,0,109,1,7,0,0,1,1,32,1,40.39,42.4,1,15,55,8,50,12,14,0.1414,2636,GET,16,0,1,PORT_SCAN
user-058,2026-09-28 09:12:33.686150,94,355,350,22662,43347,67,10,72,15,SSH,71,3,2,317,3,2,0,0,1,0,24,2,35.04,53.11,4,14,39,9,32,14,23,0.1337,374,POST,17,0,1,PORT_SCAN
user-137,2026-09-28 09:13:33.686150,36,633,298,57639,67980,70,14,56,16,TCP,59,4,0,87,0,8,1,0,1,0,44,9,66.35,45.42,2,3,56,10,44,24,31,0.2225,2510,PUT,12,3,1,PORT_SCAN
user-188,2026-09-28 09:14:33.686150,95,570,418,71276,51950,111,11,56,8,HTTPS,26,1,1,122,3,3,1,1,0,1,42,6,37.29,36.99,2,10,87,7,94,16,36,0.09,2303,POST,12,0,1,PORT_SCAN
user-145,2026-09-28 09:15:33.686150,110,596,404,49557,67798,79,17,86,15,HTTP,39,1,0,137,5,6,0,0,0,0,53,6,43.94,45.55,1,9,45,7,26,18,43,0.0373,705,GET,6,1,1,PORT_SCAN
user-051,2026-09-28 09:16:33.686150,73,716,538,55176,29926,88,29,117,6,HTTPS,46,2,3,304,1,5,0,0,1,0,43,13,57.12,43.38,4,13,75,19,71,19,38,0.1891,1611,GET,9,1,1,PORT_SCAN
user-018,2026-09-28 09:17:33.686150,98,415,182,72998,22513,114,14,51,15,HTTPS,55,2,2,297,4,2,1,0,1,0,44,10,49.72,35.89,4,7,45,9,115,11,10,0.0812,2350,GET,15,1,1,PORT_SCAN
user-142,2026-09-28 09:18:33.686150,53,359,351,64681,18773,103,26,61,8,HTTPS,77,1,2,352,5,6,1,0,0,0,54,5,34.6,63.83,2,3,89,17,90,17,33,0.2166,1663,GET,8,2,1,PORT_SCAN
user-051,2026-09-28 09:19:33.686150,85,700,347,22822,50662,105,23,26,17,HTTPS,50,2,2,140,4,3,1,1,0,1,40,9,47.59,35.75,3,13,86,9,61,11,33,0.0555,1783,GET,19,0,1,PORT_SCAN
user-030,2026-09-28 09:20:33.686150,85,776,434,78939,47599,109,10,119,15,HTTPS,23,5,3,35,4,1,1,0,0,0,44,10,27.77,66.69,0,4,68,6,76,15,44,0.2409,1767,POST,13,2,1,PORT_SCAN
user-072,2026-09-28 09:21:33.686150,85,281,432,83470,54257,59,20,100,22,HTTPS,52,2,1,358,1,2,1,0,0,0,49,14,47.94,48.17,2,6,36,4,82,20,48,0.2411,3000,GET,5,1,1,PORT_SCAN
user-017,2026-09-28 09:22:33.686150,66,385,630,73942,51257,31,14,67,20,HTTPS,35,2,2,289,3,8,0,0,1,1,58,4,38.92,53.16,3,4,40,15,115,5,37,0.2213,1831,POST,19,2,1,PORT_SCAN
user-168,2026-09-28 09:23:33.686150,54,815,488,45467,52172,48,27,80,12,HTTPS,56,5,3,196,3,2,1,1,1,0,41,5,27.05,43.72,0,6,32,19,69,19,25,0.0601,688,PUT,6,1,1,PORT_SCAN
user-113,2026-09-28 09:24:33.686150,87,537,593,48248,28109,33,26,56,24,HTTPS,23,5,2,280,4,4,0,0,0,0,46,5,20.37,66.36,1,5,89,9,75,7,35,0.2297,1378,DELETE,7,3,1,PORT_SCAN
user-138,2026-09-28 09:25:33.686150,83,540,509,72455,53044,116,15,116,18,SSH,48,2,2,367,2,2,0,0,1,0,47,5,50.75,45.91,1,5,69,11,57,15,27,0.208,796,GET,6,1,1,PORT_SCAN
user-050,2026-09-28 09:26:33.686150,104,745,443,73555,22792,68,14,53,5,TCP,37,1,0,119,0,3,1,0,1,0,30,13,41.64,35.05,4,4,67,12,50,10,22,0.2213,436,GET,6,1,1,PORT_SCAN
user-126,2026-09-28 09:27:33.686150,71,848,574,65143,68065,99,6,53,20,SSH,53,2,3,212,5,7,0,1,1,0,46,0,36.08,38.91,3,6,57,19,45,22,19,0.0655,2828,DELETE,15,1,1,PORT_SCAN
user-104,2026-09-28 09:28:33.686150,52,738,347,64094,43983,46,16,101,24,SSH,67,5,1,158,0,7,0,0,1,0,40,1,24.19,56.48,3,4,59,18,102,10,37,0.1698,1424,GET,7,0,1,PORT_SCAN
user-130,2026-09-28 09:29:33.686150,68,618,689,87420,22893,50,22,101,22,HTTPS,73,2,1,147,1,7,1,0,0,0,50,5,64.86,30.1,4,5,38,17,81,21,36,0.1966,534,POST,9,3,1,PORT_SCAN
user-173,2026-09-28 09:30:33.686150,40,836,541,65480,54820,35,5,99,9,DNS,44,5,3,297,4,2,1,1,1,2,32,6,45.42,51.84,3,10,92,14,107,9,24,0.2467,1997,GET,18,1,1,PORT_SCAN
user-155,2026-09-28 09:31:33.686150,42,622,196,30085,16714,94,22,64,7,TCP,54,3,1,169,4,2,0,1,0,0,36,10,62.71,40.62,0,5,47,12,47,21,32,0.0324,481,GET,14,2,1,PORT_SCAN
user-174,2026-09-28 09:32:33.686150,39,747,289,70233,31898,32,18,31,16,DNS,59,4,1,263,4,6,1,0,0,0,33,3,64.17,51.3,2,6,47,18,76,8,30,0.2467,942,GET,17,2,1,PORT_SCAN
user-121,2026-09-28 09:33:33.686150,99,456,246,69812,53333,97,22,82,15,HTTP,59,2,1,289,1,2,1,0,0,1,31,4,26.91,59.21,1,5,97,6,40,10,42,0.205,1801,GET,18,3,1,PORT_SCAN
user-163,2026-09-28 09:34:33.686150,80,278,615,45989,69232,64,21,46,10,SSH,22,4,2,334,2,7,1,0,0,1,42,3,33.96,51.82,1,9,45,12,88,10,31,0.1674,1863,GET,12,0,1,PORT_SCAN
user-139,2026-09-28 09:35:33.686150,81,855,405,80890,43200,56,24,93,22,HTTP,54,4,3,40,4,3,0,0,0,0,39,0,65.65,58.16,2,3,50,9,85,11,20,0.2254,1884,GET,7,2,1,PORT_SCAN
user-196,2026-09-28 09:36:33.686150,39,575,634,54841,43718,39,8,44,12,HTTPS,69,4,1,187,2,4,0,0,0,0,40,14,28.99,64.07,1,15,53,7,69,19,17,0.1067,2936,GET,7,1,1,PORT_SCAN
user-124,2026-09-28 09:37:33.686150,79,536,374,48961,14627,81,23,64,6,SSH,47,2,3,225,2,7,0,1,1,0,56,1,21.64,38.58,0,8,98,9,27,15,32,0.0834,449,GET,6,2,1,PORT_SCAN
user-023,2026-09-28 09:38:33.686150,60,869,365,41639,47639,90,26,38,17,HTTPS,69,3,1,172,1,6,0,1,0,0,41,9,49.83,45.95,1,4,55,10,118,23,22,0.1047,2900,GET,20,3,1,PORT_SCAN
user-038,2026-09-28 09:39:33.686150,96,442,381,24731,14978,91,24,82,20,HTTP,50,1,0,68,2,6,0,0,0,1,29,0,40.42,26.02,1,4,84,13,44,23,46,0.0751,395,GET,9,0,1,PORT_SCAN
user-107,2026-09-28 09:40:33.686150,99,826,336,17508,51317,62,25,76,20,HTTP,51,1,1,286,2,6,1,0,0,0,38,9,22.78,54.8,0,9,88,6,103,23,30,0.1739,925,PUT,6,1,1,PORT_SCAN
user-052,2026-09-28 09:41:33.686150,79,742,642,66835,63856,59,11,68,19,HTTPS,52,4,0,101,1,2,1,0,0,0,44,7,42.75,33.58,3,10,51,13,29,19,24,0.2371,1463,GET,20,1,1,PORT_SCAN
user-111,2026-09-28 09:42:33.686150,77,837,474,39266,37594,69,23,52,10,HTTPS,28,2,3,314,4,2,0,0,0,1,46,1,45.65,57.84,2,9,72,11,94,10,47,0.2099,628,PUT,14,2,1,PORT_SCAN
user-045,2026-09-28 09:43:33.686150,59,407,385,68345,55773,45,28,73,23,HTTPS,62,5,3,52,3,4,1,0,0,1,44,5,64.05,51.45,0,4,65,7,72,19,44,0.1397,2505,GET,11,1,1,PORT_SCAN
user-125,2026-09-28 09:44:33.686150,98,537,330,57246,48190,112,26,47,22,SSH,31,2,1,34,2,6,0,0,0,1,46,4,30.03,41.91,0,13,100,19,62,22,14,0.124,2190,GET,18,0,1,PORT_SCAN
user-015,2026-09-28 09:45:33.686150,44,368,532,57814,52905,37,27,41,13,DNS,45,3,0,327,3,4,1,0,1,2,54,2,41.42,59.27,0,15,38,15,104,21,14,0.1621,2845,GET,8,2,1,PORT_SCAN
user-089,2026-09-28 09:46:33.686150,109,268,376,43521,48843,49,16,57,16,HTTPS,71,3,1,352,2,1,0,0,0,0,41,14,63.09,27.46,1,10,56,11,41,10,15,0.1079,2302,GET,20,1,1,PORT_SCAN
user-106,2026-09-28 09:47:33.686150,56,556,202,34508,62717,63,8,26,19,HTTPS,33,4,1,203,3,6,1,0,1,1,48,7,48.2,26.78,4,13,66,19,78,12,29,0.1309,2628,POST,15,1,1,PORT_SCAN
user-032,2026-09-28 09:48:33.686150,77,718,461,58778,39391,65,23,66,6,HTTP,68,4,2,327,2,4,1,0,0,1,39,0,25.19,28.55,2,6,93,18,118,16,34,0.2252,2367,GET,4,0,1,PORT_SCAN
user-187,2026-09-28 09:49:33.686150,101,571,561,57460,63775,102,24,73,15,DNS,67,2,2,302,2,5,0,0,0,0,43,12,45.91,38.62,2,13,66,13,60,10,46,0.2367,2684,PUT,11,0,1,PORT_SCAN
user-038,2026-09-28 09:50:33.686150,71,893,433,53776,50296,62,11,114,6,TCP,28,2,2,369,5,2,0,1,0,2,39,4,40.46,45.74,0,8,81,8,113,8,28,0.2306,545,GET,19,2,1,PORT_SCAN
user-038,2026-09-28 09:51:33.686150,92,888,460,87777,23171,49,27,81,20,HTTPS,41,4,3,112,1,6,1,0,0,0,32,0,45.27,42.83,2,6,34,11,87,22,35,0.0537,2619,GET,8,0,1,PORT_SCAN
user-108,2026-09-28 09:52:33.686150,74,752,214,37879,17996,58,11,49,8,TCP,55,3,1,50,4,7,0,0,1,0,33,14,47.62,66.01,1,8,61,11,33,6,49,0.1907,1759,GET,9,0,1,PORT_SCAN
user-051,2026-09-28 09:53:33.686150,64,531,491,52341,53804,96,30,58,16,DNS,70,3,2,112,5,7,0,0,0,0,47,3,50.47,36.99,0,8,32,6,59,10,26,0.0823,1771,POST,15,0,1,PORT_SCAN
user-158,2026-09-28 09:54:33.686150,104,743,267,35861,36266,48,12,72,15,HTTP,78,1,0,144,4,3,0,0,0,2,40,0,56.36,60.08,4,7,53,5,36,24,31,0.1412,942,GET,11,2,1,PORT_SCAN
user-160,2026-09-28 09:55:33.686150,98,821,361,80316,69947,116,20,83,25,DNS,56,3,1,394,4,6,0,1,1,0,35,2,30.14,44.14,4,12,36,16,32,15,45,0.1586,1233,PATCH,8,1,1,PORT_SCAN
user-087,2026-09-28 09:56:33.686150,45,736,509,54314,65038,66,29,62,12,TCP,54,5,2,330,2,2,0,0,1,0,34,11,56.71,43.42,1,11,73,18,103,18,11,0.243,2536,POST,20,0,1,PORT_SCAN
user-011,2026-09-28 09:57:33.686150,67,363,184,36895,13531,107,6,90,18,HTTP,59,2,2,399,2,5,0,1,1,0,33,13,41.31,46.19,2,8,74,17,82,16,27,0.1799,2953,GET,15,3,1,PORT_SCAN
user-109,2026-09-28 09:58:33.686150,48,287,656,28372,39469,84,17,84,6,TCP,42,1,1,266,1,6,0,0,0,0,42,4,62.3,28.52,0,4,96,12,98,10,18,0.1185,2981,GET,9,2,1,PORT_SCAN
user-189,2026-09-28 09:59:33.686150,65,631,386,36808,59325,79,6,49,8,HTTP,50,5,1,54,3,7,0,0,0,1,48,3,20.67,32.1,2,13,39,10,32,15,24,0.2478,1867,GET,8,3,1,PORT_SCAN
user-143,2026-09-28 10:00:33.686150,85,479,223,27572,20223,90,8,110,15,HTTP,66,4,0,219,3,5,1,1,0,0,33,11,25.69,45.88,1,9,99,6,38,21,11,0.2396,2263,POST,15,0,1,PORT_SCAN
user-064,2026-09-28 10:01:33.686150,44,597,381,23972,12425,37,8,49,15,TCP,26,5,3,235,5,8,1,1,1,0,38,12,63.14,26.64,1,7,31,18,118,12,38,0.1563,2343,GET,7,2,1,PORT_SCAN
user-054,2026-09-28 10:02:33.686150,88,655,345,43779,31284,95,5,117,16,HTTPS,71,2,2,241,0,5,1,0,0,0,45,9,60.77,29.16,3,6,89,17,62,8,12,0.2184,1384,POST,13,1,1,PORT_SCAN
user-108,2026-09-28 10:03:33.686150,92,594,247,27875,43889,101,15,63,23,DNS,33,2,1,220,0,4,1,0,0,1,52,10,69.06,39.18,0,11,55,14,111,22,28,0.0743,534,GET,7,2,1,PORT_SCAN
user-007,2026-09-28 10:04:33.686150,55,608,647,21310,12097,56,18,68,20,HTTPS,21,2,1,274,4,4,1,0,1,0,49,13,52.01,44.28,0,4,45,6,28,24,18,0.0886,2303,GET,7,2,1,PORT_SCAN
user-175,2026-09-28 10:05:33.686150,58,443,349,20811,44341,80,27,113,17,HTTPS,79,3,3,60,5,3,1,0,0,0,47,1,32.9,25.29,3,10,60,13,59,24,12,0.0356,658,POST,16,2,1,PORT_SCAN
user-169,2026-09-28 10:06:33.686150,99,890,444,47195,20533,118,15,104,10,HTTPS,73,5,3,293,4,2,1,0,0,0,47,2,45.82,58.15,1,5,57,14,23,7,30,0.0902,2679,GET,17,3,1,PORT_SCAN
user-183,2026-09-28 10:07:33.686150,57,644,187,86764,26381,97,10,35,6,HTTPS,79,3,0,398,2,1,0,0,0,3,36,11,42.03,31.32,4,8,53,14,112,14,10,0.0878,409,GET,16,0,1,PORT_SCAN
user-029,2026-09-28 10:08:33.686150,61,338,313,50790,40044,39,2,71,13,DNS,42,1,1,184,1,1,0,0,1,1,27,8,64.03,64.61,2,11,50,19,94,11,13,0.1658,781,GET,8,2,1,PORT_SCAN
user-109,2026-09-28 10:09:33.686150,62,826,660,49636,30847,105,13,69,10,HTTPS,71,4,1,219,2,3,1,0,0,0,47,0,64.43,39.65,4,4,34,9,42,19,28,0.0498,615,GET,7,0,1,PORT_SCAN
user-068,2026-09-28 10:10:33.686150,53,893,253,57437,32196,32,12,106,12,HTTPS,78,5,0,136,3,4,1,0,0,0,42,11,54.45,27.84,3,13,35,10,42,5,46,0.1364,981,GET,8,2,1,PORT_SCAN
user-021,2026-09-28 10:11:33.686150,79,662,378,80692,53787,44,28,50,8,DNS,79,4,1,195,1,8,1,1,1,0,42,2,58.97,55.32,1,9,86,12,69,21,29,0.0318,1460,DELETE,5,2,1,PORT_SCAN
user-029,2026-09-28 10:12:33.686150,31,576,197,27666,46897,39,26,51,5,HTTPS,76,3,0,144,5,4,0,0,1,0,30,13,43.01,63.76,0,4,80,17,51,18,23,0.2387,2158,GET,10,1,1,PORT_SCAN
user-164,2026-09-28 10:13:33.686150,39,745,437,81738,36475,37,16,60,14,HTTPS,57,4,3,266,2,7,1,0,0,0,39,12,57.03,63.98,1,6,77,19,86,15,31,0.1399,878,POST,5,2,1,PORT_SCAN
user-090,2026-09-28 10:14:33.686150,110,685,670,38578,36159,38,13,54,22,HTTPS,58,1,2,37,3,4,1,0,1,0,39,1,25.28,69.08,1,13,88,12,35,9,25,0.1458,738,GET,19,2,1,PORT_SCAN
user-152,2026-09-28 10:15:33.686150,71,541,215,56242,60548,107,21,79,24,TCP,51,2,0,164,4,6,0,0,1,1,37,4,35.67,62.3,2,9,61,18,23,6,33,0.0451,1399,GET,6,2,1,PORT_SCAN
user-168,2026-09-28 10:16:33.686150,88,477,480,51144,44735,62,8,51,23,HTTPS,35,2,1,174,3,1,0,0,0,0,31,14,42.19,41.96,0,9,65,15,55,16,33,0.0474,2951,GET,9,2,1,PORT_SCAN
user-024,2026-09-28 10:17:33.686150,56,777,364,40729,44006,44,22,111,9,SSH,49,3,1,76,1,5,0,1,0,0,28,2,41.89,48.98,4,14,51,14,42,17,17,0.1089,421,POST,19,3,1,PORT_SCAN
user-096,2026-09-28 10:18:33.686150,58,897,601,51983,17050,54,10,88,15,HTTP,61,5,0,369,3,3,0,0,1,1,47,14,58.33,58.68,2,5,99,15,100,5,28,0.2,1380,GET,9,1,1,PORT_SCAN
user-186,2026-09-28 10:19:33.686150,102,297,342,54583,38885,106,19,74,20,HTTPS,26,4,0,161,2,2,0,0,0,0,45,7,67.16,66.89,2,5,96,9,108,18,41,0.182,1348,POST,15,2,1,PORT_SCAN
user-175,2026-09-28 10:20:33.686150,96,281,482,74787,61986,43,6,116,6,DNS,23,1,1,77,0,5,1,1,1,1,30,4,46.15,63.78,2,14,98,10,99,14,12,0.0505,1739,POST,17,1,1,PORT_SCAN
user-182,2026-09-28 10:21:33.686150,83,658,256,83738,41816,89,7,97,25,TCP,39,2,2,341,5,3,1,0,0,0,41,8,62.31,28.34,0,8,44,7,58,22,25,0.106,589,GET,7,1,1,PORT_SCAN
user-177,2026-09-28 10:22:33.686150,61,851,239,55886,43587,117,8,69,23,HTTPS,74,4,1,208,5,6,0,0,1,0,43,1,35.99,69.17,2,13,39,15,110,12,36,0.2051,2203,GET,6,1,1,PORT_SCAN
user-138,2026-09-28 10:23:33.686150,39,550,590,67589,20293,68,13,57,14,DNS,22,1,2,168,0,1,1,0,0,0,41,9,25.68,47.2,0,11,37,15,61,22,33,0.1911,572,GET,18,2,1,PORT_SCAN
user-188,2026-09-28 10:24:33.686150,36,520,401,87126,47305,108,18,55,7,HTTPS,71,1,0,129,1,8,0,0,1,3,51,8,53.32,35.25,3,9,51,13,66,11,12,0.2373,2793,GET,18,1,1,PORT_SCAN
user-165,2026-09-28 10:25:33.686150,55,268,207,75474,13512,68,8,79,5,HTTPS,56,4,0,275,0,6,1,1,0,1,32,8,42.27,37.68,2,8,31,6,40,23,45,0.1342,2270,GET,15,1,1,PORT_SCAN
user-138,2026-09-28 10:26:33.686150,70,633,401,67843,61962,97,17,39,24,HTTP,29,3,1,113,1,4,1,0,1,0,42,9,35.84,33.67,2,13,45,18,75,7,39,0.1826,1492,POST,10,0,1,PORT_SCAN
user-131,2026-09-28 10:27:33.686150,84,553,284,58723,56625,31,12,61,17,HTTP,26,5,0,367,2,4,1,0,0,0,33,7,20.32,26.27,3,9,84,6,118,23,29,0.1285,670,POST,20,3,1,PORT_SCAN
user-148,2026-09-28 10:28:33.686150,105,452,663,37319,28333,92,14,29,7,HTTPS,54,3,2,369,3,2,1,0,0,1,33,9,44.7,42.36,2,4,78,12,84,6,24,0.0314,844,GET,14,2,1,PORT_SCAN
user-013,2026-09-28 10:29:33.686150,53,370,424,61101,35052,70,4,36,25,HTTP,75,3,1,355,4,7,1,0,0,2,29,12,45.73,69.69,0,6,38,5,78,13,23,0.1276,838,GET,6,1,1,PORT_SCAN
user-071,2026-09-28 10:30:33.686150,76,683,372,74490,25938,109,4,56,6,HTTPS,42,4,2,215,3,6,0,0,0,0,29,5,61.4,57.51,2,7,66,13,107,11,13,0.1911,1901,PUT,17,3,1,PORT_SCAN
user-192,2026-09-28 10:31:33.686150,59,835,523,32115,40672,69,4,100,6,TCP,78,4,1,324,0,4,0,1,0,1,58,12,26.12,25.41,1,7,46,9,25,18,20,0.0779,1147,POST,13,3,1,PORT_SCAN
user-103,2026-09-28 10:32:33.686150,41,662,324,75663,19441,119,12,104,17,HTTP,22,5,3,219,4,7,0,0,0,0,37,0,49.93,44.26,1,9,48,5,23,8,26,0.0779,1024,GET,7,0,1,PORT_SCAN
user-103,2026-09-28 10:33:33.686150,107,632,575,73119,31756,69,7,76,24,TCP,44,5,1,39,3,2,1,0,0,0,48,7,30.45,59.57,3,11,35,9,65,17,47,0.1503,492,GET,10,3,1,PORT_SCAN
user-028,2026-09-28 10:34:33.686150,92,465,684,43328,45908,69,19,44,11,HTTP,64,3,1,380,1,7,0,1,1,1,34,5,31.24,27.52,2,9,41,4,73,18,50,0.0477,2246,GET,6,2,1,PORT_SCAN
user-139,2026-09-28 10:35:33.686150,105,656,588,54729,47915,49,16,63,5,HTTPS,21,3,1,388,3,6,0,1,0,1,40,1,38.95,34.49,2,13,64,8,94,7,29,0.1241,1031,GET,7,2,1,PORT_SCAN
user-007,2026-09-28 10:36:33.686150,56,558,260,24200,52786,43,9,34,14,HTTPS,70,2,2,286,4,5,1,0,1,1,30,3,28.6,66.62,1,15,73,20,99,24,27,0.0343,1333,GET,12,0,1,PORT_SCAN
user-164,2026-09-28 10:37:33.686150,80,532,599,72958,19703,47,11,119,22,TCP,26,4,1,370,1,8,1,0,0,0,52,4,48.08,42.58,2,12,40,8,101,16,39,0.1956,1915,GET,15,1,1,PORT_SCAN
user-159,2026-09-28 10:38:33.686150,77,418,480,67866,52930,83,7,62,13,HTTPS,22,3,1,360,1,4,0,1,1,2,32,14,41.41,28.07,1,14,97,8,53,24,10,0.043,2346,POST,18,1,1,PORT_SCAN
user-126,2026-09-28 10:39:33.686150,66,705,182,51869,64847,62,6,45,12,HTTPS,60,4,3,355,1,3,1,0,1,0,38,11,42.3,40.94,1,13,89,7,92,25,14,0.1424,2947,GET,13,3,1,PORT_SCAN
user-078,2026-09-28 10:40:33.686150,70,432,598,48514,13337,77,15,58,13,HTTPS,37,4,1,293,3,7,1,0,1,0,42,13,51.28,69.02,0,4,95,20,85,18,36,0.1749,2178,PUT,10,1,1,PORT_SCAN
user-024,2026-09-28 10:41:33.686150,50,519,649,23811,21130,50,30,33,24,HTTP,44,5,1,399,4,8,1,1,1,1,56,13,30.21,50.65,1,6,39,16,56,6,23,0.1144,910,POST,11,1,1,PORT_SCAN
user-123,2026-09-28 10:42:33.686150,80,283,211,44255,14958,38,17,59,10,SSH,58,1,2,252,0,5,1,1,1,1,43,9,41.78,61.28,4,9,34,10,22,13,39,0.1404,435,DELETE,13,2,1,PORT_SCAN
user-155,2026-09-28 10:43:33.686150,34,783,696,32087,43702,65,13,28,9,HTTPS,69,5,0,77,3,3,1,0,1,0,41,5,60.31,29.66,2,5,84,14,49,11,48,0.2439,748,GET,14,1,1,PORT_SCAN
user-082,2026-09-28 10:44:33.686150,68,747,218,48943,39924,94,7,88,9,HTTPS,66,2,2,185,4,3,1,0,0,1,51,12,69.58,66.47,3,12,45,15,31,6,49,0.1363,617,GET,10,2,1,PORT_SCAN
user-160,2026-09-28 10:45:33.686150,101,830,351,85994,69705,112,15,26,13,HTTPS,41,1,2,235,2,7,0,1,0,1,28,14,68.76,60.69,2,8,58,18,107,9,38,0.2152,2783,GET,10,2,1,PORT_SCAN
user-178,2026-09-28 10:46:33.686150,94,299,513,29708,39270,77,19,49,11,HTTPS,78,5,1,352,3,8,0,0,0,1,42,3,21.96,59.48,3,10,82,6,107,19,32,0.2143,2848,GET,16,1,1,PORT_SCAN
user-094,2026-09-28 10:47:33.686150,36,623,536,72532,59717,52,28,52,8,SSH,46,5,0,348,1,4,1,1,1,1,35,13,48.56,68.32,2,6,89,15,114,11,38,0.0694,1422,GET,17,2,1,PORT_SCAN
user-004,2026-09-28 10:48:33.686150,57,880,508,20696,31275,64,11,60,22,SSH,39,3,1,137,2,5,0,0,0,0,49,7,61.82,52.07,2,4,100,9,79,15,46,0.1712,899,GET,11,2,1,PORT_SCAN
user-028,2026-09-28 10:49:33.686150,81,464,255,45034,53579,78,5,35,18,HTTPS,22,3,1,170,1,8,0,0,0,0,40,4,45.69,67.47,0,7,48,19,55,25,34,0.0907,2536,GET,10,1,1,PORT_SCAN
user-147,2026-09-28 10:50:33.686150,33,619,233,28951,66889,52,4,46,6,HTTPS,67,4,2,42,1,6,1,0,1,0,44,7,36.91,69.68,0,13,67,13,80,5,15,0.2436,783,GET,12,1,1,PORT_SCAN
user-100,2026-09-28 10:51:33.686150,82,776,637,37633,17505,35,24,119,23,HTTP,78,2,1,243,4,8,1,1,0,0,57,12,47.0,61.52,1,5,90,8,57,11,24,0.2012,929,DELETE,19,2,1,PORT_SCAN
user-105,2026-09-28 10:52:33.686150,84,295,283,42235,35688,119,21,119,19,HTTP,56,4,3,385,4,6,0,0,1,1,46,9,28.2,33.53,3,9,96,15,107,21,33,0.2414,326,GET,19,1,1,PORT_SCAN
user-170,2026-09-28 10:53:33.686150,103,717,574,26033,47520,63,10,60,13,HTTPS,27,3,1,79,4,4,0,0,1,2,28,5,52.28,41.89,0,7,44,10,105,24,39,0.2381,2673,GET,13,2,1,PORT_SCAN
user-091,2026-09-28 10:54:33.686150,91,820,228,73420,21951,59,7,30,16,HTTPS,79,4,0,164,2,4,0,1,1,0,32,8,44.95,37.02,2,15,33,10,66,6,19,0.0789,2895,POST,9,3,1,PORT_SCAN
user-072,2026-09-28 10:55:33.686150,81,745,655,55217,67600,67,8,101,9,SSH,26,5,2,221,3,3,0,1,1,2,47,7,46.5,49.28,2,7,85,6,81,21,15,0.1496,400,POST,19,1,1,PORT_SCAN
user-006,2026-09-28 10:56:33.686150,63,544,586,89877,59803,101,25,35,12,HTTPS,65,3,0,318,2,7,0,1,0,1,47,2,42.53,35.15,3,7,61,6,86,12,49,0.1681,476,GET,8,1,1,PORT_SCAN
user-043,2026-09-28 10:57:33.686150,44,495,693,59767,63534,45,12,62,14,HTTPS,76,2,0,289,3,6,0,0,0,0,46,6,56.81,45.96,3,6,68,7,115,12,30,0.0786,1428,GET,5,2,1,PORT_SCAN
user-165,2026-09-28 10:58:33.686150,109,789,267,34806,26208,104,16,39,19,HTTPS,57,3,0,144,3,2,1,1,1,0,53,10,37.31,29.29,0,11,53,20,43,14,18,0.2128,1889,GET,16,0,1,PORT_SCAN
user-136,2026-09-28 10:59:33.686150,99,374,472,49345,37069,33,11,33,20,HTTPS,34,5,1,391,2,4,0,0,1,0,27,0,34.25,50.36,0,3,98,19,48,17,42,0.0323,2129,POST,9,1,1,PORT_SCAN
user-020,2026-09-28 11:00:33.686150,103,528,218,17948,31356,44,30,55,9,TCP,59,1,2,242,2,1,0,0,0,2,44,13,55.62,63.41,1,6,69,11,30,13,10,0.2006,1033,GET,14,2,1,PORT_SCAN
user-192,2026-09-28 11:01:33.686150,34,507,322,40743,44987,89,10,119,11,HTTP,79,5,3,136,2,3,0,0,1,1,39,0,50.86,40.27,2,10,90,6,84,9,42,0.1845,1771,PUT,16,0,1,PORT_SCAN
user-186,2026-09-28 11:02:33.686150,82,376,359,73304,49914,57,28,56,11,HTTP,48,5,3,69,1,8,1,0,0,1,47,11,48.18,61.99,0,13,44,5,31,16,30,0.1525,2285,GET,17,1,1,PORT_SCAN
user-124,2026-09-28 11:03:33.686150,95,482,661,40905,66694,68,10,43,18,HTTPS,37,4,1,326,3,4,1,0,1,0,54,6,51.63,44.98,0,14,52,17,51,23,39,0.1637,972,GET,4,2,1,PORT_SCAN
user-016,2026-09-28 11:04:33.686150,49,321,578,76326,45810,61,22,83,10,HTTPS,31,2,1,131,4,7,0,1,1,1,34,11,34.62,67.85,3,13,67,10,39,17,44,0.1867,1082,GET,5,1,1,PORT_SCAN
user-048,2026-09-28 11:05:33.686150,91,882,397,54893,34874,104,13,119,17,SSH,69,1,0,233,3,7,0,0,0,0,29,11,47.05,56.74,1,10,30,5,115,23,12,0.1015,1713,POST,16,0,1,PORT_SCAN
user-086,2026-09-28 11:06:33.686150,83,278,403,54592,69554,44,19,36,9,HTTPS,72,2,1,325,4,7,0,0,0,0,58,3,61.43,48.14,4,12,53,16,21,24,17,0.2457,1907,GET,13,1,1,PORT_SCAN
user-143,2026-09-28 11:07:33.686150,34,661,286,33406,39900,47,9,105,16,HTTPS,37,2,0,278,2,4,0,0,0,0,35,8,46.58,39.89,1,9,89,12,46,22,11,0.0317,783,PUT,19,1,1,PORT_SCAN
user-120,2026-09-28 11:08:33.686150,99,397,254,87527,37615,60,16,35,21,DNS,76,4,0,261,5,5,1,0,1,0,45,12,23.42,58.26,4,8,86,19,72,6,21,0.1369,1599,GET,9,1,1,PORT_SCAN
user-059,2026-09-28 11:09:33.686150,66,574,412,66421,50687,80,5,80,9,HTTPS,57,4,2,182,4,7,1,0,0,1,49,5,55.31,28.6,3,4,96,13,29,6,40,0.1924,845,PATCH,6,3,1,PORT_SCAN
user-044,2026-09-28 11:10:33.686150,47,739,403,42775,16146,63,7,72,14,HTTPS,79,4,2,258,2,3,1,0,1,1,38,6,35.65,36.09,3,7,74,4,75,22,42,0.0663,2490,GET,8,1,1,PORT_SCAN
user-076,2026-09-28 11:11:33.686150,31,482,557,25742,30618,78,26,46,21,SSH,78,2,2,82,4,7,0,1,0,0,42,1,21.32,37.41,0,11,33,15,44,11,49,0.131,2294,GET,11,2,1,PORT_SCAN
user-108,2026-09-28 11:12:33.686150,89,440,377,67971,67315,99,23,115,7,SSH,79,5,2,156,2,7,1,0,1,2,32,3,60.22,36.27,3,10,93,11,69,22,40,0.1689,2157,GET,17,2,1,PORT_SCAN
user-152,2026-09-28 11:13:33.686150,34,723,456,57109,64111,104,24,41,15,HTTPS,48,2,1,102,3,1,0,0,0,1,50,13,20.04,64.74,2,6,100,18,29,22,24,0.2274,569,POST,5,2,1,PORT_SCAN
user-006,2026-09-28 11:14:33.686150,60,497,507,65850,64064,76,26,84,10,HTTPS,76,1,2,58,5,5,1,1,0,0,35,10,50.83,48.29,4,9,46,12,59,14,24,0.106,1779,PUT,17,1,1,PORT_SCAN
user-016,2026-09-28 11:15:33.686150,94,674,458,80403,41104,118,18,55,22,HTTPS,76,5,1,331,1,7,0,0,1,0,43,8,55.15,32.63,3,8,72,11,106,10,45,0.0702,808,POST,13,1,1,PORT_SCAN
user-019,2026-09-28 11:16:33.686150,99,254,529,15712,42903,119,18,87,16,HTTPS,73,1,2,173,2,6,1,0,0,1,47,3,32.26,58.27,0,9,57,4,44,14,42,0.2423,1787,PATCH,6,0,1,PORT_SCAN
user-194,2026-09-28 11:17:33.686150,35,444,229,87888,50247,68,7,111,18,TCP,46,2,2,376,1,6,0,0,0,1,50,4,44.62,56.29,4,9,64,7,69,22,25,0.09,806,GET,15,0,1,PORT_SCAN
user-068,2026-09-28 11:18:33.686150,81,872,544,39944,59391,55,8,97,14,HTTPS,78,1,1,86,5,6,0,1,1,2,29,14,41.54,30.62,2,13,75,15,86,7,31,0.0441,826,GET,19,0,1,PORT_SCAN
user-075,2026-09-28 11:19:33.686150,68,533,431,24661,43679,62,21,117,19,SSH,68,5,2,306,3,7,0,0,1,0,52,4,34.51,30.34,3,6,69,13,100,23,45,0.0696,331,PATCH,14,3,1,PORT_SCAN
user-082,2026-09-28 11:20:33.686150,79,849,320,66556,56024,112,5,36,16,TCP,49,4,1,301,0,2,0,1,0,0,40,5,69.31,55.85,3,5,52,5,120,14,27,0.1344,2996,GET,7,2,1,PORT_SCAN
user-192,2026-09-28 11:21:33.686150,88,764,440,33517,38397,115,27,88,20,HTTPS,56,3,0,134,0,7,1,0,0,0,40,1,57.16,59.6,1,14,49,17,20,12,12,0.2018,828,GET,15,3,1,PORT_SCAN
user-061,2026-09-28 11:22:33.686150,58,745,624,85778,44501,84,28,80,6,HTTPS,32,5,2,350,2,5,1,1,0,1,51,2,34.97,51.92,3,9,37,12,23,8,18,0.1779,903,GET,15,1,1,PORT_SCAN
user-014,2026-09-28 11:23:33.686150,55,802,341,55723,43601,94,12,104,4,HTTP,52,4,3,292,5,6,0,0,1,1,34,5,66.3,52.33,3,10,42,20,93,6,41,0.1978,2776,GET,5,2,1,PORT_SCAN
user-037,2026-09-28 11:24:33.686150,92,603,216,65386,15264,49,26,66,19,HTTPS,47,2,2,205,0,7,1,0,1,0,48,9,48.11,54.5,2,10,62,17,36,24,34,0.1029,2887,GET,8,1,1,PORT_SCAN
user-009,2026-09-28 11:25:33.686150,93,799,641,85333,29225,115,28,70,13,DNS,42,3,0,120,5,4,1,0,0,0,43,6,31.26,31.94,1,12,79,5,44,16,20,0.0688,2749,GET,12,2,1,PORT_SCAN
user-029,2026-09-28 11:26:33.686150,96,779,319,37745,62933,39,8,93,10,HTTP,40,3,1,139,2,2,1,0,0,0,32,14,53.2,61.13,3,4,53,14,85,18,24,0.202,395,GET,9,2,1,PORT_SCAN
user-075,2026-09-28 11:27:33.686150,94,438,273,59667,62774,61,14,111,8,HTTP,78,4,3,210,1,8,0,0,0,0,39,14,67.87,46.68,1,4,61,13,71,8,33,0.1885,1206,GET,6,3,1,PORT_SCAN
user-161,2026-09-28 11:28:33.686150,47,531,507,43081,62671,92,13,48,15,HTTPS,74,4,3,60,2,7,1,0,1,0,35,5,31.86,34.92,1,7,68,6,52,23,39,0.1645,324,POST,14,2,1,PORT_SCAN
user-150,2026-09-28 11:29:33.686150,33,703,262,81404,38150,39,18,38,21,DNS,20,2,2,198,4,8,1,1,0,0,43,9,64.66,48.72,3,8,63,15,116,24,19,0.1734,1839,GET,9,2,1,PORT_SCAN
user-034,2026-09-28 11:30:33.686150,80,850,428,62982,69275,96,7,51,23,SSH,30,3,1,149,2,7,1,0,0,1,29,11,38.61,29.3,4,15,64,7,92,5,46,0.2243,1302,PUT,14,1,1,PORT_SCAN
user-141,2026-09-28 11:31:33.686150,36,674,488,81539,69351,69,21,37,14,HTTPS,22,2,2,50,3,4,0,0,1,1,27,11,52.89,68.54,3,12,90,12,58,7,22,0.1424,2595,GET,14,1,1,PORT_SCAN
user-001,2026-09-28 11:32:33.686150,42,417,522,71727,35373,97,18,90,18,HTTPS,63,1,3,287,2,5,1,0,0,1,44,2,61.97,38.14,1,4,74,14,76,24,50,0.1573,2394,POST,18,3,1,PORT_SCAN
user-021,2026-09-28 11:33:33.686150,61,689,342,19479,51129,41,26,57,14,HTTPS,50,5,2,319,0,8,0,0,0,0,42,14,32.65,57.18,2,4,32,15,108,14,47,0.0319,1714,POST,15,0,1,PORT_SCAN
user-060,2026-09-28 11:34:33.686150,74,347,529,26217,42254,72,26,100,16,SSH,25,4,2,303,3,4,0,0,1,0,28,0,33.24,36.21,2,7,44,19,70,15,44,0.0579,2654,GET,8,2,1,PORT_SCAN
user-102,2026-09-28 11:35:33.686150,33,527,631,46644,27282,36,8,31,10,HTTP,37,3,0,150,4,3,1,0,1,1,37,9,47.3,57.54,3,6,95,16,48,13,49,0.2018,1316,GET,16,0,1,PORT_SCAN
user-080,2026-09-28 11:36:33.686150,102,451,257,47404,24986,91,10,95,5,HTTPS,79,5,2,52,2,3,0,0,0,2,54,14,44.57,36.92,4,4,87,20,88,10,43,0.1003,1602,POST,9,3,1,PORT_SCAN
user-154,2026-09-28 11:37:33.686150,68,557,662,20543,58860,119,14,94,10,HTTPS,30,4,1,76,0,2,0,0,0,0,43,9,39.91,33.59,2,5,52,8,107,7,18,0.0701,600,GET,16,1,1,PORT_SCAN
user-162,2026-09-28 11:38:33.686150,68,352,289,38531,51241,65,19,44,5,TCP,36,2,0,243,5,7,0,1,0,0,45,6,42.41,66.67,1,6,59,5,56,10,37,0.2324,540,GET,14,2,1,PORT_SCAN
user-022,2026-09-28 11:39:33.686150,32,309,193,49753,67642,66,16,101,7,TCP,78,1,0,344,2,3,1,0,1,0,53,13,60.86,37.33,1,8,48,6,32,15,49,0.0804,309,GET,6,2,1,PORT_SCAN
user-144,2026-09-28 11:40:33.686150,100,255,493,33316,16541,65,3,77,16,HTTPS,32,2,0,375,2,2,1,0,0,1,38,7,27.43,61.08,3,9,32,8,65,20,12,0.0435,1368,POST,12,2,1,PORT_SCAN
user-162,2026-09-28 11:41:33.686150,98,534,663,35464,42206,56,14,59,18,HTTPS,58,4,2,318,4,4,1,0,0,0,41,6,33.47,33.66,1,6,58,8,95,10,47,0.0698,785,GET,13,3,1,PORT_SCAN
user-129,2026-09-28 11:42:33.686150,62,849,523,26503,55829,115,26,110,10,HTTPS,21,4,1,201,3,3,1,0,1,0,37,0,58.47,33.52,4,7,86,18,115,11,37,0.1659,2796,GET,11,1,1,PORT_SCAN
user-145,2026-09-28 11:43:33.686150,101,897,348,89958,19094,48,8,42,12,HTTPS,54,2,2,187,3,1,0,0,1,2,42,7,68.65,39.05,2,12,84,19,104,8,29,0.2427,2254,POST,17,1,1,PORT_SCAN
user-058,2026-09-28 11:44:33.686150,32,539,261,62380,59409,105,20,59,4,HTTPS,40,2,0,75,1,3,1,0,0,4,47,11,59.32,53.99,1,14,97,10,94,8,17,0.1321,1800,PATCH,11,2,1,PORT_SCAN
user-015,2026-09-28 11:45:33.686150,66,305,600,69854,15373,43,21,31,21,HTTP,64,2,1,243,3,6,0,0,0,0,48,7,48.57,53.72,2,4,78,6,24,20,17,0.1642,2489,POST,5,1,1,PORT_SCAN
user-082,2026-09-28 11:46:33.686150,43,575,615,75143,24483,37,24,95,11,HTTPS,70,2,0,166,1,1,1,1,0,0,34,8,36.22,39.62,2,12,77,13,97,10,35,0.2121,2832,GET,12,1,1,PORT_SCAN
user-026,2026-09-28 11:47:33.686150,67,426,697,56855,66365,61,16,28,19,TCP,65,5,1,350,4,4,1,0,0,0,42,11,36.69,35.63,4,12,47,11,84,7,14,0.1653,1523,GET,10,2,1,PORT_SCAN
user-106,2026-09-28 11:48:33.686150,68,675,361,44791,46957,50,30,31,6,HTTPS,55,2,1,335,2,3,1,1,1,1,34,6,68.83,44.44,1,8,92,20,99,14,27,0.1562,1387,POST,11,2,1,PORT_SCAN
user-137,2026-09-28 11:49:33.686150,55,484,574,52466,15797,62,6,32,12,HTTPS,79,2,1,294,0,7,1,0,1,1,46,9,44.08,47.94,1,5,62,12,73,7,21,0.1407,2656,GET,15,1,1,PORT_SCAN
user-098,2026-09-28 11:50:33.686150,32,284,226,21327,13575,112,22,80,18,HTTPS,77,3,2,344,3,5,1,0,0,1,26,9,52.28,37.23,2,5,38,11,65,18,49,0.2156,1823,GET,18,2,1,PORT_SCAN
user-118,2026-09-28 11:51:33.686150,63,702,596,67057,34449,66,8,84,17,TCP,41,4,0,253,3,5,0,1,1,0,39,10,64.73,27.02,2,3,68,18,27,11,29,0.2136,1422,GET,17,0,1,PORT_SCAN
user-009,2026-09-28 11:52:33.686150,78,660,395,23581,54505,33,28,109,21,DNS,78,2,0,106,3,7,0,0,0,3,46,3,32.91,49.63,2,5,65,11,79,9,35,0.1771,1590,POST,9,2,1,PORT_SCAN
user-145,2026-09-28 11:53:33.686150,105,709,324,32013,29613,107,10,99,20,HTTPS,23,3,1,98,5,6,0,1,0,0,54,1,64.96,61.47,2,8,30,16,103,24,15,0.121,1337,POST,17,2,1,PORT_SCAN
user-059,2026-09-28 11:54:33.686150,57,546,250,56773,65961,40,19,86,15,DNS,40,4,1,52,1,7,1,0,0,0,38,5,62.77,26.78,4,6,83,14,103,18,29,0.0695,424,GET,20,0,1,PORT_SCAN
user-181,2026-09-28 11:55:33.686150,77,386,488,38114,60790,81,4,41,14,DNS,35,2,2,306,1,1,0,0,0,0,33,3,69.96,51.36,4,14,73,13,84,14,19,0.2497,555,POST,8,1,1,PORT_SCAN
user-081,2026-09-28 11:56:33.686150,81,504,450,78110,59151,82,16,80,14,TCP,46,2,1,247,0,6,0,0,1,0,43,2,47.12,50.33,1,12,70,8,30,17,44,0.248,349,GET,10,0,1,PORT_SCAN
user-047,2026-09-28 11:57:33.686150,104,761,450,35010,26259,87,6,102,10,HTTP,50,4,1,328,2,4,0,0,1,0,49,4,51.11,37.97,1,14,73,17,23,10,20,0.0446,865,GET,11,1,1,PORT_SCAN
user-094,2026-09-28 11:58:33.686150,108,859,184,38576,42721,119,24,42,5,HTTPS,62,2,2,149,1,3,0,0,0,1,47,11,30.59,37.09,1,10,51,15,63,25,37,0.0617,1014,GET,6,3,1,PORT_SCAN
user-095,2026-09-28 11:59:33.686150,77,356,253,67016,30570,95,22,95,7,HTTPS,64,3,2,265,5,3,0,0,1,0,37,0,30.27,41.94,1,4,49,18,40,18,31,0.1364,2812,PUT,15,2,1,PORT_SCAN
user-026,2026-09-28 12:00:33.686150,62,250,237,69547,39087,48,12,110,10,HTTP,23,5,0,52,1,5,0,0,1,0,48,2,63.14,69.33,2,12,93,12,42,17,40,0.0645,2723,POST,6,1,1,PORT_SCAN
user-026,2026-09-28 12:01:33.686150,34,267,493,19570,50392,113,27,40,18,TCP,73,1,0,175,2,4,1,0,0,0,42,14,38.37,55.63,4,4,58,12,96,21,43,0.2362,344,POST,18,1,1,PORT_SCAN
user-023,2026-09-28 12:02:33.686150,75,395,546,78631,18306,61,23,112,11,HTTPS,25,4,2,97,3,7,1,0,1,3,40,1,47.74,68.9,4,8,87,13,25,15,27,0.1239,1571,POST,9,2,1,PORT_SCAN
user-165,2026-09-28 12:03:33.686150,94,789,327,70408,13622,64,10,33,19,HTTP,32,2,2,363,3,1,0,0,1,0,54,4,33.04,26.5,1,7,41,9,21,17,23,0.1443,774,PUT,12,1,1,PORT_SCAN
user-045,2026-09-28 12:04:33.686150,110,466,274,53773,66865,35,7,107,7,HTTPS,67,2,3,124,5,4,1,0,0,0,37,5,50.64,43.2,1,14,66,10,73,17,43,0.0302,1591,POST,8,1,1,PORT_SCAN
user-109,2026-09-28 12:05:33.686150,97,342,628,58139,27644,96,25,115,5,HTTPS,79,1,0,109,2,3,1,0,0,0,45,7,24.46,30.73,1,5,54,10,37,23,42,0.1801,2987,PATCH,19,3,1,PORT_SCAN
user-006,2026-09-28 12:06:33.686150,104,612,324,52648,69086,119,11,40,16,TCP,70,2,2,307,1,4,0,1,0,2,45,6,44.7,65.27,3,9,75,9,113,12,36,0.1854,1186,GET,9,3,1,PORT_SCAN
user-089,2026-09-28 12:07:33.686150,40,418,223,85986,27174,108,24,44,12,HTTPS,64,3,1,62,1,8,1,1,0,0,58,1,26.46,39.19,3,11,42,20,108,6,26,0.1612,2883,GET,18,2,1,PORT_SCAN
user-144,2026-09-28 12:08:33.686150,80,624,525,21806,38638,90,29,101,21,HTTPS,27,1,2,114,4,7,0,0,1,2,49,2,45.85,37.93,2,9,52,18,114,8,29,0.1581,1238,POST,14,2,1,PORT_SCAN
user-054,2026-09-28 12:09:33.686150,99,314,432,52763,33595,67,3,60,25,HTTPS,48,3,1,321,4,6,1,0,0,0,44,8,59.14,68.89,3,9,40,10,47,7,42,0.2073,1909,GET,18,2,1,PORT_SCAN
user-157,2026-09-28 12:10:33.686150,43,612,498,19459,41736,37,18,105,24,DNS,75,2,1,68,2,3,0,0,1,0,34,11,35.27,56.5,3,12,53,18,105,17,13,0.09,1240,GET,6,2,1,PORT_SCAN
user-016,2026-09-28 12:11:33.686150,92,544,291,85273,27310,101,11,100,4,SSH,22,4,2,202,3,6,0,1,1,1,34,7,60.24,39.38,4,10,80,12,105,21,20,0.0461,1032,POST,17,1,1,PORT_SCAN
user-056,2026-09-28 12:12:33.686150,38,547,574,49741,45465,68,4,38,5,DNS,51,1,0,116,4,2,1,0,0,1,52,0,34.75,60.0,4,5,75,15,61,16,30,0.0831,2862,POST,9,1,1,PORT_SCAN
user-038,2026-09-28 12:13:33.686150,46,772,462,83935,57999,62,9,114,7,TCP,79,2,2,89,2,5,1,1,1,1,42,0,43.05,30.55,2,12,88,14,104,6,34,0.222,2993,POST,8,2,1,PORT_SCAN
user-029,2026-09-28 12:14:33.686150,89,386,533,40233,18678,63,30,38,25,HTTPS,51,5,2,144,1,4,1,1,1,0,54,7,61.25,37.35,0,13,48,10,87,6,38,0.0817,1862,GET,7,2,1,PORT_SCAN
user-122,2026-09-28 12:15:33.686150,67,530,668,19725,12070,90,29,27,12,HTTPS,43,3,1,239,4,4,1,0,0,0,41,11,28.48,50.63,1,13,87,12,42,24,26,0.2142,941,POST,9,1,1,PORT_SCAN
user-130,2026-09-28 12:16:33.686150,105,357,387,33120,29549,54,10,42,24,HTTPS,52,3,2,306,2,6,1,1,0,0,46,6,48.34,55.74,2,12,34,20,64,17,46,0.2092,2786,GET,11,1,1,PORT_SCAN
user-009,2026-09-28 12:17:33.686150,56,559,678,86815,15825,37,18,115,9,SSH,26,2,3,373,5,7,1,1,1,0,39,10,53.84,69.98,1,3,35,19,98,10,14,0.0353,1167,GET,13,3,1,PORT_SCAN
user-013,2026-09-28 12:18:33.686150,101,854,576,19949,48887,105,5,88,19,DNS,24,2,2,378,2,3,1,0,0,1,34,0,29.14,27.63,3,4,72,7,52,21,40,0.0772,2931,GET,15,0,1,PORT_SCAN
user-049,2026-09-28 12:19:33.686150,53,665,376,29133,54980,45,15,115,24,TCP,58,2,1,117,3,2,0,0,0,2,50,14,43.71,36.2,0,12,91,4,116,9,36,0.1529,402,POST,7,1,1,PORT_SCAN
user-123,2026-09-28 12:20:33.686150,101,885,599,89558,55111,119,5,92,19,HTTPS,48,1,1,391,4,7,1,0,1,0,44,12,65.16,57.0,1,8,92,12,34,6,24,0.0409,1432,PUT,11,1,1,PORT_SCAN
user-118,2026-09-28 12:21:33.686150,46,349,387,15879,49454,72,29,46,19,SSH,76,1,1,80,1,5,0,0,0,1,31,11,54.77,46.28,3,7,59,15,34,20,28,0.1422,1539,GET,16,1,1,PORT_SCAN
user-011,2026-09-28 12:22:33.686150,64,405,216,48023,54740,73,15,48,7,HTTPS,37,4,0,176,4,2,1,0,1,0,35,8,54.4,64.37,2,14,49,12,46,18,17,0.1328,1795,POST,19,0,1,PORT_SCAN
user-037,2026-09-28 12:23:33.686150,46,399,480,86633,63418,92,30,32,9,HTTP,48,5,0,77,4,7,1,1,1,1,47,0,47.8,39.27,1,5,48,13,104,19,14,0.0415,2987,GET,11,0,1,PORT_SCAN
user-180,2026-09-28 12:24:33.686150,37,587,232,89579,59606,108,27,62,8,HTTPS,68,3,0,160,4,5,0,1,1,0,45,6,52.87,40.16,3,8,38,18,68,22,13,0.2266,326,POST,13,0,1,PORT_SCAN
user-149,2026-09-28 12:25:33.686150,90,304,313,18205,60214,61,22,41,13,HTTP,42,3,1,48,5,7,0,1,0,0,33,4,27.21,39.06,3,5,35,9,86,20,18,0.1082,501,POST,15,1,1,PORT_SCAN
user-060,2026-09-28 12:26:33.686150,102,773,401,77804,43409,96,27,59,7,DNS,28,1,0,232,1,5,1,0,1,0,41,6,47.39,66.45,3,15,41,20,83,12,21,0.2122,2827,GET,11,2,1,PORT_SCAN
user-028,2026-09-28 12:27:33.686150,31,277,347,15919,58565,71,19,49,21,HTTPS,56,2,2,325,4,1,0,0,0,0,31,2,46.83,52.16,2,6,83,14,58,13,18,0.2099,1258,GET,9,2,1,PORT_SCAN
user-132,2026-09-28 12:28:33.686150,53,372,197,17511,51663,107,2,71,23,TCP,22,1,1,306,3,3,0,0,0,1,42,13,35.28,28.56,1,8,71,4,34,17,17,0.0866,1641,POST,20,3,1,PORT_SCAN
user-191,2026-09-28 12:29:33.686150,70,761,190,79123,13935,63,15,109,20,DNS,67,3,3,394,3,1,0,0,1,1,45,10,60.63,58.21,1,11,58,18,88,9,42,0.1314,2349,GET,5,2,1,PORT_SCAN
user-016,2026-09-28 12:30:33.686150,56,428,549,56562,44759,32,6,35,6,HTTPS,54,3,0,222,1,8,1,0,0,0,47,11,59.57,34.63,3,4,57,19,89,10,29,0.0366,2575,POST,9,0,1,PORT_SCAN
user-182,2026-09-28 12:31:33.686150,93,562,684,86758,52565,101,16,112,11,HTTPS,25,5,1,85,3,5,1,0,0,0,51,8,66.56,61.43,0,8,71,18,34,9,18,0.1861,2620,GET,13,1,1,PORT_SCAN
user-021,2026-09-28 12:32:33.686150,90,535,664,71549,64512,55,17,103,5,SSH,41,2,1,45,2,8,1,0,1,0,53,8,40.82,45.74,1,4,55,5,72,24,26,0.1432,2791,POST,15,1,1,PORT_SCAN
user-003,2026-09-28 12:33:33.686150,31,810,241,20748,30295,72,11,111,19,HTTP,41,3,3,176,0,5,0,0,1,1,34,11,45.12,49.38,4,10,60,6,33,20,27,0.043,1931,GET,5,2,1,PORT_SCAN
user-046,2026-09-28 12:34:33.686150,106,675,420,80345,15631,71,7,114,21,DNS,56,2,3,224,0,3,0,0,0,1,38,0,66.28,66.25,3,13,84,14,79,23,42,0.1704,1090,GET,13,1,1,PORT_SCAN
user-001,2026-09-28 12:35:33.686150,33,625,408,77774,46906,92,19,34,22,HTTPS,54,2,1,125,3,3,1,1,1,1,49,7,51.6,33.36,3,5,48,19,103,23,26,0.1934,1543,POST,17,3,1,PORT_SCAN
user-098,2026-09-28 12:36:33.686150,31,839,461,86939,32516,54,3,113,8,HTTPS,74,2,1,349,2,3,1,0,1,0,51,12,39.79,34.55,4,12,65,16,78,16,14,0.2156,1581,GET,15,3,1,PORT_SCAN
user-113,2026-09-28 12:37:33.686150,45,807,461,38438,52063,100,13,97,14,HTTP,46,4,2,116,5,2,1,0,0,1,43,3,29.91,32.63,0,8,96,12,38,8,47,0.2492,1807,GET,14,2,1,PORT_SCAN
user-181,2026-09-28 12:38:33.686150,36,404,436,80834,49866,93,13,27,12,HTTPS,59,3,1,313,1,7,1,0,0,0,54,11,28.06,52.14,3,3,84,6,107,11,11,0.0392,1668,POST,16,1,1,PORT_SCAN
user-056,2026-09-28 12:39:33.686150,57,516,511,75556,23622,106,20,39,15,HTTPS,24,3,2,376,3,3,0,0,0,1,44,14,42.02,32.99,1,11,41,10,78,20,12,0.2161,1389,POST,16,2,1,PORT_SCAN
user-166,2026-09-28 12:40:33.686150,90,619,598,82297,35458,85,2,69,19,HTTP,60,2,1,165,2,7,1,1,0,0,50,6,52.87,56.03,1,8,95,7,49,11,49,0.1557,2447,GET,20,0,1,PORT_SCAN
user-194,2026-09-28 12:41:33.686150,105,711,557,23140,55715,74,27,95,12,DNS,53,5,1,332,4,8,1,0,1,0,39,9,69.31,67.96,1,8,56,19,83,12,25,0.2018,565,GET,14,2,1,PORT_SCAN
user-140,2026-09-28 12:42:33.686150,40,261,307,57107,51397,77,24,28,24,TCP,28,4,1,114,4,7,0,1,1,0,37,9,50.56,34.84,2,9,78,13,45,10,30,0.1647,898,GET,18,2,1,PORT_SCAN
user-038,2026-09-28 12:43:33.686150,83,545,699,67608,48291,110,27,49,10,HTTPS,22,5,2,339,3,6,1,0,0,0,46,5,37.58,28.22,3,12,40,15,58,16,45,0.1802,2679,GET,6,2,1,PORT_SCAN
user-015,2026-09-28 12:44:33.686150,94,661,482,76693,45743,60,5,81,13,HTTP,26,5,0,346,2,5,1,1,0,0,40,2,37.85,58.88,2,9,36,11,51,5,50,0.2318,2760,POST,9,1,1,PORT_SCAN
user-117,2026-09-28 12:45:33.686150,72,297,687,72459,52016,114,14,95,7,HTTPS,80,4,3,169,2,3,0,1,1,0,37,1,38.96,28.73,2,9,83,15,71,18,26,0.055,2132,POST,13,1,1,PORT_SCAN
user-177,2026-09-28 12:46:33.686150,31,447,236,82207,66213,115,17,39,21,TCP,66,3,1,223,4,4,0,0,0,0,46,11,35.53,62.27,4,14,47,8,43,12,23,0.248,2001,GET,15,2,1,PORT_SCAN
user-168,2026-09-28 12:47:33.686150,44,566,527,89505,63776,87,2,47,10,TCP,59,2,0,379,1,5,0,0,1,1,39,13,25.46,46.21,4,11,60,17,119,24,31,0.1682,1561,GET,12,3,1,PORT_SCAN
user-083,2026-09-28 12:48:33.686150,70,551,391,68486,45972,45,2,101,18,HTTPS,23,2,2,344,2,4,0,0,1,0,48,1,43.72,30.6,0,12,93,6,110,10,21,0.0767,549,GET,17,2,1,PORT_SCAN
user-108,2026-09-28 12:49:33.686150,108,746,457,32826,58871,41,20,78,15,HTTPS,48,3,2,193,3,2,0,1,1,0,47,14,59.25,55.37,0,8,61,17,56,15,10,0.2467,987,PUT,8,3,1,PORT_SCAN
user-024,2026-09-28 12:50:33.686150,79,268,583,23037,13249,70,13,35,23,TCP,37,2,2,294,5,2,1,1,0,1,40,13,50.1,67.48,2,7,34,4,113,10,26,0.0742,993,POST,19,2,1,PORT_SCAN
user-057,2026-09-28 12:51:33.686150,62,475,487,84104,45923,109,10,75,14,HTTPS,66,4,3,332,0,5,0,0,1,1,49,14,50.36,26.49,0,4,76,18,70,20,37,0.1119,898,POST,13,1,1,PORT_SCAN
user-152,2026-09-28 12:52:33.686150,93,855,600,35572,41074,74,2,79,19,DNS,75,2,1,62,3,4,1,0,0,0,47,8,32.77,31.18,2,14,47,13,77,22,19,0.228,657,GET,14,1,1,PORT_SCAN
user-052,2026-09-28 12:53:33.686150,69,305,662,68350,16359,78,20,33,20,HTTPS,41,4,2,78,3,8,0,0,1,0,27,6,36.83,35.72,0,6,79,14,51,7,10,0.1788,2808,POST,6,1,1,PORT_SCAN
user-031,2026-09-28 12:54:33.686150,110,615,603,19476,36733,32,9,76,22,DNS,46,5,1,140,5,8,0,0,0,0,49,0,41.56,29.2,2,12,71,16,79,18,34,0.1391,1957,GET,13,1,1,PORT_SCAN
user-188,2026-09-28 12:55:33.686150,80,878,593,64273,56535,91,17,92,13,DNS,31,3,2,61,4,8,0,0,0,1,45,8,51.19,37.21,3,9,93,6,59,25,38,0.0391,624,POST,9,1,1,PORT_SCAN
user-041,2026-09-28 12:56:33.686150,102,619,627,32205,61597,37,24,37,15,TCP,44,3,0,306,3,2,1,0,1,0,42,10,52.09,36.04,1,15,87,18,45,23,39,0.2128,1359,GET,18,0,1,PORT_SCAN
user-030,2026-09-28 12:57:33.686150,91,855,207,86323,35151,115,26,36,11,SSH,67,4,0,261,2,6,0,1,0,0,48,10,31.11,60.18,2,7,55,18,64,17,29,0.1553,1792,GET,6,2,1,PORT_SCAN
user-058,2026-09-28 12:58:33.686150,67,730,251,30095,28556,106,10,119,21,HTTPS,24,2,2,142,2,3,1,0,0,1,34,10,21.42,63.61,1,13,88,8,72,23,13,0.204,2709,POST,6,1,1,PORT_SCAN
user-027,2026-09-28 12:59:33.686150,71,584,510,67571,27300,55,29,51,8,HTTPS,67,4,2,166,3,4,1,1,1,0,49,8,42.69,36.02,0,13,46,14,76,12,49,0.1932,2157,POST,16,2,1,PORT_SCAN
user-179,2026-09-28 13:00:33.686150,95,674,229,60236,48173,51,4,50,19,SSH,24,4,1,92,4,4,1,0,0,0,33,4,25.56,41.56,3,7,35,17,47,22,36,0.2196,1613,GET,9,2,1,PORT_SCAN
user-025,2026-09-28 13:01:33.686150,72,356,255,63856,15537,119,15,44,8,HTTPS,76,4,1,54,3,4,0,0,0,0,53,1,25.17,35.96,0,15,51,5,84,18,26,0.1541,1438,GET,10,2,1,PORT_SCAN
user-012,2026-09-28 13:02:33.686150,51,837,575,40696,64272,114,21,90,17,HTTPS,47,2,2,35,2,4,1,0,1,0,39,12,61.81,54.44,1,11,84,7,50,24,37,0.067,455,PUT,16,1,1,PORT_SCAN
user-197,2026-09-28 13:03:33.686150,93,645,668,61935,35399,70,2,86,18,DNS,60,5,0,88,1,7,0,0,0,1,35,9,43.54,27.32,1,9,44,15,65,24,43,0.1284,2142,GET,19,1,1,PORT_SCAN
user-034,2026-09-28 13:04:33.686150,48,889,300,79712,44520,57,19,58,20,HTTPS,39,4,3,85,2,8,1,0,1,0,39,3,58.8,68.09,2,14,64,19,36,12,44,0.1137,2834,GET,15,0,1,PORT_SCAN
user-011,2026-09-28 13:05:33.686150,33,584,202,36539,28745,65,22,71,19,TCP,77,3,2,319,0,3,1,0,1,1,37,5,34.65,49.99,0,6,72,5,114,19,49,0.1535,2257,POST,10,1,1,PORT_SCAN
user-174,2026-09-28 13:06:33.686150,108,457,608,22646,18678,96,30,100,21,HTTPS,65,4,2,385,1,3,1,0,0,1,42,11,20.45,47.23,4,6,64,18,42,25,31,0.2115,2766,POST,18,2,1,PORT_SCAN
user-157,2026-09-28 13:07:33.686150,76,816,374,49874,38654,39,27,58,6,HTTPS,67,3,3,73,2,7,1,0,1,0,49,5,61.08,41.08,1,10,50,18,51,7,36,0.0775,542,DELETE,5,2,1,PORT_SCAN
user-117,2026-09-28 13:08:33.686150,86,257,253,34387,15218,114,29,37,20,TCP,54,3,1,125,3,5,0,0,1,1,34,5,38.91,63.39,2,12,56,15,67,16,40,0.1021,1225,DELETE,8,2,1,PORT_SCAN
user-043,2026-09-28 13:09:33.686150,50,571,354,85149,13636,50,22,79,15,HTTPS,22,4,0,356,2,2,0,0,1,1,41,5,23.57,68.19,1,11,61,18,25,14,41,0.2451,2570,GET,6,1,1,PORT_SCAN
user-131,2026-09-28 13:10:33.686150,92,279,231,61220,63386,75,3,68,5,HTTPS,38,1,1,58,2,7,0,0,0,0,31,2,53.51,28.53,2,14,42,18,73,17,45,0.035,1982,GET,15,1,1,PORT_SCAN
user-065,2026-09-28 13:11:33.686150,40,424,436,54340,68471,40,17,32,23,HTTPS,74,1,3,194,4,3,1,0,0,0,43,13,48.92,27.39,3,13,52,9,24,24,20,0.1397,1453,GET,8,1,1,PORT_SCAN
user-065,2026-09-28 13:12:33.686150,76,630,216,20900,33849,31,26,85,24,HTTPS,47,5,3,248,0,7,1,0,0,0,29,8,35.51,26.82,2,10,57,15,109,9,20,0.1018,753,DELETE,18,0,1,PORT_SCAN
user-145,2026-09-28 13:13:33.686150,90,476,492,47093,32674,47,9,46,5,SSH,42,4,1,122,5,2,0,1,1,0,39,1,44.28,64.33,2,8,62,20,94,10,33,0.0316,2156,PUT,15,3,1,PORT_SCAN
user-132,2026-09-28 13:14:33.686150,61,881,525,28104,20827,109,29,48,21,HTTP,41,5,2,256,4,5,0,1,1,0,44,8,68.98,57.78,0,6,47,11,81,9,21,0.0595,2917,GET,12,2,1,PORT_SCAN
user-063,2026-09-28 13:15:33.686150,89,724,601,56267,62527,35,4,26,16,DNS,56,2,2,398,5,7,1,0,1,0,41,10,38.31,65.1,4,15,71,16,61,9,24,0.0717,2544,GET,8,3,1,PORT_SCAN
user-056,2026-09-28 13:16:33.686150,35,387,229,44606,15807,42,2,46,22,HTTPS,44,2,3,241,1,4,0,1,1,0,32,14,59.33,56.07,4,10,51,8,101,14,34,0.1759,2049,GET,17,1,1,PORT_SCAN
user-139,2026-09-28 13:17:33.686150,74,770,197,54730,17045,70,29,116,23,HTTPS,51,3,1,379,3,6,1,0,1,0,39,5,48.49,41.74,2,3,41,16,48,12,41,0.1251,655,GET,19,1,1,PORT_SCAN
user-144,2026-09-28 13:18:33.686150,92,803,437,59903,65132,57,28,92,9,HTTPS,45,4,1,340,3,7,0,0,1,1,46,5,37.21,54.69,4,12,78,11,104,15,32,0.0781,2573,GET,18,1,1,PORT_SCAN
user-124,2026-09-28 13:19:33.686150,94,829,644,87178,23605,105,7,86,5,HTTP,25,2,1,151,4,7,1,0,0,0,36,7,61.21,38.32,3,5,67,6,101,14,30,0.165,815,GET,15,2,1,PORT_SCAN
user-068,2026-09-28 13:20:33.686150,75,355,213,76208,38587,41,21,62,17,HTTP,37,2,2,347,4,2,0,0,0,0,29,4,50.07,56.86,1,8,79,9,68,14,43,0.0869,2128,GET,9,1,1,PORT_SCAN
user-018,2026-09-28 13:21:33.686150,87,576,448,85711,63802,119,23,64,12,DNS,56,2,1,337,4,7,1,0,1,0,45,8,22.94,67.62,0,6,53,20,43,11,27,0.0982,2628,GET,6,3,1,PORT_SCAN
user-061,2026-09-28 13:22:33.686150,36,616,256,25173,23024,31,9,53,23,HTTPS,55,3,2,172,0,4,0,0,0,0,35,7,56.2,45.43,1,3,64,20,34,23,37,0.1044,2500,GET,20,1,1,PORT_SCAN
user-152,2026-09-28 13:23:33.686150,88,266,288,82094,53519,63,18,118,23,TCP,66,1,1,38,4,8,1,0,1,0,31,0,50.2,42.44,3,10,76,7,50,13,36,0.1977,563,GET,16,3,1,PORT_SCAN
user-149,2026-09-28 13:24:33.686150,83,632,475,20184,26394,41,8,31,19,SSH,61,1,2,280,2,5,1,0,0,1,43,8,60.23,52.77,3,8,63,13,58,18,41,0.2363,910,GET,5,2,1,PORT_SCAN
user-061,2026-09-28 13:25:33.686150,39,459,245,70517,39437,67,21,51,14,HTTPS,24,5,1,252,3,3,0,0,0,2,37,12,26.7,58.23,4,15,51,8,63,24,11,0.2355,1144,GET,5,2,1,PORT_SCAN
user-176,2026-09-28 13:26:33.686150,68,868,632,89181,58103,45,6,61,6,HTTP,60,5,2,84,2,4,0,0,0,0,49,11,62.97,62.87,3,5,61,16,64,9,18,0.1028,1928,GET,12,2,1,PORT_SCAN
user-062,2026-09-28 13:27:33.686150,36,556,196,15375,67774,48,29,49,17,HTTP,48,4,3,216,2,8,0,0,0,0,45,0,69.22,28.02,4,11,68,7,39,12,14,0.2014,2363,PUT,14,3,1,PORT_SCAN
user-102,2026-09-28 13:28:33.686150,33,682,550,16282,64275,42,12,90,4,HTTPS,36,1,1,225,5,4,0,0,0,0,38,12,53.28,47.08,3,4,58,6,93,18,49,0.033,1153,GET,11,3,1,PORT_SCAN
user-001,2026-09-28 13:29:33.686150,45,709,244,39054,19328,36,2,61,16,HTTPS,68,2,2,321,4,7,0,0,1,1,43,13,66.76,30.37,3,13,46,7,56,11,24,0.1026,2519,GET,17,0,1,PORT_SCAN
user-108,2026-09-28 13:30:33.686150,51,480,334,39098,61048,117,11,96,10,DNS,35,4,3,219,5,5,0,1,0,1,40,0,63.19,69.66,2,14,58,10,55,21,12,0.1254,899,GET,12,2,1,PORT_SCAN
user-018,2026-09-28 13:31:33.686150,60,386,367,34072,50939,95,25,80,8,TCP,51,3,2,229,4,2,0,1,1,0,36,12,66.45,50.61,4,6,69,6,75,21,15,0.0691,702,PATCH,6,1,1,PORT_SCAN
user-072,2026-09-28 13:32:33.686150,87,431,302,78059,69310,85,29,109,14,SSH,66,3,2,395,3,4,0,0,0,0,43,1,50.12,39.45,3,10,51,13,101,12,39,0.0532,1013,POST,4,3,1,PORT_SCAN
user-181,2026-09-28 13:33:33.686150,61,538,298,23580,64826,79,12,103,18,DNS,26,5,0,229,1,7,1,0,1,0,45,13,46.97,44.94,0,5,86,8,100,9,33,0.1598,1022,PUT,9,0,1,PORT_SCAN
user-086,2026-09-28 13:34:33.686150,48,404,326,54535,49956,92,11,51,4,HTTP,67,3,2,168,2,1,0,1,1,0,35,8,69.9,48.89,1,7,83,19,119,20,45,0.2479,1965,GET,8,2,1,PORT_SCAN
user-037,2026-09-28 13:35:33.686150,104,630,613,78385,38139,86,29,47,18,HTTPS,55,4,1,162,3,3,0,0,1,0,35,8,45.09,31.96,0,3,69,14,74,15,44,0.1863,954,POST,15,0,1,PORT_SCAN
user-126,2026-09-28 13:36:33.686150,56,856,549,17025,21150,40,19,90,13,TCP,67,4,1,383,2,7,1,1,1,0,38,3,56.9,57.86,4,9,45,7,84,15,46,0.2245,527,GET,11,2,1,PORT_SCAN
user-149,2026-09-28 13:37:33.686150,85,423,585,32176,26340,107,25,42,21,DNS,70,3,2,182,2,5,1,0,0,0,45,0,20.75,67.11,0,12,53,4,56,7,19,0.1472,2032,POST,15,0,1,PORT_SCAN
user-145,2026-09-28 13:38:33.686150,72,772,505,24387,41588,47,20,62,13,HTTPS,78,3,0,333,2,2,0,0,0,2,45,4,21.53,67.14,1,12,97,13,99,17,24,0.0392,366,GET,6,1,1,PORT_SCAN
user-194,2026-09-28 13:39:33.686150,83,763,543,86664,16226,37,9,75,13,TCP,57,2,3,112,4,1,0,0,0,1,34,9,60.95,43.19,3,7,97,5,101,22,15,0.1881,624,DELETE,20,2,1,PORT_SCAN
user-044,2026-09-28 13:40:33.686150,91,423,340,31156,53755,80,14,46,5,HTTPS,40,4,1,392,3,1,0,1,1,1,44,3,67.77,33.68,3,12,51,15,77,23,17,0.1336,2753,PUT,14,3,1,PORT_SCAN
user-118,2026-09-28 13:41:33.686150,42,482,534,84118,26597,62,22,71,25,HTTPS,79,1,2,304,1,2,1,1,0,0,57,6,28.4,63.48,4,11,53,13,27,24,14,0.1748,2000,GET,16,2,1,PORT_SCAN
user-001,2026-09-28 13:42:33.686150,78,367,541,39734,39583,54,13,56,12,SSH,25,4,1,52,4,3,1,0,0,1,46,4,20.05,68.81,3,7,58,6,69,17,48,0.0776,2522,GET,10,1,1,PORT_SCAN
user-004,2026-09-28 13:43:33.686150,43,847,338,36934,66598,115,5,117,20,HTTPS,42,1,1,39,3,7,0,1,1,2,47,4,62.09,41.25,3,6,36,17,40,15,27,0.0834,2562,GET,8,2,1,PORT_SCAN
user-112,2026-09-28 13:44:33.686150,69,670,605,30600,63714,94,12,64,12,TCP,29,3,0,167,1,3,0,0,1,0,33,2,26.16,40.62,1,12,53,20,39,24,47,0.1724,2479,PATCH,12,1,1,PORT_SCAN
user-021,2026-09-28 13:45:33.686150,83,514,630,69098,41467,45,4,57,8,DNS,44,5,1,116,4,3,0,0,0,0,34,6,56.16,53.98,3,8,49,11,92,7,41,0.1272,1660,GET,12,1,1,PORT_SCAN
user-198,2026-09-28 13:46:33.686150,82,690,281,79251,49859,31,3,92,20,SSH,77,1,0,226,4,1,0,0,0,0,44,8,55.39,38.12,2,5,63,7,21,6,10,0.167,559,GET,10,2,1,PORT_SCAN
user-082,2026-09-28 13:47:33.686150,100,574,363,56702,41346,54,19,115,20,DNS,51,5,0,234,0,5,1,0,0,0,38,3,63.37,44.33,1,10,66,16,68,24,21,0.1446,2646,POST,17,1,1,PORT_SCAN
user-083,2026-09-28 13:48:33.686150,62,596,475,75117,48327,35,13,53,6,DNS,56,2,0,396,1,5,0,0,1,2,39,0,69.09,25.79,2,13,52,12,25,20,40,0.0486,1425,GET,5,1,1,PORT_SCAN
user-131,2026-09-28 13:49:33.686150,108,325,316,17850,66119,85,20,101,14,DNS,31,2,3,395,1,7,0,1,1,0,39,5,41.89,30.73,3,11,64,13,65,11,15,0.1589,487,GET,5,3,1,PORT_SCAN
user-019,2026-09-28 13:50:33.686150,103,872,239,32182,35589,113,9,77,8,HTTP,57,4,1,217,3,5,1,1,1,0,48,12,61.84,32.62,3,14,88,6,62,7,16,0.0611,1404,POST,12,2,1,PORT_SCAN
user-019,2026-09-28 13:51:33.686150,42,859,435,45404,39001,33,12,77,4,HTTPS,27,4,2,297,4,3,0,0,1,0,32,13,22.14,35.0,3,3,88,12,99,13,44,0.168,2659,POST,12,1,1,PORT_SCAN
user-048,2026-09-28 13:52:33.686150,65,443,365,30659,46978,100,7,72,24,DNS,48,2,2,293,3,5,0,1,1,0,49,9,24.45,37.86,1,6,58,15,76,18,16,0.1667,553,PUT,7,2,1,PORT_SCAN
user-178,2026-09-28 13:53:33.686150,76,575,619,60969,40061,107,19,104,19,HTTPS,43,2,1,384,3,6,0,1,0,0,52,11,43.59,31.5,1,9,86,18,95,20,26,0.1488,2555,GET,14,2,1,PORT_SCAN
user-154,2026-09-28 13:54:33.686150,47,770,472,76238,14414,117,29,43,4,HTTPS,25,1,1,69,4,1,0,1,1,0,38,2,54.94,57.64,0,13,44,14,27,23,41,0.213,2519,GET,19,0,1,PORT_SCAN
user-093,2026-09-28 13:55:33.686150,31,495,405,70236,60459,70,22,69,7,HTTP,30,3,1,218,3,1,1,1,0,0,51,1,25.88,50.24,1,4,86,5,101,15,43,0.1511,2146,PUT,7,1,1,PORT_SCAN
user-099,2026-09-28 13:56:33.686150,86,654,669,30659,69427,52,22,63,20,HTTP,48,4,1,109,2,8,1,0,1,2,41,12,57.44,30.86,2,7,96,18,99,15,42,0.0866,1977,PUT,15,3,1,PORT_SCAN
user-109,2026-09-28 13:57:33.686150,72,882,384,42116,24425,76,24,84,22,HTTPS,61,3,0,145,0,6,0,0,1,0,51,14,36.82,60.31,4,11,94,18,67,25,44,0.2002,2826,PUT,4,2,1,PORT_SCAN
user-065,2026-09-28 13:58:33.686150,52,704,250,48792,53685,68,13,26,23,HTTPS,21,2,1,361,1,6,1,1,1,0,37,10,42.88,31.9,1,12,51,15,115,6,24,0.1066,2247,POST,11,3,1,PORT_SCAN
user-186,2026-09-28 13:59:33.686150,64,323,658,51834,43133,35,25,110,25,HTTPS,30,1,1,363,2,4,0,0,0,0,49,13,37.98,34.83,2,3,32,8,42,20,20,0.0682,337,GET,6,1,1,PORT_SCAN
user-172,2026-09-28 14:00:33.686150,64,610,499,56214,57852,55,22,64,10,HTTPS,21,3,0,175,5,5,1,0,1,0,28,13,42.89,53.95,3,4,45,14,106,14,47,0.1439,405,GET,7,3,1,PORT_SCAN
user-158,2026-09-28 14:01:33.686150,96,315,468,21507,52916,38,16,73,22,SSH,79,4,2,273,1,6,0,1,0,0,50,5,32.54,61.62,0,14,47,20,39,17,46,0.2132,1168,PUT,9,3,1,PORT_SCAN
user-189,2026-09-28 14:02:33.686150,34,576,625,76657,62231,98,12,38,25,HTTPS,80,3,1,338,0,6,1,0,0,1,31,6,65.88,59.72,1,7,60,10,22,8,38,0.1571,875,GET,8,1,1,PORT_SCAN
user-149,2026-09-28 14:03:33.686150,34,273,380,56760,22276,61,22,74,9,HTTPS,77,2,3,129,1,8,0,0,0,0,46,7,35.82,64.49,1,15,49,10,65,13,20,0.0621,352,POST,7,1,1,PORT_SCAN
user-157,2026-09-28 14:04:33.686150,52,258,652,53594,35850,95,16,50,14,DNS,67,2,1,340,1,2,0,0,0,0,36,3,57.36,39.25,3,14,60,6,115,8,37,0.108,1692,DELETE,19,1,1,PORT_SCAN
user-071,2026-09-28 14:05:33.686150,73,315,420,60801,64061,32,17,86,15,DNS,39,2,2,266,2,7,0,0,0,0,31,5,59.61,52.73,1,10,75,6,92,18,48,0.2468,2383,POST,12,3,1,PORT_SCAN
user-120,2026-09-28 14:06:33.686150,54,727,667,21274,28826,36,5,39,19,HTTPS,60,1,1,277,1,5,0,0,0,2,45,11,58.92,54.27,3,5,47,18,91,18,21,0.1645,2864,GET,11,2,1,PORT_SCAN
user-088,2026-09-28 14:07:33.686150,56,433,231,16460,42616,82,27,61,4,HTTPS,25,5,1,291,2,3,0,0,0,1,28,9,44.16,51.08,0,10,67,17,113,18,25,0.0613,2763,GET,8,2,1,PORT_SCAN
user-159,2026-09-28 14:08:33.686150,76,651,631,72432,62937,49,3,117,18,HTTP,37,1,2,277,4,5,0,1,1,0,34,0,66.47,55.42,0,6,95,4,108,19,39,0.08,380,GET,19,1,1,PORT_SCAN
user-020,2026-09-28 14:09:33.686150,40,587,578,43115,65959,67,26,39,22,HTTP,51,2,3,211,3,6,0,1,0,1,39,2,57.64,55.39,1,4,95,6,112,17,17,0.0462,1990,GET,9,3,1,PORT_SCAN
user-188,2026-09-28 14:10:33.686150,80,654,283,51323,52094,114,4,32,17,HTTP,51,5,1,318,1,4,0,0,1,0,41,8,33.12,33.96,4,8,100,14,22,24,13,0.0395,2143,GET,9,3,1,PORT_SCAN
user-193,2026-09-28 14:11:33.686150,54,306,301,60633,22370,100,27,96,15,HTTPS,38,1,0,353,1,7,0,1,0,0,40,9,38.28,51.92,3,5,30,12,25,21,16,0.1613,2144,GET,16,1,1,PORT_SCAN
user-030,2026-09-28 14:12:33.686150,32,559,649,27890,15909,98,21,85,24,HTTPS,60,2,1,220,3,1,0,1,0,0,39,13,35.19,41.64,1,14,37,5,51,9,10,0.0808,1726,GET,16,1,1,PORT_SCAN
user-181,2026-09-28 14:13:33.686150,37,746,495,44616,64303,68,7,54,25,TCP,39,4,0,280,3,4,1,1,0,1,43,7,37.6,57.8,1,6,75,19,108,9,43,0.1109,2320,GET,17,0,1,PORT_SCAN
user-120,2026-09-28 14:14:33.686150,78,790,329,86582,18017,54,6,94,13,HTTP,57,3,3,313,4,1,0,1,1,1,45,12,22.62,37.13,4,13,80,8,32,9,23,0.1012,1110,POST,6,3,1,PORT_SCAN
user-175,2026-09-28 14:15:33.686150,37,509,699,16742,48276,115,25,44,7,SSH,61,3,3,165,2,1,0,1,1,0,51,6,20.55,62.49,2,6,78,6,32,20,16,0.157,1528,GET,4,0,1,PORT_SCAN
user-072,2026-09-28 14:16:33.686150,78,511,462,42829,40379,99,26,114,8,HTTPS,72,5,2,61,4,1,0,0,0,3,41,2,33.37,38.23,3,9,38,8,72,16,43,0.2239,2086,GET,15,0,1,PORT_SCAN
user-115,2026-09-28 14:17:33.686150,59,459,432,79054,26922,116,5,103,11,HTTP,73,3,1,153,3,6,0,0,0,0,24,5,60.46,47.37,3,10,77,15,41,23,13,0.1145,2832,GET,19,1,1,PORT_SCAN
user-001,2026-09-28 14:18:33.686150,88,632,614,44616,42184,71,14,30,9,HTTPS,39,2,3,314,1,5,0,0,1,0,28,9,46.46,26.69,1,12,36,17,57,12,37,0.0356,1977,POST,10,0,1,PORT_SCAN
user-177,2026-09-28 14:19:33.686150,75,695,332,23138,68275,64,19,72,24,TCP,63,3,2,378,1,7,1,0,1,1,52,4,25.5,47.34,2,12,99,6,26,18,48,0.0769,2750,GET,6,0,1,PORT_SCAN
user-057,2026-09-28 14:20:33.686150,97,384,358,68268,33798,107,25,51,14,HTTPS,31,3,3,278,3,7,0,1,1,0,44,14,47.89,55.54,3,6,49,11,115,7,48,0.1413,1005,GET,8,2,1,PORT_SCAN
user-040,2026-09-28 14:21:33.686150,75,469,365,44510,41299,92,21,70,11,HTTPS,40,5,2,60,3,7,0,1,1,0,44,10,36.82,60.09,3,5,46,14,29,25,40,0.0588,1993,PATCH,6,2,1,PORT_SCAN
user-073,2026-09-28 14:22:33.686150,74,411,538,81323,28991,34,14,52,5,DNS,55,5,1,302,1,8,0,0,1,0,48,7,41.01,45.7,3,8,87,12,28,22,35,0.1816,2311,PATCH,10,1,1,PORT_SCAN
user-127,2026-09-28 14:23:33.686150,68,644,365,74280,67005,109,11,118,14,DNS,23,2,2,183,1,3,0,1,0,0,30,1,54.86,53.53,2,14,51,13,57,14,17,0.1024,1479,GET,4,1,1,PORT_SCAN
user-178,2026-09-28 14:24:33.686150,60,443,211,28646,66136,85,4,101,20,DNS,74,3,2,265,2,3,1,0,0,1,33,13,58.14,63.45,1,5,79,16,63,16,17,0.1642,2689,GET,6,3,1,PORT_SCAN
user-094,2026-09-28 14:25:33.686150,37,376,469,63127,38470,111,22,87,13,HTTPS,45,3,3,247,3,5,1,0,0,1,56,12,66.67,25.34,2,14,48,8,100,10,29,0.1617,2551,GET,14,1,1,PORT_SCAN
user-084,2026-09-28 14:26:33.686150,101,555,228,82956,29085,57,20,91,19,TCP,48,3,2,389,1,3,1,1,0,0,44,11,49.35,27.12,1,12,80,15,76,19,38,0.1047,2883,DELETE,17,2,1,PORT_SCAN
user-120,2026-09-28 14:27:33.686150,36,868,612,46738,60287,63,23,60,22,TCP,78,2,3,356,5,3,1,0,1,1,46,1,58.64,39.93,0,13,47,12,82,8,30,0.0671,1770,GET,19,3,1,PORT_SCAN
user-148,2026-09-28 14:28:33.686150,74,290,450,35139,41428,102,23,96,20,HTTPS,76,2,1,232,3,7,0,0,0,0,53,2,51.81,51.04,3,10,92,8,79,17,45,0.1142,864,POST,9,2,1,PORT_SCAN
user-136,2026-09-28 14:29:33.686150,36,253,584,62961,29679,67,5,58,8,SSH,60,2,1,239,3,5,0,1,0,0,44,11,53.97,37.21,1,7,59,9,57,10,11,0.241,2102,DELETE,19,0,1,PORT_SCAN
user-076,2026-09-28 14:30:33.686150,92,774,636,47701,21420,85,23,39,18,SSH,74,3,0,375,2,3,1,0,1,0,48,11,61.86,29.26,2,5,38,13,102,19,27,0.0596,512,POST,20,1,1,PORT_SCAN
user-001,2026-09-28 14:31:33.686150,55,370,192,52948,49836,52,22,94,14,SSH,28,2,3,392,2,2,1,0,1,0,53,2,44.36,53.47,2,14,38,5,90,21,32,0.2353,1077,GET,9,3,1,PORT_SCAN
user-187,2026-09-28 14:32:33.686150,81,798,689,25263,46714,53,12,110,22,TCP,75,4,1,252,3,3,1,0,0,2,48,10,44.41,26.22,2,10,78,11,70,12,35,0.1304,1914,GET,9,0,1,PORT_SCAN
user-089,2026-09-28 14:33:33.686150,88,749,368,75522,37523,43,16,52,25,HTTP,62,3,0,339,4,7,0,0,0,1,42,7,62.86,30.52,1,12,63,11,58,6,20,0.218,2712,GET,11,2,1,PORT_SCAN
user-053,2026-09-28 14:34:33.686150,66,294,646,73261,45100,108,23,74,21,HTTPS,33,3,1,339,4,3,1,0,1,1,37,9,42.58,50.76,1,14,51,19,99,24,28,0.1316,2616,PUT,5,0,1,PORT_SCAN
user-047,2026-09-28 14:35:33.686150,105,883,199,26623,40412,102,17,45,17,TCP,76,3,0,255,2,5,1,1,1,0,48,7,63.91,57.28,0,10,75,13,97,9,25,0.224,770,POST,11,2,1,PORT_SCAN
user-099,2026-09-28 14:36:33.686150,90,553,189,28727,18903,41,2,80,10,HTTPS,44,1,2,166,1,6,0,0,0,1,48,4,35.2,61.55,0,4,83,15,49,10,23,0.0323,1943,GET,8,1,1,PORT_SCAN
user-013,2026-09-28 14:37:33.686150,87,613,383,77139,16859,41,10,76,21,TCP,43,2,1,229,4,3,1,1,1,1,39,4,21.64,48.83,1,7,71,9,26,14,28,0.2295,1517,GET,15,1,1,PORT_SCAN
user-133,2026-09-28 14:38:33.686150,83,382,626,75458,60952,56,19,74,5,HTTP,60,2,2,299,3,2,0,1,1,0,33,7,38.58,65.78,2,10,37,7,80,11,16,0.0755,963,GET,5,1,1,PORT_SCAN
user-194,2026-09-28 14:39:33.686150,71,688,304,56646,37126,33,12,81,22,HTTPS,54,1,1,57,2,1,0,0,1,0,31,10,58.53,65.52,3,5,75,11,73,21,30,0.1535,436,POST,15,3,1,PORT_SCAN
user-169,2026-09-28 14:40:33.686150,92,260,419,61632,56281,53,3,32,18,HTTPS,42,3,2,89,1,3,1,0,0,0,33,5,20.06,68.76,3,15,98,20,48,22,43,0.2385,2839,GET,16,0,1,PORT_SCAN
user-198,2026-09-28 14:41:33.686150,71,740,398,48304,52054,55,25,35,10,TCP,69,5,0,315,0,2,0,0,0,0,26,1,46.52,39.82,0,15,39,6,53,23,38,0.1839,964,GET,13,1,1,PORT_SCAN
user-148,2026-09-28 14:42:33.686150,42,544,394,52917,52095,66,11,86,10,HTTPS,48,1,1,117,3,2,0,0,0,1,35,1,45.9,53.75,3,12,41,7,93,15,44,0.1267,1910,GET,19,2,1,PORT_SCAN
user-052,2026-09-28 14:43:33.686150,76,509,469,53664,20785,61,15,92,22,SSH,22,5,1,41,4,7,0,0,0,0,32,14,54.93,37.6,3,12,72,15,92,24,14,0.1437,2363,POST,11,3,1,PORT_SCAN
user-167,2026-09-28 14:44:33.686150,57,671,273,21354,68287,63,21,84,17,TCP,54,3,2,210,3,5,0,0,0,0,46,3,67.71,28.49,2,12,48,12,112,15,37,0.1282,1069,POST,15,2,1,PORT_SCAN
user-013,2026-09-28 14:45:33.686150,107,424,374,71747,16242,67,17,81,17,TCP,74,4,1,369,1,4,0,1,0,0,56,13,68.9,56.48,1,5,98,14,80,13,40,0.1377,1845,GET,18,0,1,PORT_SCAN
user-114,2026-09-28 14:46:33.686150,40,671,555,29069,63798,91,12,70,23,TCP,78,1,1,299,2,5,1,0,1,0,47,8,57.18,53.57,3,11,95,10,66,25,24,0.2198,671,PUT,15,2,1,PORT_SCAN
user-169,2026-09-28 14:47:33.686150,82,761,537,27815,36169,104,14,101,20,HTTPS,44,3,1,92,1,4,1,0,0,0,50,6,20.37,51.64,3,11,32,9,71,19,19,0.1013,1342,POST,7,1,1,PORT_SCAN
user-131,2026-09-28 14:48:33.686150,79,654,693,79590,14118,77,8,79,22,HTTPS,51,4,2,157,2,2,0,1,1,0,37,12,48.75,67.55,2,13,65,15,27,22,29,0.1389,2273,GET,11,1,1,PORT_SCAN
user-093,2026-09-28 14:49:33.686150,35,721,694,50900,53364,41,30,88,10,HTTP,33,1,3,42,3,5,1,0,0,0,57,7,65.06,55.55,3,12,40,11,116,12,12,0.0659,423,GET,6,2,1,PORT_SCAN
user-136,2026-09-28 14:50:33.686150,89,840,461,26444,35821,56,27,97,6,DNS,64,1,0,211,3,2,1,1,0,1,49,7,22.8,69.32,2,14,79,16,106,23,13,0.1131,2247,GET,14,2,1,PORT_SCAN
user-009,2026-09-28 14:51:33.686150,54,448,204,71463,28038,90,28,49,6,SSH,21,1,2,193,3,2,0,0,0,0,36,5,21.09,63.88,2,14,39,10,77,8,29,0.0948,406,PUT,14,1,1,PORT_SCAN
user-044,2026-09-28 14:52:33.686150,85,292,509,44572,69925,83,10,101,21,DNS,64,2,3,369,2,1,1,0,0,1,37,13,28.64,37.55,2,5,72,17,75,13,21,0.1553,1920,POST,18,2,1,PORT_SCAN
user-144,2026-09-28 14:53:33.686150,65,490,242,64783,41100,100,14,45,16,DNS,35,3,2,311,5,7,1,0,1,0,56,10,44.33,38.38,3,12,57,17,112,14,11,0.1573,2004,POST,13,1,1,PORT_SCAN
user-036,2026-09-28 14:54:33.686150,71,725,511,78085,13900,120,19,91,7,HTTP,56,3,2,141,0,6,0,0,0,0,50,2,44.67,33.61,2,11,38,9,77,16,12,0.1249,2916,PUT,8,2,1,PORT_SCAN
user-088,2026-09-28 14:55:33.686150,44,328,233,84646,41974,47,27,85,5,TCP,46,1,2,208,3,1,0,1,0,0,40,4,47.45,64.17,1,13,37,12,89,9,19,0.0497,2193,GET,5,1,1,PORT_SCAN
user-105,2026-09-28 14:56:33.686150,65,510,444,25523,29342,54,2,108,22,HTTPS,68,4,1,193,2,6,1,0,0,1,32,13,47.18,50.59,0,8,70,10,46,9,12,0.1118,2317,GET,8,1,1,PORT_SCAN
user-177,2026-09-28 14:57:33.686150,74,845,659,41043,14877,72,6,40,24,HTTPS,58,4,2,367,1,1,0,0,0,1,38,2,50.12,68.45,3,5,52,11,44,13,47,0.0455,1729,GET,7,1,1,PORT_SCAN
user-021,2026-09-28 14:58:33.686150,104,489,394,73063,21737,59,19,79,24,TCP,69,4,1,292,4,1,1,0,1,0,55,1,31.64,45.63,2,11,67,18,100,7,43,0.056,1752,POST,16,3,1,PORT_SCAN
user-088,2026-09-28 14:59:33.686150,32,396,354,29084,27442,56,22,57,9,TCP,69,3,1,229,0,7,1,1,0,1,51,7,57.08,26.59,4,11,36,20,58,6,34,0.1912,2375,GET,15,2,1,PORT_SCAN
user-172,2026-09-28 15:00:33.686150,109,726,407,49152,63791,45,12,42,5,HTTPS,32,2,3,82,2,4,0,1,0,1,44,6,37.54,25.01,3,8,85,9,62,12,41,0.2185,2212,POST,19,2,1,PORT_SCAN
user-140,2026-09-28 15:01:33.686150,95,369,331,71680,29422,71,7,47,12,SSH,50,2,3,374,3,7,0,0,1,0,43,7,41.87,38.94,0,5,74,11,44,5,31,0.0411,753,POST,14,3,1,PORT_SCAN
user-185,2026-09-28 15:02:33.686150,70,304,280,73455,31795,113,8,42,19,HTTPS,23,2,1,93,1,3,1,0,1,0,49,3,33.66,47.99,3,12,59,12,108,11,45,0.1736,2647,GET,9,3,1,PORT_SCAN
user-137,2026-09-28 15:03:33.686150,55,532,356,21481,39207,65,19,90,24,HTTPS,63,5,1,132,5,2,1,0,0,1,44,1,28.08,33.19,1,13,33,19,54,9,12,0.1481,1794,PUT,6,2,1,PORT_SCAN
user-162,2026-09-28 15:04:33.686150,101,728,466,56811,27755,90,8,51,23,HTTPS,51,1,2,347,1,6,1,1,0,1,34,4,65.45,38.67,2,11,33,13,43,7,28,0.2477,1628,GET,12,2,1,PORT_SCAN
user-146,2026-09-28 15:05:33.686150,51,757,392,19584,44702,44,23,64,20,HTTPS,61,1,3,140,0,5,0,0,1,0,40,2,63.33,62.91,2,5,64,8,69,8,36,0.0443,2619,GET,16,2,1,PORT_SCAN
user-080,2026-09-28 15:06:33.686150,39,265,411,52110,66177,98,12,43,19,SSH,58,2,0,157,0,4,1,0,0,0,26,12,51.38,48.77,4,15,62,9,99,11,12,0.1347,2741,POST,7,2,1,PORT_SCAN
user-060,2026-09-28 15:07:33.686150,32,309,694,65037,24814,110,25,82,25,TCP,37,4,2,364,3,8,1,1,0,0,52,1,56.64,34.84,0,6,91,17,45,19,41,0.1077,2342,GET,10,1,1,PORT_SCAN
user-193,2026-09-28 15:08:33.686150,63,478,325,86060,12953,53,16,44,24,HTTPS,59,1,3,221,4,2,1,0,1,0,49,0,26.56,26.55,4,3,89,16,92,18,42,0.1381,2424,GET,8,2,1,PORT_SCAN
user-058,2026-09-28 15:09:33.686150,38,600,196,38475,45904,83,22,102,21,DNS,66,3,1,268,4,6,1,0,0,1,39,6,26.39,43.52,2,14,94,19,51,20,45,0.0402,2350,GET,16,0,1,PORT_SCAN
user-135,2026-09-28 15:10:33.686150,76,826,609,88385,53007,52,14,54,24,DNS,49,4,1,126,5,3,1,0,0,0,43,6,27.42,29.56,2,13,73,15,44,11,10,0.0898,1446,PUT,4,1,1,PORT_SCAN
user-063,2026-09-28 15:11:33.686150,93,583,196,55967,62380,109,10,82,12,HTTPS,30,1,2,270,0,6,0,0,1,0,48,2,68.06,63.76,1,8,82,14,119,12,39,0.1901,496,POST,9,1,1,PORT_SCAN
user-123,2026-09-28 15:12:33.686150,103,670,471,23605,54077,42,18,36,22,DNS,22,3,2,243,2,8,0,1,1,2,31,13,42.18,27.31,2,14,56,13,111,17,18,0.1296,1502,GET,5,1,1,PORT_SCAN
user-036,2026-09-28 15:13:33.686150,96,766,341,67075,13871,92,19,92,17,HTTP,67,4,2,30,1,4,1,0,1,1,43,6,48.3,50.52,0,12,31,14,40,24,26,0.1237,1976,GET,8,2,1,PORT_SCAN
user-196,2026-09-28 15:14:33.686150,46,787,210,18500,38916,45,28,30,13,HTTPS,36,2,2,190,3,8,1,0,1,1,58,3,66.06,31.94,1,13,77,4,111,11,41,0.1976,1628,GET,16,2,1,PORT_SCAN
user-054,2026-09-28 15:15:33.686150,100,809,267,85156,22434,103,22,70,24,DNS,31,3,1,161,4,4,0,0,1,1,50,3,29.15,61.41,4,10,90,5,77,6,15,0.1351,2844,GET,16,2,1,PORT_SCAN
user-022,2026-09-28 15:16:33.686150,106,453,418,36785,57203,107,22,118,19,DNS,52,3,3,190,3,5,1,1,1,1,48,13,35.55,53.06,3,8,62,18,45,11,29,0.208,1297,POST,13,1,1,PORT_SCAN
user-095,2026-09-28 15:17:33.686150,50,393,609,77053,64721,90,3,92,10,HTTPS,46,1,1,31,1,2,0,0,1,2,51,0,21.01,55.53,2,11,94,9,23,14,34,0.118,2278,POST,18,2,1,PORT_SCAN
user-118,2026-09-28 15:18:33.686150,49,496,579,57126,24763,104,22,102,17,HTTPS,48,2,2,313,3,4,1,0,1,0,49,13,47.28,56.56,2,9,58,6,62,19,41,0.1119,2073,GET,10,1,1,PORT_SCAN
user-160,2026-09-28 15:19:33.686150,90,682,292,71411,29719,36,14,104,10,HTTP,49,1,2,94,4,8,1,0,0,1,48,8,55.87,28.29,2,11,85,5,55,9,24,0.232,1407,GET,13,3,1,PORT_SCAN
user-139,2026-09-28 15:20:33.686150,49,543,417,62819,23929,97,18,92,16,HTTP,25,5,2,125,1,2,1,0,0,0,35,9,26.75,55.1,2,11,36,10,76,11,12,0.0612,363,PATCH,17,1,1,PORT_SCAN
user-062,2026-09-28 15:21:33.686150,104,398,194,86906,13579,45,18,55,12,HTTPS,63,3,0,252,3,3,0,1,0,0,43,8,53.32,65.73,2,7,95,10,59,23,34,0.1324,2487,PATCH,19,1,1,PORT_SCAN
user-047,2026-09-28 15:22:33.686150,106,690,594,88082,34891,47,9,36,25,HTTPS,74,2,1,261,1,8,0,0,0,1,45,10,28.7,28.59,3,4,81,12,56,22,16,0.0341,987,POST,18,2,1,PORT_SCAN
user-123,2026-09-28 15:23:33.686150,66,432,453,47468,50266,110,12,45,10,DNS,28,3,1,70,2,5,0,1,0,0,40,7,66.69,25.03,3,12,89,9,104,19,28,0.2178,2544,GET,10,1,1,PORT_SCAN
user-087,2026-09-28 15:24:33.686150,42,867,263,71580,55181,100,2,35,6,HTTPS,73,1,2,158,1,3,0,0,0,0,49,6,30.07,68.97,1,8,51,10,50,21,17,0.0985,2453,GET,15,3,1,PORT_SCAN
user-161,2026-09-28 15:25:33.686150,107,755,657,24716,28595,93,21,69,6,TCP,52,4,1,239,4,1,0,0,0,0,31,5,67.2,46.04,4,10,42,13,105,9,26,0.1204,513,GET,8,2,1,PORT_SCAN
user-113,2026-09-28 15:26:33.686150,46,323,334,44788,47764,74,13,39,18,DNS,80,3,1,283,0,4,1,0,0,0,43,11,31.44,53.65,1,10,66,4,21,5,35,0.1322,1383,GET,10,3,1,PORT_SCAN
user-110,2026-09-28 15:27:33.686150,48,422,516,66001,23862,113,9,33,8,HTTPS,69,3,3,156,2,3,1,0,1,0,41,14,49.78,45.65,2,12,51,13,26,12,13,0.1792,1977,GET,10,0,1,PORT_SCAN
user-007,2026-09-28 15:28:33.686150,41,580,589,71846,46555,99,24,27,21,HTTPS,34,4,1,39,4,2,1,0,0,0,52,14,65.34,64.88,2,7,63,9,81,20,26,0.1648,1933,GET,15,2,1,PORT_SCAN
user-040,2026-09-28 15:29:33.686150,104,815,494,21454,30960,112,20,39,8,HTTPS,26,3,1,134,1,5,0,0,0,1,47,0,29.57,26.71,1,3,48,12,28,21,40,0.048,2564,GET,11,1,1,PORT_SCAN
user-092,2026-09-28 15:30:33.686150,70,418,346,43264,27428,52,8,49,7,HTTPS,58,4,2,236,1,5,0,0,0,0,50,3,43.73,29.94,2,10,44,5,103,9,14,0.1438,735,PUT,11,0,1,PORT_SCAN
user-120,2026-09-28 15:31:33.686150,88,757,589,37909,19799,75,7,55,14,HTTPS,44,3,1,318,3,4,0,0,0,1,44,0,22.76,35.4,3,9,39,9,30,24,48,0.0835,1687,GET,8,1,1,PORT_SCAN
user-057,2026-09-28 15:32:33.686150,45,396,687,67326,54039,72,25,82,23,HTTPS,31,3,1,380,2,6,1,0,0,1,51,10,23.39,47.33,3,14,90,11,79,19,26,0.0466,2338,GET,6,2,1,PORT_SCAN
user-090,2026-09-28 15:33:33.686150,89,710,252,15004,16708,70,28,89,8,HTTPS,22,5,2,226,1,5,0,0,0,1,48,14,58.3,26.43,0,10,40,12,59,15,24,0.1547,464,GET,14,2,1,PORT_SCAN
user-165,2026-09-28 15:34:33.686150,110,459,491,37473,37888,113,21,30,10,HTTPS,64,2,3,280,2,5,1,1,0,0,45,13,34.74,67.1,1,12,75,9,48,15,29,0.1284,456,GET,13,1,1,PORT_SCAN
user-168,2026-09-28 15:35:33.686150,69,887,514,52666,41179,48,19,90,9,DNS,29,2,2,297,4,3,0,0,1,0,29,0,52.0,57.17,1,13,44,11,64,12,33,0.2331,594,POST,13,3,1,PORT_SCAN
user-161,2026-09-28 15:36:33.686150,102,324,487,50010,55424,91,29,62,17,HTTPS,21,3,1,121,0,6,1,0,0,0,52,3,47.18,44.67,2,15,35,17,92,8,31,0.0831,1821,POST,13,0,1,PORT_SCAN
user-039,2026-09-28 15:37:33.686150,72,518,206,45822,13636,79,20,45,12,HTTPS,70,4,2,54,4,7,1,0,0,1,52,9,27.64,42.34,4,10,43,17,44,6,20,0.2342,490,PUT,20,2,1,PORT_SCAN
user-093,2026-09-28 15:38:33.686150,56,813,186,83387,69890,109,20,34,22,TCP,64,2,2,327,2,2,1,0,1,0,38,9,21.34,46.56,0,15,48,16,31,17,16,0.067,682,GET,19,2,1,PORT_SCAN
user-023,2026-09-28 15:39:33.686150,49,459,606,31944,61725,67,14,111,10,TCP,62,4,1,344,4,1,1,1,0,0,48,7,28.06,58.99,2,7,80,14,40,15,13,0.1397,2936,GET,6,1,1,PORT_SCAN
user-037,2026-09-28 15:40:33.686150,53,269,480,82548,22543,110,19,105,17,SSH,51,1,2,59,4,7,0,0,1,2,54,5,54.65,60.13,0,10,48,18,92,5,23,0.0634,1270,GET,11,1,1,PORT_SCAN
user-080,2026-09-28 15:41:33.686150,40,838,531,87248,57172,66,11,79,13,TCP,52,3,3,161,4,7,1,0,1,1,33,12,60.14,46.39,3,11,85,12,85,13,39,0.0784,2145,GET,14,1,1,PORT_SCAN
user-075,2026-09-28 15:42:33.686150,62,579,223,82566,25605,72,7,107,14,HTTPS,30,4,1,166,1,5,0,1,1,0,40,5,67.17,43.99,1,7,43,16,29,6,34,0.1957,2229,POST,17,3,1,PORT_SCAN
user-143,2026-09-28 15:43:33.686150,62,518,650,58407,54949,102,26,87,15,HTTPS,59,1,1,131,2,6,0,0,0,1,58,1,25.46,69.68,0,8,63,20,64,19,49,0.0523,2039,GET,11,2,1,PORT_SCAN
user-105,2026-09-28 15:44:33.686150,74,431,686,68931,49242,42,24,31,8,DNS,24,3,2,168,4,5,0,0,1,0,31,10,24.18,31.78,3,12,93,8,48,6,46,0.0625,2169,GET,7,3,1,PORT_SCAN
user-058,2026-09-28 15:45:33.686150,46,376,458,23588,12057,30,16,116,19,HTTPS,67,3,1,107,4,2,0,0,1,2,46,2,49.51,39.9,2,8,73,8,69,8,35,0.1018,1091,GET,17,1,1,PORT_SCAN
user-020,2026-09-28 15:46:33.686150,80,627,416,41514,30039,116,20,42,24,TCP,67,5,1,361,5,2,1,0,0,0,36,6,55.41,56.95,4,10,35,5,20,18,15,0.2496,1656,GET,19,3,1,PORT_SCAN
user-036,2026-09-28 15:47:33.686150,66,543,593,75149,45746,88,22,45,11,HTTPS,21,1,3,187,1,5,0,0,1,0,26,0,52.58,26.55,4,3,61,4,23,5,18,0.1882,1356,GET,16,2,1,PORT_SCAN
user-004,2026-09-28 15:48:33.686150,94,529,243,72213,45357,46,30,102,18,TCP,26,4,3,399,3,3,0,0,1,0,27,13,58.82,28.73,2,11,65,6,81,20,30,0.0432,2802,PUT,14,1,1,PORT_SCAN
user-142,2026-09-28 15:49:33.686150,103,422,442,50855,64817,32,17,80,5,HTTPS,58,4,1,198,3,4,1,0,0,0,43,3,57.97,36.83,1,12,65,17,105,16,18,0.2313,2652,POST,18,0,1,PORT_SCAN
user-013,2026-09-28 15:50:33.686150,41,771,495,47194,52583,36,26,25,9,HTTP,39,3,1,146,5,4,0,1,0,0,42,7,32.27,47.76,1,13,43,5,81,19,26,0.2276,572,GET,17,1,1,PORT_SCAN
user-084,2026-09-28 15:51:33.686150,56,807,629,25419,57995,102,29,107,8,HTTPS,77,4,2,144,5,5,0,0,1,0,31,1,39.72,27.95,0,15,81,6,76,15,18,0.1442,613,PUT,8,2,1,PORT_SCAN
user-137,2026-09-28 15:52:33.686150,97,299,415,66083,43891,101,14,45,12,HTTP,72,3,0,151,2,4,0,0,0,0,46,0,49.2,36.03,2,5,58,6,87,24,34,0.1624,1753,GET,6,1,1,PORT_SCAN
user-025,2026-09-28 15:53:33.686150,71,771,356,41715,25988,39,10,95,11,DNS,71,2,3,208,3,7,1,1,0,0,37,2,26.85,67.33,1,9,34,10,111,12,16,0.0424,2416,GET,5,3,1,PORT_SCAN
user-029,2026-09-28 15:54:33.686150,70,691,214,74193,39259,40,14,87,10,DNS,32,3,1,175,3,4,0,1,0,1,29,8,66.5,26.21,1,11,86,14,59,10,28,0.152,1779,GET,12,0,1,PORT_SCAN
user-010,2026-09-28 15:55:33.686150,40,575,623,54008,60160,40,16,98,14,HTTPS,61,4,2,39,2,4,1,0,0,1,33,9,49.49,34.32,1,5,66,20,77,14,45,0.1952,1146,GET,5,2,1,PORT_SCAN
user-178,2026-09-28 15:56:33.686150,53,774,578,31466,48952,32,4,51,12,TCP,34,2,2,179,2,6,1,0,0,0,47,3,52.83,66.77,3,12,90,19,67,16,33,0.1918,2845,PUT,14,2,1,PORT_SCAN
user-179,2026-09-28 15:57:33.686150,40,661,242,68567,43384,90,14,74,18,HTTP,71,2,1,301,0,4,0,1,1,0,38,14,40.4,49.14,3,12,75,18,100,25,15,0.0972,679,GET,5,2,1,PORT_SCAN
user-123,2026-09-28 15:58:33.686150,63,492,250,27058,68408,102,19,76,22,HTTP,23,2,1,207,2,5,1,0,0,1,39,11,34.01,37.62,4,15,52,7,94,12,15,0.1702,2268,GET,16,1,1,PORT_SCAN
user-001,2026-09-28 15:59:33.686150,86,832,194,39585,50030,57,20,61,14,DNS,64,4,1,261,0,4,0,0,1,0,42,10,67.63,32.66,2,4,41,8,97,13,24,0.1897,879,GET,17,0,1,PORT_SCAN
user-071,2026-09-28 16:00:33.686150,73,624,269,77395,59274,63,4,116,22,TCP,66,5,2,183,0,8,1,1,1,0,52,10,51.97,56.3,4,13,74,8,61,15,11,0.126,1648,GET,13,2,1,PORT_SCAN
user-157,2026-09-28 16:01:33.686150,94,707,455,83622,62990,45,3,33,6,DNS,73,2,3,357,2,3,1,0,0,0,37,10,38.98,37.76,3,10,58,6,107,7,36,0.2051,1409,PUT,20,1,1,PORT_SCAN
user-149,2026-09-28 16:02:33.686150,34,616,445,17398,46081,85,2,36,17,HTTP,52,4,1,160,4,7,1,0,1,0,44,8,29.67,41.66,3,12,96,6,36,14,27,0.055,2672,PUT,11,3,1,PORT_SCAN
user-175,2026-09-28 16:03:33.686150,99,842,295,18154,67843,76,2,92,15,HTTPS,78,1,1,299,1,6,1,0,0,0,48,8,61.79,44.39,3,13,34,15,47,19,47,0.0416,1365,POST,7,1,1,PORT_SCAN
user-109,2026-09-28 16:04:33.686150,63,426,476,51850,61659,101,29,89,20,HTTP,65,4,2,291,5,6,0,1,1,2,45,5,43.05,30.35,3,8,100,11,74,10,34,0.2311,484,DELETE,12,2,1,PORT_SCAN
user-001,2026-09-28 16:05:33.686150,35,540,359,49787,66259,61,18,102,17,HTTPS,41,1,3,71,3,2,0,0,0,0,44,13,30.67,59.95,2,12,51,19,102,7,46,0.2426,768,GET,8,2,1,PORT_SCAN
user-136,2026-09-28 16:06:33.686150,47,701,562,42689,37907,42,4,97,20,TCP,35,4,2,44,0,4,1,1,0,0,27,1,51.12,65.71,2,8,73,8,82,6,47,0.2011,1395,POST,12,2,1,PORT_SCAN
user-084,2026-09-28 16:07:33.686150,99,891,327,20921,26630,101,4,77,14,HTTP,72,4,1,170,1,1,0,0,0,0,35,10,59.97,35.15,0,6,81,9,85,16,38,0.1872,1798,GET,19,2,1,PORT_SCAN
user-101,2026-09-28 16:08:33.686150,76,460,585,75400,62757,89,28,100,20,HTTPS,61,3,0,129,2,4,0,0,1,2,37,14,43.31,28.75,0,9,46,6,66,15,45,0.0915,2161,POST,14,2,1,PORT_SCAN
user-199,2026-09-28 16:09:33.686150,55,269,561,72660,17907,47,23,102,8,HTTPS,22,4,1,382,1,7,0,0,0,0,47,8,33.61,47.22,4,3,63,5,77,25,39,0.1871,2917,GET,11,2,1,PORT_SCAN
user-032,2026-09-28 16:10:33.686150,76,741,364,82329,48190,89,27,44,9,HTTPS,65,5,3,145,3,6,0,0,0,1,35,12,32.28,54.6,1,13,78,15,119,14,18,0.0689,702,POST,10,0,1,PORT_SCAN
user-059,2026-09-28 16:11:33.686150,65,671,642,20885,19420,111,12,55,7,TCP,58,2,1,267,3,5,1,0,0,0,38,3,61.75,55.55,1,13,61,9,96,19,45,0.1589,443,GET,18,0,1,PORT_SCAN
user-181,2026-09-28 16:12:33.686150,106,761,336,72803,50197,67,24,62,12,TCP,64,1,0,49,5,2,0,1,0,1,44,2,55.98,56.53,2,8,99,7,87,16,38,0.2292,2787,GET,15,1,1,PORT_SCAN
user-043,2026-09-28 16:13:33.686150,67,430,649,32979,19163,40,20,96,9,HTTP,56,5,2,354,1,5,1,0,0,1,52,1,37.34,53.83,4,8,76,6,92,22,45,0.0572,2577,GET,17,0,1,PORT_SCAN
user-121,2026-09-28 16:14:33.686150,35,626,209,28762,44355,48,14,105,13,HTTPS,65,3,1,39,0,2,1,1,1,2,31,2,62.32,34.55,4,13,93,7,94,15,40,0.2313,469,POST,16,0,1,PORT_SCAN
user-117,2026-09-28 16:15:33.686150,62,612,487,16076,27239,91,8,65,19,HTTP,53,3,1,127,1,4,0,0,0,1,48,14,54.86,67.53,2,9,82,15,40,22,46,0.17,880,GET,14,0,1,PORT_SCAN
user-141,2026-09-28 16:16:33.686150,54,305,226,19985,66162,56,13,31,17,TCP,74,3,1,312,3,2,0,0,1,2,47,14,22.6,58.37,3,5,52,4,80,16,15,0.1061,1602,POST,6,1,1,PORT_SCAN
user-096,2026-09-28 16:17:33.686150,80,326,317,33653,44575,100,12,109,13,HTTPS,77,4,1,141,1,7,0,0,0,0,32,1,41.3,41.95,3,9,84,12,80,17,37,0.1905,1392,GET,20,2,1,PORT_SCAN
user-155,2026-09-28 16:18:33.686150,42,348,598,15935,39429,97,24,72,24,DNS,71,3,2,61,4,2,1,0,0,1,49,10,32.11,34.37,3,4,96,16,24,20,15,0.0424,315,GET,13,3,1,PORT_SCAN
user-180,2026-09-28 16:19:33.686150,102,442,317,49458,23030,96,19,65,12,SSH,51,4,1,106,5,5,1,0,0,1,55,5,23.26,33.59,2,5,72,6,73,25,24,0.0646,907,PUT,18,0,1,PORT_SCAN
user-024,2026-09-28 16:20:33.686150,84,580,586,20677,15989,92,18,71,11,HTTPS,72,1,2,390,3,6,0,0,1,0,39,9,25.3,53.28,2,8,55,10,43,10,28,0.0376,945,POST,9,1,1,PORT_SCAN
user-021,2026-09-28 16:21:33.686150,56,348,207,89722,61112,79,28,96,13,HTTPS,43,3,1,390,0,7,1,1,0,2,50,12,33.37,26.0,3,4,52,7,48,22,13,0.1924,2399,POST,13,3,1,PORT_SCAN
user-115,2026-09-28 16:22:33.686150,56,516,555,34857,16907,100,9,60,6,TCP,36,1,3,383,3,2,1,0,0,2,35,5,65.65,50.32,1,15,40,14,95,18,43,0.115,1204,GET,13,2,1,PORT_SCAN
user-153,2026-09-28 16:23:33.686150,91,614,426,50497,30981,58,4,98,10,HTTPS,24,4,0,299,1,5,1,1,1,0,28,9,45.33,36.36,0,3,51,20,64,22,12,0.0347,2220,DELETE,7,0,1,PORT_SCAN
user-180,2026-09-28 16:24:33.686150,68,349,588,66419,46950,82,4,113,21,HTTPS,31,4,0,362,0,3,1,1,0,1,46,9,63.85,47.32,0,9,61,8,76,20,33,0.1629,1229,GET,13,2,1,PORT_SCAN
user-021,2026-09-28 16:25:33.686150,30,849,223,46470,24246,90,20,39,19,HTTPS,80,4,3,66,2,4,0,0,0,0,54,3,53.44,65.33,2,4,89,15,94,14,18,0.0908,2788,GET,5,3,1,PORT_SCAN
user-050,2026-09-28 16:26:33.686150,53,663,635,23414,27010,35,26,33,14,HTTPS,27,4,1,242,5,4,1,1,0,0,39,8,51.89,55.43,3,5,85,6,90,12,20,0.1417,2889,GET,6,0,1,PORT_SCAN
user-190,2026-09-28 16:27:33.686150,47,308,385,18693,52074,54,5,35,15,TCP,50,2,3,205,4,3,0,0,0,1,54,8,23.57,69.27,1,15,66,16,82,10,16,0.0726,1970,GET,18,2,1,PORT_SCAN
user-015,2026-09-28 16:28:33.686150,61,583,576,23395,23509,68,3,83,18,HTTPS,63,3,1,148,4,7,1,0,1,0,43,5,30.49,38.86,0,4,98,10,49,24,14,0.1237,814,POST,7,1,1,PORT_SCAN
user-179,2026-09-28 16:29:33.686150,43,544,445,36572,17245,93,23,95,23,HTTPS,35,1,0,335,3,1,1,0,0,0,41,10,60.7,32.99,1,8,57,17,118,11,13,0.0485,448,POST,13,1,1,PORT_SCAN
user-189,2026-09-28 16:30:33.686150,72,748,505,75594,46311,91,11,59,17,HTTPS,61,4,2,132,4,8,1,1,0,1,48,4,30.41,43.4,0,13,94,12,70,21,42,0.0589,1656,POST,13,0,1,PORT_SCAN
user-104,2026-09-28 16:31:33.686150,87,393,267,73342,63201,85,3,72,20,DNS,39,4,2,220,4,5,0,0,1,0,29,12,37.96,42.77,3,14,48,11,112,21,29,0.0861,1224,POST,10,2,1,PORT_SCAN
user-030,2026-09-28 16:32:33.686150,58,842,547,55648,47461,42,16,101,10,HTTPS,25,2,1,55,2,2,1,0,1,1,40,7,30.31,61.6,3,6,47,5,102,15,43,0.0559,2219,GET,6,1,1,PORT_SCAN
user-116,2026-09-28 16:33:33.686150,81,656,533,39379,27156,70,20,66,10,HTTP,26,4,1,320,2,2,0,0,0,2,44,3,42.57,38.54,4,11,36,6,77,11,12,0.0782,2294,GET,4,0,1,PORT_SCAN
user-071,2026-09-28 16:34:33.686150,83,887,471,18570,68108,57,9,45,5,TCP,66,3,0,274,0,6,1,1,0,0,40,0,61.92,47.95,1,11,90,9,116,10,36,0.035,1188,PUT,18,1,1,PORT_SCAN
user-055,2026-09-28 16:35:33.686150,31,593,693,65713,60303,117,24,72,17,TCP,56,3,0,256,4,5,0,1,0,1,32,12,66.03,45.63,2,6,66,11,33,17,32,0.1976,1178,GET,8,2,1,PORT_SCAN
user-084,2026-09-28 16:36:33.686150,103,593,608,71471,26984,68,20,114,6,TCP,57,1,1,348,3,6,0,1,1,0,39,7,38.77,58.35,3,14,35,12,109,16,29,0.1758,1827,PUT,12,1,1,PORT_SCAN
user-117,2026-09-28 16:37:33.686150,66,367,358,85108,13241,68,4,62,17,HTTPS,44,1,0,116,3,8,1,0,1,2,47,6,29.02,43.02,3,5,65,6,81,12,21,0.0464,743,GET,10,2,1,PORT_SCAN
user-087,2026-09-28 16:38:33.686150,96,758,322,50267,26733,84,21,93,18,HTTPS,32,4,2,372,2,5,0,1,1,1,35,2,44.4,53.18,1,13,62,11,90,16,43,0.0891,1354,GET,7,1,1,PORT_SCAN
user-049,2026-09-28 16:39:33.686150,51,434,589,16438,62637,40,10,105,17,HTTPS,61,3,2,312,1,3,0,0,1,2,49,12,29.05,52.9,2,5,54,7,70,12,26,0.1136,2721,POST,13,2,1,PORT_SCAN
user-199,2026-09-28 16:40:33.686150,99,841,203,28680,47726,44,23,93,9,HTTPS,62,4,0,367,2,7,0,0,0,0,38,8,39.96,33.72,2,12,74,10,73,6,34,0.1159,2350,GET,4,3,1,PORT_SCAN
user-107,2026-09-28 04:11:34.340119,434,3649,4507,757279,548748,170,62,18,52,HTTP,78,5,5,151,13,22,0,1,1,0,58,6,85.11,71.8,9,8,68,2,286,32,15,0.2255,5706,GET,8,2,1,TRAFFIC_ANOMALY
user-009,2026-09-28 04:12:34.340119,221,1797,5466,450905,609162,126,6,24,46,HTTPS,77,7,2,142,7,22,1,0,0,1,37,5,93.67,58.87,17,19,69,7,205,49,14,0.1242,1686,GET,3,1,1,TRAFFIC_ANOMALY
user-036,2026-09-28 04:13:34.340119,426,2943,3758,685302,659271,115,31,22,45,HTTPS,61,7,1,145,8,7,1,0,1,0,37,3,74.05,91.82,17,9,207,5,94,28,11,0.1689,9815,GET,2,1,1,TRAFFIC_ANOMALY
user-155,2026-09-28 04:14:34.340119,198,2638,2026,554855,305207,240,47,7,35,SSH,67,5,1,283,5,7,1,0,0,0,57,9,90.19,60.73,10,23,201,3,288,68,10,0.2359,5241,POST,3,2,1,TRAFFIC_ANOMALY
user-157,2026-09-28 04:15:34.340119,364,5685,3747,755368,717238,274,12,17,50,TCP,70,7,3,136,14,12,0,1,0,2,50,2,88.93,72.49,11,18,121,8,161,27,18,0.129,9982,GET,7,1,1,TRAFFIC_ANOMALY
user-029,2026-09-28 04:16:34.340119,153,3922,4612,261805,494514,193,83,24,14,SSH,22,5,2,76,12,8,0,1,0,0,40,7,62.36,63.45,13,18,169,7,318,89,19,0.2856,6213,PATCH,4,5,1,TRAFFIC_ANOMALY
user-188,2026-09-28 04:17:34.340119,499,4362,4876,636194,487866,92,40,14,11,HTTPS,84,5,4,206,10,10,0,1,0,0,50,12,86.56,67.0,19,10,53,1,293,29,5,0.1803,5352,GET,7,2,1,TRAFFIC_ANOMALY
user-074,2026-09-28 04:18:34.340119,294,2339,2665,645232,550043,116,15,25,52,HTTP,41,5,0,70,4,4,1,0,1,0,52,6,74.35,69.12,17,8,132,8,346,30,4,0.2707,9658,GET,5,3,1,TRAFFIC_ANOMALY
user-130,2026-09-28 04:19:34.340119,267,5842,5134,305567,523508,219,33,18,36,SSH,52,7,1,162,5,10,0,1,0,2,64,5,83.04,58.16,11,6,185,5,100,21,7,0.102,8070,POST,3,0,1,TRAFFIC_ANOMALY
user-046,2026-09-28 04:20:34.340119,318,5213,2268,815258,325477,230,49,15,24,HTTP,69,3,2,164,8,4,0,0,1,2,46,8,83.59,89.8,14,21,155,8,317,70,11,0.065,4437,GET,2,4,1,TRAFFIC_ANOMALY
user-052,2026-09-28 04:21:34.340119,390,1575,3193,236547,328469,183,77,19,28,HTTPS,29,8,4,226,12,15,1,1,0,1,35,1,93.49,74.58,2,22,118,5,242,48,18,0.1336,7080,PATCH,7,5,1,TRAFFIC_ANOMALY
user-184,2026-09-28 04:22:34.340119,164,1421,4621,667953,766410,275,53,7,34,HTTPS,81,3,4,77,14,7,0,1,0,0,41,10,90.57,84.49,19,9,200,5,265,48,10,0.2423,7372,GET,3,1,1,TRAFFIC_ANOMALY
user-104,2026-09-28 04:23:34.340119,475,3641,2415,208167,321745,134,32,21,25,DNS,64,7,3,64,10,19,1,0,0,1,42,6,73.69,79.2,13,7,123,6,268,39,15,0.1832,8249,GET,7,2,1,TRAFFIC_ANOMALY
user-141,2026-09-28 04:24:34.340119,366,3193,4396,566094,651377,283,67,8,44,HTTP,67,8,4,219,12,21,1,0,0,0,60,9,70.76,63.32,12,19,186,1,160,72,4,0.2809,8816,PUT,7,1,1,TRAFFIC_ANOMALY
user-184,2026-09-28 04:25:34.340119,441,3835,2728,689321,305585,269,79,21,33,TCP,44,8,2,44,10,14,0,0,1,0,54,6,74.14,72.83,3,5,183,4,93,20,6,0.1654,3126,PATCH,7,4,1,TRAFFIC_ANOMALY
user-163,2026-09-28 04:26:34.340119,236,2516,5344,401001,315448,119,15,24,16,HTTPS,49,5,3,71,2,9,0,1,1,0,36,1,65.29,73.46,2,7,54,2,184,23,19,0.1983,9345,POST,2,3,1,TRAFFIC_ANOMALY
user-055,2026-09-28 04:27:34.340119,437,3319,4440,273294,607957,244,71,18,15,TCP,80,8,5,283,10,10,0,0,0,0,51,0,63.78,74.7,19,8,65,1,311,88,18,0.2839,2802,POST,4,2,1,TRAFFIC_ANOMALY
user-168,2026-09-28 04:28:34.340119,320,3220,1815,221194,487416,103,78,18,54,HTTP,76,4,3,243,6,12,1,0,0,2,52,10,93.45,59.68,9,9,196,8,318,61,18,0.1927,7188,GET,4,2,1,TRAFFIC_ANOMALY
user-156,2026-09-28 04:29:34.340119,386,4342,2312,228801,440365,273,11,8,20,HTTPS,86,5,2,66,3,3,0,0,0,2,47,4,89.92,75.38,17,16,177,1,136,40,17,0.2518,7548,GET,2,3,1,TRAFFIC_ANOMALY
user-065,2026-09-28 04:30:34.340119,477,2951,3998,340712,655221,213,56,15,56,HTTPS,83,3,3,83,3,20,0,0,0,0,41,7,81.46,80.59,14,21,139,3,316,26,13,0.1404,9745,GET,7,1,1,TRAFFIC_ANOMALY
user-083,2026-09-28 04:31:34.340119,345,3857,1723,659100,745520,290,15,16,33,HTTPS,29,3,0,94,13,15,0,0,0,0,35,6,79.54,57.17,3,22,141,2,219,67,15,0.1193,1093,PATCH,6,2,1,TRAFFIC_ANOMALY
user-113,2026-09-28 04:32:34.340119,401,3635,5209,366096,435630,188,66,18,27,HTTPS,41,4,1,199,3,17,1,0,0,0,46,3,57.37,84.57,17,25,79,7,91,25,6,0.1214,2169,GET,4,4,1,TRAFFIC_ANOMALY
user-092,2026-09-28 04:33:34.340119,169,1890,3874,351690,483132,178,16,12,35,HTTPS,100,4,4,65,14,5,0,0,0,1,61,10,92.64,93.29,4,13,115,3,133,81,8,0.2679,2009,PUT,5,1,1,TRAFFIC_ANOMALY
user-040,2026-09-28 04:34:34.340119,362,3601,2066,243501,763847,174,21,14,15,HTTPS,77,6,2,118,4,5,0,1,0,0,40,13,76.54,57.02,3,13,98,4,248,23,12,0.0592,2007,PATCH,6,4,1,TRAFFIC_ANOMALY
user-134,2026-09-28 04:35:34.340119,346,3657,2627,700830,298887,136,36,21,51,HTTP,76,7,4,31,6,23,0,1,0,1,45,5,60.49,63.87,19,23,64,6,143,53,20,0.2946,6276,GET,1,1,1,TRAFFIC_ANOMALY
user-083,2026-09-28 04:36:34.340119,294,4104,2852,893722,457313,240,29,10,41,TCP,88,6,1,216,14,5,1,0,0,0,38,2,67.97,92.13,2,22,95,8,225,42,16,0.176,1752,GET,7,1,1,TRAFFIC_ANOMALY
user-034,2026-09-28 04:37:34.340119,292,1589,1540,780345,582460,155,16,6,24,HTTP,33,3,0,132,5,20,0,1,0,0,54,3,76.23,73.85,19,15,89,8,195,72,19,0.1673,4383,GET,4,4,1,TRAFFIC_ANOMALY
user-095,2026-09-28 04:38:34.340119,375,1900,1844,591256,206361,163,31,16,22,HTTPS,55,5,2,125,6,20,0,1,1,1,33,11,64.6,91.47,12,8,121,2,238,80,19,0.1875,7869,GET,4,2,1,TRAFFIC_ANOMALY
user-129,2026-09-28 04:39:34.340119,181,1625,3064,208212,686705,119,51,9,48,HTTPS,97,3,3,159,3,14,1,0,0,0,52,3,82.01,74.3,16,7,210,4,245,78,7,0.2352,9064,GET,7,5,1,TRAFFIC_ANOMALY
user-111,2026-09-28 04:40:34.340119,366,4293,2576,341940,215618,287,86,11,57,SSH,78,3,0,254,9,20,1,0,0,1,46,6,56.9,56.88,3,23,179,4,82,41,18,0.1979,5223,PUT,6,0,1,TRAFFIC_ANOMALY
user-006,2026-09-28 04:41:34.340119,287,2128,2025,641338,635570,255,17,18,51,HTTPS,74,3,1,209,4,12,1,0,1,1,40,12,56.08,66.82,3,13,176,6,150,83,20,0.1984,7420,GET,6,3,1,TRAFFIC_ANOMALY
user-160,2026-09-28 04:42:34.340119,251,3579,3954,728061,236381,99,41,10,15,HTTPS,50,6,4,289,6,9,1,0,1,1,46,9,59.58,85.01,4,20,136,4,172,86,12,0.273,8172,GET,4,5,1,TRAFFIC_ANOMALY
user-165,2026-09-28 04:43:34.340119,166,2398,2010,292835,193501,190,38,22,46,DNS,96,5,4,139,14,4,1,1,0,0,48,14,63.62,87.61,6,14,159,6,73,74,17,0.0597,8154,GET,6,4,1,TRAFFIC_ANOMALY
user-163,2026-09-28 04:44:34.340119,154,3113,1860,584830,742669,261,61,8,35,DNS,44,6,2,76,3,17,0,0,0,1,47,1,80.03,80.94,3,17,211,6,71,67,6,0.1245,5126,GET,6,1,1,TRAFFIC_ANOMALY
user-173,2026-09-28 04:45:34.340119,157,4890,4145,439752,775031,201,43,12,20,HTTPS,35,6,0,88,12,8,1,0,1,1,46,1,81.51,85.32,16,10,63,7,124,47,19,0.1548,5120,GET,7,4,1,TRAFFIC_ANOMALY
user-138,2026-09-28 04:46:34.340119,258,4906,2785,408594,318704,157,60,18,54,SSH,79,8,5,196,4,20,1,0,0,0,58,2,58.62,81.37,7,24,146,1,234,49,17,0.0506,9875,POST,5,3,1,TRAFFIC_ANOMALY
user-102,2026-09-28 04:47:34.340119,375,4125,4552,549865,592836,238,85,11,38,HTTPS,68,7,4,172,2,8,1,0,1,1,39,5,56.06,62.11,7,13,155,7,190,29,14,0.1817,1356,GET,4,4,1,TRAFFIC_ANOMALY
user-012,2026-09-28 04:48:34.340119,154,5897,4535,568143,272558,211,8,8,39,HTTPS,77,6,3,64,7,25,1,0,1,0,48,1,83.04,80.24,17,19,193,4,70,49,5,0.2309,8793,DELETE,5,1,1,TRAFFIC_ANOMALY
user-103,2026-09-28 04:49:34.340119,436,5457,2152,610183,633660,168,67,15,31,HTTPS,68,3,1,156,6,17,0,0,1,0,55,1,82.87,90.64,14,10,111,6,248,77,16,0.1005,5439,GET,6,2,1,TRAFFIC_ANOMALY
user-159,2026-09-28 04:50:34.340119,245,5421,1451,462491,696751,116,49,19,31,HTTPS,66,6,0,234,8,5,1,0,1,2,55,9,77.37,68.28,13,19,200,5,146,43,8,0.2789,5029,GET,3,4,1,TRAFFIC_ANOMALY
user-116,2026-09-28 04:51:34.340119,334,4873,1693,393903,376928,209,33,5,20,HTTP,36,5,0,106,3,16,1,0,0,2,52,4,92.72,80.78,7,19,57,6,87,79,12,0.2725,1491,POST,2,0,1,TRAFFIC_ANOMALY
user-040,2026-09-28 04:52:34.340119,177,2987,2937,496674,358041,138,22,17,34,HTTPS,96,3,3,32,10,22,1,1,0,0,42,6,86.84,66.98,13,23,95,7,139,53,11,0.195,7978,GET,5,1,1,TRAFFIC_ANOMALY
user-021,2026-09-28 04:53:34.340119,220,3511,1680,679367,504044,245,5,19,41,HTTPS,71,5,5,92,5,18,1,0,0,0,55,9,81.24,63.78,10,7,89,6,216,72,17,0.2018,8643,GET,8,4,1,TRAFFIC_ANOMALY
user-044,2026-09-28 04:54:34.340119,461,1645,1276,322703,264790,215,49,24,36,SSH,57,3,2,45,9,8,0,1,0,0,52,9,93.47,77.84,14,12,134,7,266,62,5,0.206,3975,GET,5,4,1,TRAFFIC_ANOMALY
user-170,2026-09-28 04:55:34.340119,332,5379,1884,592303,533485,232,14,15,60,HTTPS,89,7,1,292,11,10,1,0,0,3,40,6,88.73,84.2,2,13,74,7,81,26,7,0.1417,2071,PUT,2,1,1,TRAFFIC_ANOMALY
user-054,2026-09-28 04:56:34.340119,458,5577,4794,222142,318891,134,47,22,37,HTTPS,22,8,4,171,9,14,0,0,1,0,40,1,62.2,86.25,7,19,129,1,208,52,14,0.1371,8087,PATCH,5,4,1,TRAFFIC_ANOMALY
user-066,2026-09-28 04:57:34.340119,263,2047,1948,653371,533627,266,59,11,34,HTTPS,30,2,1,234,15,11,1,0,0,0,40,1,58.92,77.35,6,22,216,4,132,50,8,0.1798,4973,POST,4,2,1,TRAFFIC_ANOMALY
user-051,2026-09-28 04:58:34.340119,299,5549,5333,606861,579521,147,63,18,51,HTTPS,61,4,4,287,7,11,0,0,0,0,32,12,75.84,77.38,12,6,188,6,150,20,15,0.2276,9315,GET,6,1,1,TRAFFIC_ANOMALY
user-124,2026-09-28 04:59:34.340119,296,5086,4983,492974,219709,229,28,17,55,HTTPS,22,5,4,155,6,13,0,0,1,2,55,8,82.58,86.52,7,19,139,6,61,42,15,0.1962,8679,PUT,1,3,1,TRAFFIC_ANOMALY
user-092,2026-09-28 05:00:34.340119,338,1362,4332,649121,558928,217,32,9,37,HTTP,32,5,4,125,2,17,1,0,1,1,35,1,59.55,58.33,13,6,107,4,311,86,18,0.103,1050,PATCH,7,2,1,TRAFFIC_ANOMALY
user-082,2026-09-28 05:01:34.340119,338,3417,2230,859707,438130,244,68,20,59,TCP,21,2,1,222,14,13,1,0,1,0,39,5,68.31,69.82,17,15,135,2,78,78,9,0.1257,3639,GET,6,3,1,TRAFFIC_ANOMALY
user-011,2026-09-28 05:02:34.340119,421,1429,3071,866920,398773,193,28,5,43,SSH,34,4,2,141,13,3,1,0,1,1,63,8,93.06,55.08,16,7,181,7,316,30,14,0.2592,7714,GET,8,3,1,TRAFFIC_ANOMALY
user-018,2026-09-28 05:03:34.340119,319,4661,2334,414772,249721,149,39,9,48,HTTPS,70,7,1,179,2,17,1,1,0,0,46,0,68.43,68.28,6,15,132,3,235,61,9,0.2329,6299,GET,2,0,1,TRAFFIC_ANOMALY
user-137,2026-09-28 05:04:34.340119,344,4700,2553,619621,458760,154,76,8,14,TCP,92,8,4,258,5,17,1,0,1,0,43,7,92.59,81.88,7,10,89,5,243,25,10,0.1026,5837,GET,6,1,1,TRAFFIC_ANOMALY
user-095,2026-09-28 05:05:34.340119,152,1948,1869,432887,321873,289,25,7,22,HTTPS,69,4,1,92,3,13,1,1,0,0,56,13,73.83,64.99,10,6,69,6,244,67,19,0.27,6825,PUT,5,4,1,TRAFFIC_ANOMALY
user-061,2026-09-28 05:06:34.340119,338,5853,1851,326077,324197,200,46,11,17,HTTP,26,3,1,54,5,23,0,0,1,0,47,2,71.19,59.76,15,6,57,5,320,39,5,0.2616,7849,GET,7,4,1,TRAFFIC_ANOMALY
user-152,2026-09-28 05:07:34.340119,205,3122,1392,670335,242162,237,71,24,58,HTTPS,28,7,3,197,5,5,0,1,1,1,47,1,89.16,69.79,3,12,70,6,312,42,13,0.2506,7939,POST,2,1,1,TRAFFIC_ANOMALY
user-001,2026-09-28 05:08:34.340119,298,5556,4323,567820,450496,202,24,14,50,HTTPS,72,2,4,108,7,7,0,0,1,0,57,12,70.97,85.64,7,12,54,7,278,52,18,0.1512,4704,GET,1,0,1,TRAFFIC_ANOMALY
user-103,2026-09-28 05:09:34.340119,376,1311,3449,584169,224234,285,37,12,54,DNS,32,4,2,252,7,9,0,0,0,1,61,4,93.6,86.21,3,6,135,4,119,59,14,0.0908,4790,GET,3,1,1,TRAFFIC_ANOMALY
user-063,2026-09-28 05:10:34.340119,431,3416,3728,852898,282341,95,12,16,25,HTTP,50,3,0,275,7,17,0,0,0,1,34,8,81.39,91.74,8,12,200,3,176,85,16,0.133,6032,POST,4,1,1,TRAFFIC_ANOMALY
user-067,2026-09-28 05:11:34.340119,270,2387,3100,516378,376346,115,83,19,13,TCP,72,2,1,21,13,4,1,0,0,1,44,3,66.98,64.23,3,14,202,1,183,22,13,0.1655,9537,GET,6,3,1,TRAFFIC_ANOMALY
user-086,2026-09-28 05:12:34.340119,414,5124,2702,360318,681821,184,65,15,31,HTTPS,45,4,2,104,13,8,0,0,1,0,45,12,94.97,79.57,12,24,76,2,110,76,13,0.2107,2913,GET,6,3,1,TRAFFIC_ANOMALY
user-076,2026-09-28 05:13:34.340119,396,1897,3143,576730,304913,159,16,17,15,HTTP,41,5,1,222,14,13,0,1,0,2,53,12,64.55,77.4,3,5,219,3,61,61,6,0.2334,2332,POST,6,1,1,TRAFFIC_ANOMALY
user-044,2026-09-28 05:14:34.340119,297,3760,5143,396933,239201,133,24,21,47,HTTPS,24,2,4,118,3,8,1,0,0,0,30,6,75.86,91.3,19,9,113,5,208,53,15,0.2722,4781,DELETE,2,3,1,TRAFFIC_ANOMALY
user-163,2026-09-28 05:15:34.340119,432,4036,2287,423838,663892,198,78,16,11,HTTP,48,7,1,144,10,25,0,0,1,0,46,7,70.1,58.0,10,19,160,5,309,74,17,0.151,7333,POST,1,4,1,TRAFFIC_ANOMALY
user-187,2026-09-28 05:16:34.340119,390,4229,2386,722396,276720,185,15,14,11,SSH,77,7,4,82,3,23,1,1,1,1,45,2,85.17,93.51,4,23,76,5,298,80,9,0.173,2460,POST,2,1,1,TRAFFIC_ANOMALY
user-102,2026-09-28 05:17:34.340119,169,5408,3472,661265,420861,175,70,15,49,DNS,83,7,2,217,6,15,1,1,1,0,52,2,90.48,56.25,14,8,107,7,146,43,14,0.2995,3617,PUT,1,3,1,TRAFFIC_ANOMALY
user-040,2026-09-28 05:18:34.340119,351,1377,1681,539670,577099,102,75,22,10,TCP,80,5,3,211,12,8,1,1,0,0,61,9,63.73,67.15,20,10,90,1,104,20,14,0.2311,1046,GET,8,4,1,TRAFFIC_ANOMALY
user-073,2026-09-28 05:19:34.340119,333,5563,4422,435798,519102,242,87,17,14,HTTPS,48,2,1,98,13,14,0,0,0,0,43,4,93.24,63.56,8,21,201,5,76,21,11,0.055,9925,GET,4,5,1,TRAFFIC_ANOMALY
user-104,2026-09-28 05:20:34.340119,433,5459,1711,599285,583749,238,77,19,24,HTTPS,74,7,4,177,14,22,0,0,0,0,51,2,86.39,75.44,5,13,148,2,224,62,19,0.2174,5432,POST,5,3,1,TRAFFIC_ANOMALY
user-188,2026-09-28 05:21:34.340119,262,5614,1625,276150,619066,110,11,17,42,SSH,34,6,4,33,12,18,1,0,0,1,60,4,61.69,91.95,17,8,78,3,121,54,9,0.1333,8954,GET,6,1,1,TRAFFIC_ANOMALY
user-037,2026-09-28 05:22:34.340119,259,2654,2737,558334,673858,215,21,25,57,SSH,81,7,1,71,15,22,0,0,0,0,41,4,88.58,65.91,9,20,194,2,341,34,12,0.2868,2152,GET,7,2,1,TRAFFIC_ANOMALY
user-108,2026-09-28 05:23:34.340119,466,4207,4172,425829,658584,90,9,24,47,HTTPS,40,6,3,150,14,12,0,1,0,0,50,9,95.24,92.5,12,24,92,3,127,49,18,0.1327,8319,GET,1,2,1,TRAFFIC_ANOMALY
user-136,2026-09-28 05:24:34.340119,316,4525,2294,641475,544647,211,71,11,25,HTTPS,99,2,2,175,3,24,0,1,1,0,57,4,95.26,79.51,18,7,94,6,345,30,15,0.2694,2343,GET,5,1,1,TRAFFIC_ANOMALY
user-006,2026-09-28 05:25:34.340119,360,4103,1932,434663,193034,248,31,25,26,DNS,35,4,4,179,8,20,0,0,0,1,58,5,59.0,58.11,16,24,135,7,174,52,11,0.1842,4214,PUT,6,3,1,TRAFFIC_ANOMALY
user-059,2026-09-28 05:26:34.340119,270,5653,2241,212621,402366,124,15,8,24,HTTPS,83,4,5,132,13,11,0,0,0,3,62,0,87.87,56.84,5,19,131,8,144,84,8,0.1132,4251,GET,8,0,1,TRAFFIC_ANOMALY
user-066,2026-09-28 05:27:34.340119,183,1840,4636,567309,304173,245,66,25,20,HTTPS,63,5,1,67,15,20,0,1,1,0,50,9,89.93,92.49,6,16,161,6,209,62,20,0.193,7314,PUT,2,2,1,TRAFFIC_ANOMALY
user-083,2026-09-28 05:28:34.340119,469,2010,5202,860567,350205,145,73,20,36,TCP,67,3,5,182,4,6,0,1,1,0,34,4,70.15,75.12,5,7,198,6,101,86,4,0.2666,6547,PUT,5,2,1,TRAFFIC_ANOMALY
user-096,2026-09-28 05:29:34.340119,463,5974,1546,705414,626846,163,77,6,41,HTTPS,65,3,5,242,14,23,0,0,0,0,51,6,68.47,92.55,8,6,112,7,286,80,18,0.1053,9375,POST,3,1,1,TRAFFIC_ANOMALY
user-015,2026-09-28 05:30:34.340119,241,4110,1874,661439,798940,205,88,8,24,SSH,99,7,2,238,7,23,0,0,0,0,44,11,67.59,75.27,14,22,121,5,151,36,7,0.2638,4589,GET,5,2,1,TRAFFIC_ANOMALY
user-144,2026-09-28 05:31:34.340119,373,2817,1360,724767,424458,203,81,13,30,HTTPS,50,8,0,296,4,23,1,0,0,1,62,6,55.13,84.51,8,17,170,4,145,69,7,0.2958,8765,GET,2,3,1,TRAFFIC_ANOMALY
user-131,2026-09-28 05:32:34.340119,289,3253,1984,542079,540013,223,11,8,30,HTTPS,79,7,5,120,8,10,0,0,1,1,55,3,73.67,55.03,15,24,208,6,337,79,20,0.2884,9216,GET,1,3,1,TRAFFIC_ANOMALY
user-115,2026-09-28 05:33:34.340119,295,3302,2152,253838,233673,214,41,9,15,TCP,52,7,4,68,3,5,1,0,0,2,39,1,71.64,86.51,18,22,89,7,131,22,6,0.1532,2686,GET,3,3,1,TRAFFIC_ANOMALY
user-033,2026-09-28 05:34:34.340119,286,2862,3285,503511,438528,248,17,5,15,HTTPS,23,4,3,44,8,10,0,0,1,1,58,4,59.01,85.17,10,13,109,7,218,72,18,0.269,9520,POST,7,0,1,TRAFFIC_ANOMALY
user-163,2026-09-28 05:35:34.340119,382,4732,1443,236539,666109,280,30,14,55,HTTPS,55,2,3,265,5,18,0,0,0,0,48,6,56.55,85.01,11,9,177,3,194,33,17,0.2023,5322,GET,6,2,1,TRAFFIC_ANOMALY
user-170,2026-09-28 05:36:34.340119,180,4852,2606,238754,235088,223,33,11,55,HTTPS,69,3,2,234,10,11,1,0,0,0,68,7,83.21,73.32,10,5,199,4,198,86,11,0.1862,1118,PUT,4,1,1,TRAFFIC_ANOMALY
user-098,2026-09-28 05:37:34.340119,426,5726,2622,846896,505302,233,42,10,39,TCP,69,5,2,94,11,12,1,1,0,0,51,1,91.1,80.76,17,13,53,2,254,25,6,0.2659,3188,POST,5,4,1,TRAFFIC_ANOMALY
user-014,2026-09-28 05:38:34.340119,376,5366,4236,500109,261916,176,81,19,22,HTTPS,87,8,5,144,4,21,0,0,0,0,44,3,58.09,77.84,8,20,132,6,124,71,18,0.2832,8097,GET,7,0,1,TRAFFIC_ANOMALY
user-096,2026-09-28 05:39:34.340119,204,2521,2650,798490,527397,160,24,10,33,HTTPS,31,4,2,155,10,13,1,0,0,0,53,0,86.14,91.06,12,15,123,7,323,51,12,0.1138,4903,POST,8,1,1,TRAFFIC_ANOMALY
user-096,2026-09-28 05:40:34.340119,316,3157,4074,895412,746589,222,66,18,56,TCP,52,7,1,223,9,15,1,0,1,1,56,1,95.06,61.16,18,6,207,5,251,30,6,0.2842,3439,GET,8,5,1,TRAFFIC_ANOMALY
user-060,2026-09-28 05:41:34.340119,337,5214,4553,340715,407463,147,58,12,26,HTTP,40,2,5,115,4,13,1,1,0,1,42,13,88.28,64.55,13,10,112,2,337,25,11,0.1155,9761,GET,6,4,1,TRAFFIC_ANOMALY
user-048,2026-09-28 05:42:34.340119,421,5692,5328,469856,477607,280,47,6,31,HTTPS,45,6,3,158,9,4,0,0,1,1,59,8,58.67,67.18,9,11,138,3,70,52,20,0.2139,9420,POST,2,4,1,TRAFFIC_ANOMALY
user-086,2026-09-28 05:43:34.340119,352,3957,2828,360437,773925,295,86,9,15,SSH,37,2,5,229,15,15,0,1,1,0,57,14,92.39,86.74,10,19,205,4,211,81,19,0.1927,2672,GET,4,1,1,TRAFFIC_ANOMALY
user-080,2026-09-28 05:44:34.340119,481,2798,4730,284520,331196,225,36,10,55,TCP,61,8,5,99,4,7,1,0,1,0,63,10,88.98,87.91,9,12,73,6,159,52,5,0.2248,8389,GET,3,3,1,TRAFFIC_ANOMALY
user-128,2026-09-28 05:45:34.340119,235,5196,4225,845777,780254,230,84,21,51,HTTPS,78,5,3,72,5,18,0,1,0,1,60,0,65.8,67.72,11,11,118,2,326,26,14,0.2832,7916,POST,8,2,1,TRAFFIC_ANOMALY
user-083,2026-09-28 05:46:34.340119,456,1667,2723,691119,516362,212,50,18,27,TCP,30,4,1,200,12,15,1,0,0,0,49,14,59.91,81.51,18,13,188,4,130,81,5,0.096,3158,POST,2,1,1,TRAFFIC_ANOMALY
user-098,2026-09-28 05:47:34.340119,358,1379,1770,258666,530404,277,81,22,48,HTTPS,72,6,2,160,5,23,1,1,0,1,39,14,64.73,81.98,6,8,67,5,278,39,19,0.2332,8980,GET,4,2,1,TRAFFIC_ANOMALY
user-188,2026-09-28 05:48:34.340119,418,1848,4567,463623,323533,177,49,21,47,HTTPS,73,5,1,190,13,16,1,0,0,1,54,2,95.03,57.54,3,21,106,8,172,78,17,0.274,9741,POST,6,4,1,TRAFFIC_ANOMALY
user-021,2026-09-28 05:49:34.340119,324,4898,1344,838140,507109,197,9,9,57,HTTPS,51,4,2,241,8,15,0,0,0,0,45,8,97.88,56.3,12,13,138,2,216,75,11,0.0714,2820,POST,3,0,1,TRAFFIC_ANOMALY
user-128,2026-09-28 05:50:34.340119,192,5926,2405,252373,396875,141,81,18,22,HTTPS,69,8,3,135,9,12,0,1,0,0,48,3,71.41,90.99,17,19,117,4,332,28,15,0.264,7113,PATCH,8,4,1,TRAFFIC_ANOMALY
user-102,2026-09-28 05:51:34.340119,273,5327,2545,653021,594967,173,9,24,47,HTTPS,39,5,1,42,5,6,1,1,0,1,38,11,55.96,89.68,4,23,76,3,198,81,14,0.1359,6763,POST,6,1,1,TRAFFIC_ANOMALY
user-123,2026-09-28 05:52:34.340119,278,2563,5253,369626,289945,178,80,18,53,HTTPS,69,6,2,144,5,17,1,0,0,0,57,12,62.81,94.96,12,17,151,8,218,38,11,0.2251,1955,GET,2,2,1,TRAFFIC_ANOMALY
user-163,2026-09-28 05:53:34.340119,415,2154,3168,783172,589400,171,46,18,58,HTTPS,87,5,2,111,10,19,0,0,0,0,35,11,81.04,73.04,17,7,161,2,249,30,14,0.1352,6458,PUT,2,3,1,TRAFFIC_ANOMALY
user-157,2026-09-28 05:54:34.340119,335,2714,4342,806037,526893,265,53,19,13,HTTPS,29,6,0,59,9,22,1,1,1,0,40,12,75.77,77.16,9,21,64,4,106,27,19,0.0583,3827,PUT,5,2,1,TRAFFIC_ANOMALY
user-163,2026-09-28 05:55:34.340119,210,5437,1411,380462,285578,98,47,23,51,TCP,65,4,4,107,8,13,1,0,0,0,63,5,78.68,70.15,15,5,204,4,172,53,12,0.1103,7600,PATCH,2,1,1,TRAFFIC_ANOMALY
user-090,2026-09-28 05:56:34.340119,221,2714,4457,395923,507218,103,82,20,52,DNS,58,7,2,219,12,12,1,0,1,1,45,5,65.16,73.1,9,13,109,6,305,24,10,0.1745,5053,GET,3,2,1,TRAFFIC_ANOMALY
user-174,2026-09-28 05:57:34.340119,197,5843,4200,238927,468455,175,79,6,22,HTTPS,89,2,4,295,5,20,0,0,0,0,62,8,93.53,87.33,6,12,114,5,161,44,8,0.2992,7572,GET,5,4,1,TRAFFIC_ANOMALY
user-092,2026-09-28 05:58:34.340119,272,3823,2937,735482,596245,127,74,5,42,HTTP,73,5,3,69,11,8,1,1,0,0,40,4,89.4,77.66,3,19,67,3,181,36,14,0.0697,9909,GET,3,3,1,TRAFFIC_ANOMALY
user-115,2026-09-28 05:59:34.340119,227,3610,2572,450653,283526,214,38,16,48,HTTP,81,4,2,190,11,21,0,1,0,0,61,5,82.5,61.29,3,9,216,7,74,23,7,0.126,9902,GET,4,0,1,TRAFFIC_ANOMALY
user-118,2026-09-28 06:00:34.340119,284,4383,2778,860086,771053,122,29,7,40,DNS,64,8,2,76,11,22,0,0,0,0,47,11,86.92,74.93,12,23,209,4,147,63,15,0.0617,2524,GET,5,1,1,TRAFFIC_ANOMALY
user-060,2026-09-28 06:01:34.340119,376,4121,4355,341747,725409,206,54,19,19,HTTPS,98,3,2,298,3,14,0,1,0,1,52,7,87.83,83.52,15,24,165,6,315,35,12,0.0923,9518,GET,2,3,1,TRAFFIC_ANOMALY
user-198,2026-09-28 06:02:34.340119,455,5688,4361,872502,329287,177,37,10,56,HTTPS,77,6,1,149,5,13,1,0,0,0,42,12,73.46,91.2,6,6,138,5,264,26,10,0.1111,6564,GET,8,3,1,TRAFFIC_ANOMALY
user-091,2026-09-28 06:03:34.340119,167,1552,4227,472909,520194,193,13,9,53,TCP,100,4,0,64,5,15,0,1,1,1,44,9,59.92,62.98,11,23,194,2,73,86,18,0.2431,6973,PUT,4,1,1,TRAFFIC_ANOMALY
user-105,2026-09-28 06:04:34.340119,213,4446,4019,694151,700519,164,76,11,23,HTTPS,68,2,4,68,9,21,0,0,1,0,59,10,65.97,66.72,5,12,65,6,338,80,17,0.1986,7511,PUT,5,3,1,TRAFFIC_ANOMALY
user-065,2026-09-28 06:05:34.340119,171,2230,2241,632017,505466,156,12,22,54,HTTPS,46,4,3,242,14,9,0,0,0,0,44,13,64.69,70.78,9,20,70,6,153,41,8,0.194,1150,DELETE,5,2,1,TRAFFIC_ANOMALY
user-164,2026-09-28 06:06:34.340119,398,4941,3961,279331,337854,85,68,13,31,HTTP,37,6,1,209,11,5,0,0,0,0,48,12,96.92,75.54,11,10,186,5,110,61,15,0.2272,8265,GET,6,4,1,TRAFFIC_ANOMALY
user-020,2026-09-28 06:07:34.340119,372,5997,4000,566409,457045,263,35,14,25,HTTPS,41,7,1,224,15,19,0,0,0,1,47,1,94.82,58.26,7,22,149,6,144,57,7,0.2293,3591,GET,4,5,1,TRAFFIC_ANOMALY
user-122,2026-09-28 06:08:34.340119,478,3915,3762,759802,270960,85,37,11,47,DNS,36,4,0,45,14,15,1,0,0,0,49,7,83.72,70.75,11,24,202,4,169,45,19,0.1232,1575,GET,1,0,1,TRAFFIC_ANOMALY
user-148,2026-09-28 06:09:34.340119,483,3437,3503,605608,572308,108,82,13,34,TCP,43,4,0,43,10,24,1,0,0,0,65,10,82.38,56.17,20,7,180,4,277,56,18,0.2908,2923,DELETE,5,2,1,TRAFFIC_ANOMALY
user-062,2026-09-28 06:10:34.340119,442,4541,3937,854520,693116,277,7,9,24,SSH,72,3,4,237,13,17,0,0,1,0,59,14,63.87,93.5,3,15,90,6,286,24,17,0.2152,1879,POST,7,2,1,TRAFFIC_ANOMALY
user-014,2026-09-28 06:11:34.340119,300,1974,4041,738452,427243,255,24,11,22,TCP,96,2,3,238,11,20,0,0,0,0,40,2,87.82,75.66,4,13,199,5,135,33,14,0.0737,4653,PUT,6,2,1,TRAFFIC_ANOMALY
user-075,2026-09-28 06:12:34.340119,481,3847,1239,305167,347109,298,70,13,40,HTTPS,39,5,3,137,8,8,0,0,0,0,49,0,93.9,90.99,18,23,146,6,293,27,7,0.1328,8866,GET,7,1,1,TRAFFIC_ANOMALY
user-134,2026-09-28 06:13:34.340119,270,2526,2603,357507,679518,226,54,23,14,HTTPS,56,6,2,134,10,23,0,0,0,0,43,11,65.3,63.91,7,14,171,1,68,22,13,0.1436,1833,POST,7,4,1,TRAFFIC_ANOMALY
user-182,2026-09-28 06:14:34.340119,234,2991,1634,533075,261857,182,7,19,44,TCP,28,7,0,162,14,17,0,0,0,0,56,11,90.39,93.36,8,13,201,5,75,40,11,0.1759,6889,POST,6,0,1,TRAFFIC_ANOMALY
user-099,2026-09-28 06:15:34.340119,162,3940,2010,725586,780003,241,21,7,16,SSH,86,6,3,22,3,11,1,1,0,1,49,14,72.47,81.11,9,10,137,2,119,39,15,0.2532,1707,POST,6,3,1,TRAFFIC_ANOMALY
user-043,2026-09-28 06:16:34.340119,237,4951,3799,816853,520456,259,17,13,19,HTTPS,32,6,2,20,13,5,1,1,0,2,47,11,87.73,93.61,17,6,174,8,293,73,13,0.1912,3330,GET,4,1,1,TRAFFIC_ANOMALY
user-169,2026-09-28 06:17:34.340119,188,5476,3959,283199,188367,288,36,20,15,HTTP,96,5,4,44,9,5,0,0,0,1,49,7,93.59,69.39,10,15,69,4,252,46,6,0.148,1256,GET,5,0,1,TRAFFIC_ANOMALY
user-199,2026-09-28 06:18:34.340119,321,5257,2917,785391,493930,141,24,13,26,HTTPS,46,7,1,50,15,22,0,1,0,0,61,7,61.9,57.81,20,13,156,2,266,88,13,0.0924,6573,POST,2,4,1,TRAFFIC_ANOMALY
user-162,2026-09-28 06:19:34.340119,179,5716,1743,263569,335131,232,62,5,49,HTTP,64,3,3,234,7,13,0,0,0,0,34,12,84.08,65.33,18,24,65,8,99,68,12,0.1118,6471,GET,4,4,1,TRAFFIC_ANOMALY
user-187,2026-09-28 06:20:34.340119,287,2622,1158,719208,555683,118,41,13,22,TCP,68,6,4,161,13,10,0,0,1,0,40,5,59.68,76.93,9,20,51,7,246,37,15,0.1142,7363,GET,2,1,1,TRAFFIC_ANOMALY
user-069,2026-09-28 06:21:34.340119,475,1320,3773,496789,337450,145,26,5,48,TCP,48,3,1,55,10,4,1,1,0,1,38,10,58.46,70.5,20,9,170,5,343,37,5,0.2628,1434,GET,6,4,1,TRAFFIC_ANOMALY
user-155,2026-09-28 06:22:34.340119,481,2512,1066,359941,723018,251,36,18,19,DNS,79,6,1,78,15,7,0,0,0,0,43,10,56.73,65.43,12,7,214,4,275,48,9,0.2894,2330,GET,4,5,1,TRAFFIC_ANOMALY
user-189,2026-09-28 06:23:34.340119,491,1754,2696,382180,310158,124,48,13,13,HTTPS,74,8,4,220,11,10,0,0,1,1,57,12,93.73,67.55,6,5,126,5,235,79,6,0.2141,7990,POST,4,2,1,TRAFFIC_ANOMALY
user-064,2026-09-28 06:24:34.340119,197,4738,2614,682559,782623,182,32,9,53,HTTPS,98,6,2,235,4,21,0,1,1,0,63,2,78.31,70.02,18,10,50,3,73,88,20,0.2519,9825,POST,3,0,1,TRAFFIC_ANOMALY
user-037,2026-09-28 06:25:34.340119,150,5827,4529,760565,496487,174,78,24,60,SSH,72,6,1,146,12,17,1,0,0,0,59,14,79.78,86.11,5,20,85,6,239,85,13,0.2146,4066,GET,2,2,1,TRAFFIC_ANOMALY
user-064,2026-09-28 06:26:34.340119,287,3195,5291,775431,237191,242,33,22,41,HTTPS,23,7,2,121,3,16,0,0,0,1,43,9,59.41,79.44,7,9,206,5,307,67,14,0.2322,2295,GET,4,0,1,TRAFFIC_ANOMALY
user-135,2026-09-28 06:27:34.340119,264,2199,4123,554314,205835,141,74,8,54,DNS,35,3,3,216,4,9,1,1,0,0,50,1,90.88,91.86,3,23,183,3,319,35,15,0.2038,5707,GET,6,4,1,TRAFFIC_ANOMALY
user-005,2026-09-28 06:28:34.340119,369,3460,1331,686828,751617,283,36,9,59,SSH,21,6,4,60,4,21,1,0,1,0,46,2,79.54,91.06,13,16,67,2,116,73,13,0.208,4790,PUT,3,1,1,TRAFFIC_ANOMALY
user-033,2026-09-28 06:29:34.340119,259,3464,1031,536365,635288,91,34,16,55,TCP,37,6,0,230,3,18,0,0,0,3,47,1,83.28,64.51,9,18,114,4,162,89,11,0.0666,1196,DELETE,7,3,1,TRAFFIC_ANOMALY
user-062,2026-09-28 06:30:34.340119,242,1340,2491,329161,277032,225,78,25,12,DNS,34,4,2,241,13,13,0,1,0,0,54,9,78.55,59.67,16,19,209,2,275,70,17,0.0561,2814,GET,3,4,1,TRAFFIC_ANOMALY
user-099,2026-09-28 06:31:34.340119,455,2370,2516,778920,357856,106,7,24,21,DNS,53,5,1,33,6,5,0,0,0,1,52,3,89.32,71.18,4,10,70,7,319,88,6,0.0759,6399,GET,5,2,1,TRAFFIC_ANOMALY
user-012,2026-09-28 06:32:34.340119,169,5296,4331,245692,318665,213,71,10,34,DNS,97,3,2,60,9,12,1,0,0,0,52,1,66.44,85.22,11,19,208,1,149,51,7,0.241,6613,POST,6,1,1,TRAFFIC_ANOMALY
user-143,2026-09-28 06:33:34.340119,414,3524,1825,806963,410209,293,73,15,20,SSH,54,7,1,69,7,15,0,0,0,0,47,3,88.29,67.0,19,21,174,5,222,80,5,0.1513,5402,POST,6,5,1,TRAFFIC_ANOMALY
user-014,2026-09-28 06:34:34.340119,483,2197,4430,416930,553561,226,38,11,41,HTTPS,63,7,3,162,13,16,1,0,1,1,64,9,72.97,91.57,19,11,120,3,341,71,12,0.0761,5588,POST,2,1,1,TRAFFIC_ANOMALY
user-173,2026-09-28 06:35:34.340119,359,2546,5139,308361,337323,98,29,23,35,TCP,63,7,0,244,5,5,0,0,0,0,59,5,86.92,88.91,15,16,206,5,338,29,4,0.2216,3846,POST,6,3,1,TRAFFIC_ANOMALY
user-197,2026-09-28 06:36:34.340119,468,5835,3204,369571,483011,194,16,14,44,HTTPS,26,8,2,191,3,16,0,0,0,0,52,14,90.32,68.29,7,10,111,3,181,83,12,0.1653,8602,GET,8,0,1,TRAFFIC_ANOMALY
user-192,2026-09-28 06:37:34.340119,152,4357,3276,627869,392126,144,28,9,48,TCP,86,5,4,134,9,5,0,0,1,0,39,4,75.02,67.18,14,13,108,2,219,59,16,0.0986,7429,POST,6,3,1,TRAFFIC_ANOMALY
user-147,2026-09-28 06:38:34.340119,362,1349,3576,353992,705573,220,30,7,32,HTTP,29,6,2,135,14,16,0,0,1,1,60,2,87.86,65.28,8,16,134,5,277,49,6,0.1048,3826,GET,2,1,1,TRAFFIC_ANOMALY
user-173,2026-09-28 06:39:34.340119,276,4329,2560,705204,227185,184,80,21,41,DNS,92,6,1,181,6,13,0,0,1,1,35,10,72.67,85.05,6,24,179,2,229,84,18,0.1301,2602,POST,7,4,1,TRAFFIC_ANOMALY
user-118,2026-09-28 06:40:34.340119,333,4707,3135,204642,539077,90,56,16,56,HTTPS,79,6,2,177,3,4,1,0,0,2,65,13,87.72,57.32,18,8,120,6,288,58,5,0.1793,2417,GET,7,0,1,TRAFFIC_ANOMALY
user-165,2026-09-28 06:41:34.340119,278,5698,2524,745962,547528,154,59,7,12,TCP,92,7,4,201,6,23,0,1,0,0,45,4,73.86,61.28,4,19,111,5,243,42,12,0.054,2497,GET,6,0,1,TRAFFIC_ANOMALY
user-114,2026-09-28 06:42:34.340119,231,2111,1946,849431,269878,131,63,23,34,SSH,37,2,5,208,8,4,0,0,0,1,30,11,55.92,68.31,3,7,195,5,282,55,9,0.194,6582,GET,4,2,1,TRAFFIC_ANOMALY
user-079,2026-09-28 06:43:34.340119,401,4107,4172,684606,599144,281,30,8,58,HTTP,69,7,5,48,3,16,0,1,0,1,42,7,69.15,57.81,7,19,211,5,173,27,17,0.2259,1457,GET,6,0,1,TRAFFIC_ANOMALY
user-036,2026-09-28 06:44:34.340119,199,1391,1109,713420,679687,244,12,23,47,TCP,25,2,2,209,3,14,0,0,0,2,39,11,71.73,80.6,6,21,142,1,290,77,7,0.0689,8520,POST,8,1,1,TRAFFIC_ANOMALY
user-025,2026-09-28 06:45:34.340119,354,3782,1755,430492,742998,228,42,21,40,TCP,46,7,5,263,11,24,1,0,1,0,42,3,90.1,92.84,10,13,172,4,107,39,9,0.1639,6261,GET,1,3,1,TRAFFIC_ANOMALY
user-120,2026-09-28 06:46:34.340119,259,4837,5383,705820,676041,108,89,13,35,HTTPS,48,4,4,212,11,20,1,0,1,0,48,7,81.25,67.36,14,23,120,4,146,42,19,0.1081,4688,GET,6,2,1,TRAFFIC_ANOMALY
user-049,2026-09-28 06:47:34.340119,326,2334,3741,695323,522194,102,83,9,53,HTTPS,64,7,0,73,12,18,1,1,0,0,54,6,67.76,62.73,15,24,205,8,148,59,17,0.062,4319,PATCH,3,1,1,TRAFFIC_ANOMALY
user-190,2026-09-28 06:48:34.340119,303,1297,2164,669206,517942,182,25,16,40,HTTP,74,4,5,191,9,15,0,0,1,0,47,1,59.86,83.33,3,5,176,6,283,43,15,0.0746,7657,PUT,4,2,1,TRAFFIC_ANOMALY
user-113,2026-09-28 06:49:34.340119,160,5035,2072,863878,372839,88,45,17,44,SSH,59,4,5,186,6,22,0,0,1,0,52,10,73.84,91.13,16,14,185,7,100,42,16,0.1059,1498,POST,6,1,1,TRAFFIC_ANOMALY
user-062,2026-09-28 06:50:34.340119,184,5549,5266,529495,531853,111,70,13,19,SSH,75,2,3,162,13,16,0,0,0,0,58,0,73.96,67.3,3,18,89,5,112,43,10,0.0694,9759,PATCH,2,3,1,TRAFFIC_ANOMALY
user-155,2026-09-28 06:51:34.340119,223,2632,4258,745378,295462,148,67,23,50,HTTPS,85,5,1,170,12,17,0,0,0,1,57,2,56.92,87.04,12,17,193,5,99,86,8,0.1898,2435,PUT,6,2,1,TRAFFIC_ANOMALY
user-153,2026-09-28 06:52:34.340119,306,2344,1008,213858,402535,128,83,8,21,DNS,59,4,1,195,11,5,1,0,1,1,54,8,62.03,79.78,6,13,55,2,318,51,8,0.0813,1329,PUT,7,0,1,TRAFFIC_ANOMALY
user-038,2026-09-28 06:53:34.340119,223,2864,4779,292519,209216,111,68,18,58,HTTPS,84,7,4,41,15,6,1,0,0,1,34,13,55.96,63.79,2,10,177,2,116,21,7,0.1348,2268,POST,1,2,1,TRAFFIC_ANOMALY
user-164,2026-09-28 06:54:34.340119,328,3951,4814,328433,340701,257,6,22,30,SSH,55,6,2,248,11,11,1,0,0,0,56,6,79.32,79.05,13,9,65,5,166,24,7,0.282,4853,GET,8,5,1,TRAFFIC_ANOMALY
user-136,2026-09-28 06:55:34.340119,467,4607,2849,433912,288908,159,82,19,22,TCP,66,3,3,291,10,23,1,0,0,0,53,12,78.19,88.75,19,18,183,7,171,28,16,0.2973,1313,POST,3,1,1,TRAFFIC_ANOMALY
user-067,2026-09-28 06:56:34.340119,194,2545,3545,851891,720896,190,88,7,30,HTTP,59,4,0,58,13,8,0,0,0,0,55,10,94.06,81.77,11,13,127,8,327,70,11,0.0921,6333,POST,4,1,1,TRAFFIC_ANOMALY
user-142,2026-09-28 06:57:34.340119,194,5524,1565,546849,607432,133,50,15,14,DNS,95,3,2,35,9,9,0,0,0,1,48,2,84.11,57.36,15,10,95,3,249,79,19,0.1674,3259,GET,6,3,1,TRAFFIC_ANOMALY
user-062,2026-09-28 06:58:34.340119,429,5509,1666,258846,694283,112,72,18,58,DNS,57,7,1,300,5,12,1,1,1,0,44,6,67.64,78.02,5,6,165,6,272,57,12,0.1513,8784,GET,5,5,1,TRAFFIC_ANOMALY
user-176,2026-09-28 06:59:34.340119,499,1268,1436,340284,384763,89,64,7,43,HTTP,94,7,5,244,5,18,0,0,0,0,50,4,89.66,66.85,20,22,216,3,302,57,17,0.1441,7528,GET,6,2,1,TRAFFIC_ANOMALY
user-133,2026-09-28 07:00:34.340119,364,1765,4411,590855,756850,259,33,23,20,HTTPS,95,2,4,59,13,23,1,1,1,0,44,5,63.27,60.37,18,24,201,4,81,60,15,0.2853,5066,POST,1,1,1,TRAFFIC_ANOMALY
user-052,2026-09-28 07:01:34.340119,366,5423,3910,897683,790551,243,66,16,42,TCP,90,7,0,246,6,15,0,1,0,0,44,1,63.21,84.32,12,8,165,7,267,76,11,0.2261,8560,POST,5,5,1,TRAFFIC_ANOMALY
user-194,2026-09-28 07:02:34.340119,454,5428,4367,221279,434293,85,14,19,25,TCP,46,4,3,188,7,17,1,0,1,0,52,4,92.01,77.74,11,14,136,8,259,83,14,0.1008,2522,PUT,3,3,1,TRAFFIC_ANOMALY
user-007,2026-09-28 07:03:34.340119,468,5574,5126,556380,234107,155,77,14,20,HTTPS,88,8,2,139,14,20,1,0,0,1,51,3,85.18,71.19,16,16,52,6,336,66,13,0.1069,8226,GET,3,1,1,TRAFFIC_ANOMALY
user-144,2026-09-28 07:04:34.340119,365,2161,4089,206858,218977,111,10,15,36,HTTP,83,5,2,84,11,6,0,0,1,0,62,8,58.58,81.29,15,12,180,6,133,28,10,0.2866,6471,DELETE,3,1,1,TRAFFIC_ANOMALY
user-115,2026-09-28 07:05:34.340119,456,4028,3329,414279,570247,268,32,20,31,HTTPS,67,6,4,149,12,14,0,0,1,2,29,8,84.14,60.4,12,16,175,5,83,50,7,0.261,5628,PATCH,6,1,1,TRAFFIC_ANOMALY
user-007,2026-09-28 07:06:34.340119,432,2124,1693,234021,551985,203,31,14,11,HTTPS,96,6,1,52,7,11,1,0,1,1,45,0,56.43,77.28,10,14,132,6,200,41,12,0.2883,9527,GET,5,3,1,TRAFFIC_ANOMALY
user-116,2026-09-28 07:07:34.340119,202,4587,3996,630139,366475,130,18,13,51,HTTPS,62,6,0,204,12,22,0,0,1,0,42,9,93.29,84.05,9,11,117,2,298,28,7,0.1388,8078,GET,2,1,1,TRAFFIC_ANOMALY
user-023,2026-09-28 07:08:34.340119,490,5403,2379,568197,798567,130,39,20,29,TCP,39,3,1,267,6,13,1,0,0,1,63,8,58.45,85.83,19,9,151,3,73,23,10,0.152,2666,POST,5,2,1,TRAFFIC_ANOMALY
user-058,2026-09-28 07:09:34.340119,494,4265,3377,260250,343349,142,76,19,48,SSH,83,4,1,149,14,17,1,0,0,0,40,8,63.72,93.66,15,9,179,3,269,45,13,0.1671,6250,GET,6,3,1,TRAFFIC_ANOMALY
user-082,2026-09-28 07:10:34.340119,478,5314,3161,702581,304427,295,46,19,26,HTTPS,42,7,2,66,13,13,1,0,1,0,42,13,81.76,63.92,12,17,99,5,102,36,10,0.2906,9253,GET,2,3,1,TRAFFIC_ANOMALY
user-071,2026-09-28 07:11:34.340119,434,2783,3753,823080,629725,276,77,11,40,HTTP,47,5,5,276,11,12,0,1,0,1,35,14,64.71,72.42,2,6,89,6,75,88,16,0.2912,3672,PATCH,5,3,1,TRAFFIC_ANOMALY
user-110,2026-09-28 07:12:34.340119,217,3811,2860,769596,626454,147,16,7,49,SSH,40,3,4,120,10,16,0,1,1,0,64,0,77.11,69.84,9,19,149,5,304,57,14,0.0669,4957,GET,2,4,1,TRAFFIC_ANOMALY
user-067,2026-09-28 07:13:34.340119,261,5704,1720,745162,745836,213,72,22,14,HTTPS,79,4,1,101,12,24,0,0,0,2,43,4,83.48,68.35,13,11,160,7,278,55,14,0.0718,8522,GET,6,0,1,TRAFFIC_ANOMALY
user-122,2026-09-28 07:14:34.340119,225,2865,1914,281030,375104,146,76,18,25,TCP,27,8,4,21,13,20,0,1,1,0,36,0,62.48,65.56,3,5,181,4,314,63,8,0.1174,4872,GET,5,3,1,TRAFFIC_ANOMALY
user-006,2026-09-28 07:15:34.340119,399,2387,4019,527527,741366,243,68,15,55,HTTPS,23,2,1,69,9,16,1,1,0,0,28,4,86.13,88.74,15,13,147,7,247,54,15,0.1764,5380,GET,1,4,1,TRAFFIC_ANOMALY
user-051,2026-09-28 07:16:34.340119,273,3406,3214,673125,721197,89,64,15,11,SSH,29,5,1,126,3,20,0,0,1,1,44,14,85.49,55.17,6,23,109,3,70,86,8,0.2357,6002,PUT,5,4,1,TRAFFIC_ANOMALY
user-106,2026-09-28 07:17:34.340119,460,2941,3377,644622,318649,238,6,11,35,HTTPS,63,4,1,253,2,12,1,0,1,0,59,9,79.63,73.74,6,17,189,7,169,64,5,0.2615,6048,GET,2,3,1,TRAFFIC_ANOMALY
user-176,2026-09-28 07:18:34.340119,470,4354,2906,483011,538168,192,39,6,42,TCP,23,8,1,271,3,4,0,0,0,0,36,11,94.07,84.17,17,12,64,1,183,55,16,0.1268,1844,GET,2,2,1,TRAFFIC_ANOMALY
user-160,2026-09-28 07:19:34.340119,444,3759,3073,862468,679382,290,33,12,24,HTTPS,97,8,5,119,7,4,0,0,1,1,57,4,57.42,82.63,18,12,57,7,240,63,12,0.1859,2666,GET,3,3,1,TRAFFIC_ANOMALY
user-156,2026-09-28 07:20:34.340119,378,2988,2505,827112,361050,134,59,7,42,TCP,83,3,5,171,13,12,0,0,1,1,50,0,78.63,74.05,14,12,192,8,176,76,8,0.07,8771,PUT,1,1,1,TRAFFIC_ANOMALY
user-020,2026-09-28 07:21:34.340119,365,3142,2032,206619,720464,175,31,7,37,HTTP,45,4,0,187,4,24,1,1,1,0,33,5,59.81,86.8,4,17,183,4,157,83,12,0.298,1517,GET,3,1,1,TRAFFIC_ANOMALY
user-092,2026-09-28 07:22:34.340119,369,3253,1153,585057,494954,161,86,17,56,DNS,22,2,5,43,3,5,1,0,0,1,62,2,74.39,71.24,9,25,204,2,139,59,19,0.1128,5652,GET,5,2,1,TRAFFIC_ANOMALY
user-016,2026-09-28 07:23:34.340119,304,2230,5241,324117,326377,250,55,17,52,TCP,51,7,1,231,6,5,1,0,0,0,47,13,81.27,88.04,10,14,205,5,94,80,16,0.1136,7631,POST,3,1,1,TRAFFIC_ANOMALY
user-030,2026-09-28 07:24:34.340119,339,5217,1829,239052,701561,267,13,21,59,DNS,64,4,2,125,10,13,0,0,1,0,57,11,71.58,69.85,4,7,121,4,258,30,10,0.1534,4687,PUT,3,3,1,TRAFFIC_ANOMALY
user-145,2026-09-28 07:25:34.340119,484,4849,4079,314269,355880,294,14,5,11,SSH,50,3,1,208,6,23,0,0,1,0,55,1,75.84,84.12,16,7,198,7,322,30,10,0.2602,9052,POST,3,0,1,TRAFFIC_ANOMALY
user-100,2026-09-28 07:26:34.340119,305,5067,1884,711567,275729,147,39,20,29,HTTP,93,8,3,132,4,24,0,1,0,2,41,3,85.36,81.19,7,24,142,5,250,59,7,0.2827,9047,POST,2,0,1,TRAFFIC_ANOMALY
user-170,2026-09-28 07:27:34.340119,449,3535,2166,897398,377003,288,68,24,35,SSH,56,8,5,178,7,25,1,0,0,0,39,2,67.72,94.01,4,11,131,3,79,62,7,0.2399,1847,DELETE,5,0,1,TRAFFIC_ANOMALY
user-144,2026-09-28 07:28:34.340119,446,2552,3659,284737,465869,138,20,22,48,HTTP,42,4,5,177,6,21,0,0,0,0,49,14,88.87,94.64,8,12,103,7,188,49,18,0.2791,1963,GET,3,1,1,TRAFFIC_ANOMALY
user-056,2026-09-28 07:29:34.340119,461,5221,3951,269393,510577,146,18,24,36,SSH,89,2,1,125,15,14,1,0,0,1,55,5,91.08,92.99,4,10,145,3,83,59,5,0.2285,7561,GET,6,4,1,TRAFFIC_ANOMALY
user-016,2026-09-28 07:30:34.340119,488,1367,4603,227683,488564,277,85,17,25,HTTPS,99,6,1,24,15,22,1,0,1,1,56,12,55.1,78.06,6,16,190,4,182,43,4,0.0549,8089,POST,7,4,1,TRAFFIC_ANOMALY
user-187,2026-09-28 07:31:34.340119,238,1561,4928,569814,287270,211,21,9,35,HTTPS,75,3,4,123,11,13,0,0,0,1,45,13,67.46,55.51,6,8,185,4,79,73,9,0.1456,7508,GET,5,2,1,TRAFFIC_ANOMALY
user-020,2026-09-28 07:32:34.340119,302,4578,4485,605048,405128,196,61,8,19,TCP,21,5,3,42,3,11,1,1,1,0,47,11,70.48,93.58,2,16,215,8,71,78,17,0.2442,5318,GET,8,4,1,TRAFFIC_ANOMALY
user-156,2026-09-28 07:33:34.340119,462,2361,5368,762892,492246,250,68,22,41,DNS,69,4,1,295,4,25,0,0,1,2,48,13,89.94,81.35,7,14,193,5,324,24,5,0.2149,9682,DELETE,7,4,1,TRAFFIC_ANOMALY
user-188,2026-09-28 07:34:34.340119,417,1783,3714,645302,285396,136,75,11,46,HTTPS,68,7,2,70,5,14,0,0,0,1,56,4,61.96,60.89,6,19,142,2,246,66,19,0.2546,7424,GET,6,3,1,TRAFFIC_ANOMALY
user-190,2026-09-28 07:35:34.340119,412,1565,4592,800200,774884,132,7,14,22,TCP,88,3,3,188,6,13,1,0,0,1,54,13,57.63,91.21,5,8,58,4,200,29,10,0.0957,2908,PUT,6,4,1,TRAFFIC_ANOMALY
user-188,2026-09-28 07:36:34.340119,299,3425,4848,210094,568292,108,69,10,60,HTTPS,67,4,1,150,8,6,0,0,1,1,43,9,72.1,73.07,17,16,80,5,284,86,16,0.1625,4089,DELETE,4,4,1,TRAFFIC_ANOMALY
user-153,2026-09-28 07:37:34.340119,451,4794,4082,590262,351328,234,52,10,51,TCP,79,5,3,144,5,12,0,0,1,0,27,0,93.35,86.86,3,23,89,5,208,41,8,0.1868,1703,POST,7,1,1,TRAFFIC_ANOMALY
user-029,2026-09-28 07:38:34.340119,281,1281,1190,875750,687545,201,69,19,14,HTTPS,91,2,2,264,11,4,1,1,1,0,33,12,67.14,94.71,12,12,120,4,122,77,12,0.0757,3582,GET,2,3,1,TRAFFIC_ANOMALY
user-113,2026-09-28 07:39:34.340119,237,2097,3272,873771,615278,178,54,19,33,TCP,74,5,1,259,6,3,0,1,0,1,49,9,67.82,65.37,18,8,177,2,172,41,20,0.2237,2395,POST,5,3,1,TRAFFIC_ANOMALY
user-054,2026-09-28 07:40:34.340119,152,4004,4999,622675,299470,266,37,6,48,HTTP,60,2,0,124,9,16,0,0,0,0,64,6,65.09,81.86,11,9,145,8,153,57,10,0.0922,2398,POST,7,0,1,TRAFFIC_ANOMALY
user-063,2026-09-28 07:41:34.340119,293,5862,4872,206940,437466,295,22,13,37,SSH,69,5,1,225,6,17,0,1,0,0,52,0,74.48,73.78,15,11,118,8,313,64,12,0.0788,8528,GET,4,5,1,TRAFFIC_ANOMALY
user-063,2026-09-28 07:42:34.340119,252,4026,4587,737980,425908,154,36,22,56,HTTP,63,3,1,59,15,18,1,0,0,0,36,0,68.55,71.19,13,15,202,7,94,77,13,0.1952,7873,GET,5,3,1,TRAFFIC_ANOMALY
user-117,2026-09-28 07:43:34.340119,369,3079,2039,481211,467055,261,16,19,53,HTTPS,82,7,4,54,8,9,1,1,0,0,49,1,87.79,87.32,13,7,219,4,181,39,18,0.0861,1241,GET,4,2,1,TRAFFIC_ANOMALY
user-119,2026-09-28 07:44:34.340119,183,1858,2433,696201,201734,241,70,14,54,HTTPS,67,5,5,206,9,24,1,0,1,0,37,11,87.78,94.05,10,10,144,2,135,66,9,0.0777,7807,GET,4,0,1,TRAFFIC_ANOMALY
user-189,2026-09-28 07:45:34.340119,404,4648,2990,612292,796726,81,85,12,49,TCP,31,6,3,90,13,19,0,0,0,1,54,6,55.0,61.23,2,12,148,7,73,28,7,0.0994,3276,PATCH,6,2,1,TRAFFIC_ANOMALY
user-119,2026-09-28 07:46:34.340119,192,1543,5258,206108,284473,99,77,9,18,HTTPS,67,7,5,219,14,14,0,0,0,0,46,11,97.09,64.31,12,23,89,6,64,87,10,0.1766,6803,GET,5,4,1,TRAFFIC_ANOMALY
user-008,2026-09-28 07:47:34.340119,172,4078,2465,451895,666978,171,72,22,28,HTTP,63,5,1,241,10,24,0,1,1,0,49,2,86.05,82.11,9,16,148,5,255,26,19,0.1156,2498,PATCH,2,3,1,TRAFFIC_ANOMALY
user-196,2026-09-28 07:48:34.340119,244,2534,3203,372026,234178,285,36,15,25,SSH,90,6,2,221,14,12,1,0,0,0,42,3,71.5,75.25,5,7,134,3,310,78,11,0.2636,3370,POST,2,4,1,TRAFFIC_ANOMALY
user-030,2026-09-28 07:49:34.340119,193,1963,5209,761092,533559,287,16,15,59,TCP,39,8,3,41,3,22,0,0,1,0,46,5,71.66,88.12,7,22,150,1,324,90,16,0.0666,7582,GET,8,1,1,TRAFFIC_ANOMALY
user-142,2026-09-28 07:50:34.340119,203,4191,4495,557099,666672,226,78,22,24,HTTP,36,7,4,107,9,12,0,1,1,0,40,11,60.47,71.09,9,9,204,5,87,39,10,0.2548,2826,POST,6,2,1,TRAFFIC_ANOMALY
user-033,2026-09-28 07:51:34.340119,469,1570,5090,851150,790892,267,69,24,26,TCP,73,5,2,255,9,11,1,0,1,2,28,14,74.88,63.98,6,24,150,3,223,88,18,0.2347,6286,GET,6,4,1,TRAFFIC_ANOMALY
user-072,2026-09-28 07:52:34.340119,338,2835,2786,766322,323761,221,89,6,10,HTTP,75,4,4,59,9,16,1,0,0,1,46,14,62.04,90.53,6,16,155,3,285,24,19,0.1652,5837,GET,5,2,1,TRAFFIC_ANOMALY
user-092,2026-09-28 07:53:34.340119,424,1559,1933,765798,320188,277,37,16,49,HTTPS,31,4,2,251,14,19,0,0,1,0,49,6,66.41,94.46,17,19,122,4,306,36,16,0.2337,4811,PATCH,4,4,1,TRAFFIC_ANOMALY
user-085,2026-09-28 07:54:34.340119,187,1407,2506,660615,195987,191,18,16,13,HTTP,57,7,4,142,15,14,0,1,0,0,30,6,82.36,66.29,20,14,119,6,154,48,16,0.1607,7415,GET,6,1,1,TRAFFIC_ANOMALY
user-199,2026-09-28 07:55:34.340119,489,4123,4599,852959,556188,298,20,15,17,HTTPS,25,6,1,85,12,5,0,0,0,0,33,7,80.92,93.81,19,12,57,5,265,81,16,0.2682,4750,POST,7,3,1,TRAFFIC_ANOMALY
user-164,2026-09-28 07:56:34.340119,151,4274,4357,485161,442613,134,66,24,26,DNS,35,3,4,155,8,13,0,0,0,0,56,0,89.4,86.5,4,9,193,5,268,45,10,0.1118,1530,POST,6,1,1,TRAFFIC_ANOMALY
user-146,2026-09-28 07:57:34.340119,196,2348,1360,450594,763523,272,83,23,24,HTTPS,35,6,2,177,5,24,0,0,1,0,48,5,62.53,62.45,13,7,169,1,197,68,10,0.1651,3013,POST,7,0,1,TRAFFIC_ANOMALY
user-112,2026-09-28 07:58:34.340119,335,1491,2451,377793,663179,154,46,19,37,HTTP,80,3,4,264,7,11,1,0,0,0,34,0,94.5,66.77,10,8,210,2,159,36,16,0.125,3116,GET,5,2,1,TRAFFIC_ANOMALY
user-150,2026-09-28 07:59:34.340119,320,5590,3768,448304,672148,202,6,11,21,SSH,22,7,3,76,14,16,1,0,1,0,34,14,75.47,58.93,11,9,127,2,132,71,8,0.2135,4006,GET,4,4,1,TRAFFIC_ANOMALY
user-111,2026-09-28 08:00:34.340119,422,1649,3943,492317,393933,186,62,22,20,HTTPS,35,3,5,215,5,6,1,0,0,1,47,4,55.9,64.13,8,14,142,6,143,90,16,0.1426,6967,POST,6,5,1,TRAFFIC_ANOMALY
user-189,2026-09-28 08:01:34.340119,487,1507,4348,453787,746891,232,68,19,22,HTTP,62,5,3,264,13,7,1,0,0,0,43,13,61.05,94.57,14,15,191,3,307,53,15,0.1979,5329,PATCH,5,4,1,TRAFFIC_ANOMALY
user-110,2026-09-28 08:02:34.340119,169,5903,4447,219568,700597,153,38,6,48,DNS,94,7,3,161,4,5,1,0,0,1,46,8,69.44,89.03,3,20,73,3,317,55,4,0.1312,9578,POST,5,3,1,TRAFFIC_ANOMALY
user-115,2026-09-28 08:03:34.340119,477,1368,1050,525687,680396,123,42,7,36,HTTPS,81,6,1,75,11,5,0,1,0,0,47,10,85.2,86.18,8,6,204,2,203,34,19,0.2478,4884,GET,7,0,1,TRAFFIC_ANOMALY
user-008,2026-09-28 08:04:34.340119,385,3640,2096,452159,334269,164,24,7,18,HTTP,27,6,5,84,11,7,0,0,1,1,41,4,60.82,78.91,3,19,149,7,165,45,13,0.1794,1023,POST,5,2,1,TRAFFIC_ANOMALY
user-041,2026-09-28 08:05:34.340119,411,2929,4645,628498,741582,259,57,20,24,SSH,55,5,3,207,3,13,1,1,0,0,30,0,94.17,59.08,2,7,55,4,234,23,7,0.1196,4790,GET,6,4,1,TRAFFIC_ANOMALY
user-162,2026-09-28 08:06:34.340119,466,2188,4682,856420,353966,195,58,6,23,HTTPS,51,8,2,69,6,25,0,0,0,0,50,2,97.32,63.44,10,11,216,2,293,26,8,0.1912,2305,GET,6,2,1,TRAFFIC_ANOMALY
user-072,2026-09-28 08:07:34.340119,371,5740,3683,265083,752627,163,13,6,43,HTTP,32,3,1,278,6,20,1,1,1,1,34,8,71.65,74.05,6,15,58,4,169,46,5,0.0777,5865,GET,3,1,1,TRAFFIC_ANOMALY
user-162,2026-09-28 08:08:34.340119,474,5606,3736,606250,713925,116,67,16,42,TCP,52,5,3,267,6,16,1,0,1,1,54,6,81.0,93.08,4,7,134,3,248,42,9,0.223,8692,GET,3,2,1,TRAFFIC_ANOMALY
user-041,2026-09-28 08:09:34.340119,326,4898,4084,549720,706957,131,85,12,55,HTTPS,98,3,3,38,11,7,1,1,1,1,43,8,84.12,68.0,16,25,200,2,212,37,13,0.1917,4180,PUT,7,2,1,TRAFFIC_ANOMALY
user-141,2026-09-28 08:10:34.340119,393,5892,3239,892487,529564,127,75,19,56,HTTPS,62,6,1,172,7,4,1,0,1,0,59,12,59.0,71.48,15,23,110,3,102,86,5,0.2278,3773,GET,5,1,1,TRAFFIC_ANOMALY
user-178,2026-09-28 08:11:34.340119,370,2234,1354,257330,775395,88,60,18,57,HTTP,52,3,4,192,8,19,1,1,0,0,31,7,87.82,55.69,10,23,72,2,221,64,19,0.2282,2639,GET,3,1,1,TRAFFIC_ANOMALY
user-104,2026-09-28 08:12:34.340119,423,4181,2680,203856,603415,289,70,16,15,HTTP,74,6,5,215,8,10,0,0,1,0,35,1,80.47,58.55,2,12,211,6,236,68,13,0.2555,5903,GET,7,0,1,TRAFFIC_ANOMALY
user-194,2026-09-28 08:13:34.340119,495,1581,4054,563846,347407,170,28,10,42,SSH,92,5,5,49,8,14,0,1,0,1,61,5,76.16,78.87,10,6,190,5,94,30,15,0.1658,1148,GET,6,1,1,TRAFFIC_ANOMALY
user-154,2026-09-28 08:14:34.340119,217,3332,4680,427653,313703,112,71,20,56,HTTPS,88,6,0,253,14,15,1,0,1,0,50,5,84.41,67.85,10,21,176,7,348,69,7,0.263,7441,PUT,1,3,1,TRAFFIC_ANOMALY
user-067,2026-09-28 08:15:34.340119,199,5928,1442,543421,279336,274,57,14,59,DNS,44,4,1,180,6,22,1,0,0,1,46,5,66.25,83.79,11,19,182,5,142,59,6,0.1964,3176,POST,4,4,1,TRAFFIC_ANOMALY
user-099,2026-09-28 08:16:34.340119,361,1669,4004,796487,665607,236,60,14,54,HTTPS,46,5,5,92,11,23,1,0,1,1,47,9,93.65,63.09,4,15,107,5,166,73,13,0.2982,7886,GET,6,2,1,TRAFFIC_ANOMALY
user-176,2026-09-28 08:17:34.340119,492,1387,4176,290351,626079,176,66,17,10,HTTPS,64,7,4,156,12,4,1,0,0,0,29,3,94.0,91.53,11,23,206,5,115,45,9,0.1061,1223,POST,2,1,1,TRAFFIC_ANOMALY
user-063,2026-09-28 08:18:34.340119,335,4155,4688,392834,380903,178,10,14,17,TCP,70,5,1,210,12,17,1,1,0,0,42,10,85.13,61.81,14,17,53,3,159,28,14,0.2595,3862,GET,7,4,1,TRAFFIC_ANOMALY
user-151,2026-09-28 08:19:34.340119,497,3486,4699,746126,722729,110,69,6,26,SSH,58,7,0,41,13,13,1,0,1,0,42,9,84.67,70.7,18,22,167,7,277,30,19,0.0595,4918,GET,6,4,1,TRAFFIC_ANOMALY
user-187,2026-09-28 08:20:34.340119,391,2344,3691,584528,622994,170,65,22,34,HTTP,70,7,4,51,11,11,0,0,1,0,49,14,56.8,59.07,10,8,167,3,153,47,17,0.1812,5851,GET,7,1,1,TRAFFIC_ANOMALY
user-161,2026-09-28 08:21:34.340119,423,5318,2714,776235,286952,97,74,8,42,DNS,86,3,1,154,7,15,1,0,0,1,52,14,68.89,55.22,19,15,66,3,78,69,13,0.2284,5756,POST,7,2,1,TRAFFIC_ANOMALY
user-063,2026-09-28 08:22:34.340119,428,5106,2006,703934,330822,142,12,19,35,DNS,80,7,4,154,4,15,0,1,1,0,43,12,78.82,75.1,15,6,102,2,210,84,14,0.208,2981,DELETE,4,3,1,TRAFFIC_ANOMALY
user-131,2026-09-28 08:23:34.340119,401,4411,1716,220754,259865,224,57,8,39,SSH,46,3,3,29,4,12,1,0,0,0,48,14,91.9,65.87,11,7,98,7,139,75,15,0.1327,3511,GET,3,4,1,TRAFFIC_ANOMALY
user-196,2026-09-28 08:24:34.340119,356,5049,2211,657991,321105,227,61,7,25,HTTPS,53,4,3,298,6,19,0,0,1,0,52,8,60.21,79.41,4,24,173,3,203,57,5,0.2558,6565,GET,7,3,1,TRAFFIC_ANOMALY
user-007,2026-09-28 08:25:34.340119,308,3650,2654,296157,618234,205,80,6,44,SSH,55,2,1,44,8,24,0,0,1,1,37,2,64.96,82.37,2,9,128,6,238,22,9,0.1594,3273,GET,3,1,1,TRAFFIC_ANOMALY
user-062,2026-09-28 08:26:34.340119,296,3680,2481,854947,707227,236,32,14,22,TCP,34,3,5,59,7,19,0,0,0,0,50,9,93.17,83.48,2,22,202,6,302,60,14,0.2192,6172,GET,7,1,1,TRAFFIC_ANOMALY
user-130,2026-09-28 08:27:34.340119,336,4218,2490,613698,294271,136,72,11,53,DNS,44,5,1,145,8,6,0,0,1,3,54,3,96.23,93.51,9,13,176,2,329,75,8,0.0517,8444,PUT,7,3,1,TRAFFIC_ANOMALY
user-062,2026-09-28 08:28:34.340119,178,2925,3033,597068,533229,153,40,22,57,HTTPS,82,4,2,256,3,19,0,0,0,1,42,3,61.72,57.25,5,19,171,2,338,49,8,0.174,7517,GET,5,5,1,TRAFFIC_ANOMALY
user-063,2026-09-28 08:29:34.340119,217,3127,5465,374455,660993,82,21,22,22,HTTPS,59,5,1,275,10,7,1,0,1,2,50,1,86.9,84.86,16,11,145,8,187,39,18,0.2455,9491,GET,3,1,1,TRAFFIC_ANOMALY
user-135,2026-09-28 08:30:34.340119,367,5750,5268,879391,300540,162,30,18,59,HTTPS,84,4,4,33,8,6,0,0,0,1,43,3,72.67,61.19,11,23,166,5,196,61,7,0.2123,8652,GET,6,2,1,TRAFFIC_ANOMALY
user-178,2026-09-28 08:31:34.340119,282,3668,1393,215359,786824,113,48,5,47,HTTPS,83,6,1,168,6,23,1,0,0,2,39,12,96.31,69.97,2,14,83,5,325,42,11,0.0671,4428,POST,3,3,1,TRAFFIC_ANOMALY
user-029,2026-09-28 08:32:34.340119,235,5738,1691,647872,289905,144,65,7,48,HTTPS,31,7,0,117,10,4,1,0,0,0,44,1,59.55,85.44,11,9,85,3,183,72,16,0.089,5119,GET,3,4,1,TRAFFIC_ANOMALY
user-177,2026-09-28 08:33:34.340119,319,2993,3260,365465,495591,292,18,18,51,HTTPS,30,8,3,252,7,7,0,0,1,0,48,8,71.73,65.51,10,11,67,1,213,26,10,0.2579,9664,GET,4,3,1,TRAFFIC_ANOMALY
user-077,2026-09-28 08:34:34.340119,491,4972,5232,877549,253558,223,69,18,30,SSH,43,4,0,52,5,15,0,0,1,0,41,12,57.25,74.9,14,9,190,6,102,23,19,0.0815,3589,POST,8,2,1,TRAFFIC_ANOMALY
user-004,2026-09-28 08:35:34.340119,212,2730,1039,708940,721323,102,88,11,37,HTTPS,44,2,1,118,12,18,0,1,0,0,39,9,93.29,64.64,19,22,175,7,90,30,5,0.1918,4048,GET,3,1,1,TRAFFIC_ANOMALY
user-100,2026-09-28 08:36:34.340119,365,4440,3367,383176,356182,216,76,12,37,HTTPS,96,5,2,129,3,10,1,0,1,0,62,1,55.2,71.1,12,18,171,8,249,65,15,0.1815,2780,GET,4,4,1,TRAFFIC_ANOMALY
user-185,2026-09-28 08:37:34.340119,180,1941,4106,700351,581538,125,14,18,39,HTTPS,21,6,2,257,2,15,1,0,1,0,43,6,96.11,61.49,13,10,171,5,130,42,17,0.1627,9339,POST,5,2,1,TRAFFIC_ANOMALY
user-200,2026-09-28 08:38:34.340119,167,3355,2650,585475,279468,178,71,16,22,HTTPS,68,2,5,246,12,22,1,0,0,0,65,7,95.47,86.62,4,17,111,4,241,79,19,0.0557,8892,PUT,6,5,1,TRAFFIC_ANOMALY
user-039,2026-09-28 08:39:34.340119,242,5147,1086,660369,272258,184,74,17,45,SSH,98,6,1,76,14,5,0,0,0,0,64,0,78.67,59.81,17,20,134,3,168,53,5,0.2884,7356,GET,6,2,1,TRAFFIC_ANOMALY
user-024,2026-09-28 08:40:34.340119,382,2060,3100,377855,728945,285,8,22,54,HTTPS,79,4,5,83,7,19,1,1,0,0,61,6,68.11,89.89,19,6,177,6,211,56,7,0.0877,9589,PUT,4,4,1,TRAFFIC_ANOMALY
user-185,2026-09-28 08:41:34.340119,205,2066,5432,633043,695115,176,56,16,39,HTTPS,40,5,1,138,8,5,1,0,0,1,46,3,64.91,74.53,15,16,112,3,113,58,16,0.182,9187,GET,3,0,1,TRAFFIC_ANOMALY
user-054,2026-09-28 08:42:34.340119,333,5167,1002,303371,740499,242,19,10,29,TCP,61,5,3,130,4,8,0,0,1,0,44,6,89.64,78.44,2,21,125,3,139,23,16,0.0584,3707,GET,7,3,1,TRAFFIC_ANOMALY
user-042,2026-09-28 08:43:34.340119,451,4939,1925,732286,378969,263,71,13,44,HTTP,66,5,3,49,14,23,1,0,1,0,58,14,89.32,62.22,15,20,164,2,307,64,15,0.237,7287,GET,2,2,1,TRAFFIC_ANOMALY
user-128,2026-09-28 08:44:34.340119,325,4283,2434,240415,567128,244,46,17,18,HTTPS,42,8,5,182,15,16,0,1,0,0,39,11,89.29,62.44,4,25,181,7,284,54,17,0.2792,4565,POST,3,1,1,TRAFFIC_ANOMALY
user-007,2026-09-28 08:45:34.340119,293,1363,3803,471990,502183,111,61,11,48,SSH,89,6,5,227,9,13,0,0,1,1,39,5,93.87,79.96,4,14,116,4,122,71,5,0.1295,5740,POST,3,0,1,TRAFFIC_ANOMALY
user-044,2026-09-28 08:46:34.340119,211,2976,1023,296906,491504,147,69,19,20,HTTPS,79,7,0,133,9,6,1,0,0,1,42,9,76.99,80.66,10,10,126,7,179,27,12,0.1438,4438,DELETE,2,1,1,TRAFFIC_ANOMALY
user-121,2026-09-28 08:47:34.340119,356,2129,4482,440936,677908,209,33,8,25,SSH,67,4,3,288,13,10,1,0,0,0,42,3,89.98,78.3,7,24,197,3,151,88,7,0.2294,6031,POST,6,1,1,TRAFFIC_ANOMALY
user-041,2026-09-28 08:48:34.340119,409,2782,4434,215801,524109,232,10,10,22,HTTPS,35,7,5,72,6,10,1,0,1,0,52,2,88.35,87.16,4,23,168,3,272,67,18,0.1406,3910,GET,3,5,1,TRAFFIC_ANOMALY
user-168,2026-09-28 08:49:34.340119,167,1252,4224,461790,317292,298,86,24,51,HTTP,48,2,2,160,5,7,0,0,0,0,53,8,70.52,82.32,18,8,85,3,79,42,12,0.1448,4969,GET,5,2,1,TRAFFIC_ANOMALY
user-006,2026-09-28 08:50:34.340119,490,5181,4112,271831,468060,263,45,6,57,TCP,62,7,1,155,8,23,1,0,0,0,45,4,96.27,56.87,14,13,76,6,132,22,10,0.2596,5430,GET,7,3,1,TRAFFIC_ANOMALY
user-072,2026-09-28 08:51:34.340119,187,5583,3795,252979,338346,150,88,6,11,HTTPS,69,5,2,67,13,11,1,0,0,0,63,1,62.67,79.56,16,19,190,5,317,34,10,0.2213,1946,GET,2,1,1,TRAFFIC_ANOMALY
user-143,2026-09-28 08:52:34.340119,467,2866,2658,513688,475809,247,6,7,51,DNS,97,8,4,223,9,20,1,0,1,0,60,5,83.4,90.2,12,16,160,5,330,83,13,0.2168,5005,GET,7,3,1,TRAFFIC_ANOMALY
user-131,2026-09-28 08:53:34.340119,417,5458,3809,661949,437293,296,50,9,24,HTTPS,69,6,0,94,4,3,0,0,0,3,30,2,63.8,70.63,6,19,114,2,163,86,13,0.08,3304,GET,3,4,1,TRAFFIC_ANOMALY
user-048,2026-09-28 08:54:34.340119,204,4971,3034,625181,501719,278,80,14,43,HTTPS,59,6,3,241,3,8,0,0,1,0,62,11,97.4,58.12,17,19,169,3,265,73,16,0.2676,6142,POST,2,1,1,TRAFFIC_ANOMALY
user-161,2026-09-28 08:55:34.340119,462,2428,2763,489038,780255,132,53,23,12,DNS,56,3,4,109,11,19,0,0,0,1,47,3,69.54,60.53,9,10,131,5,226,84,15,0.2649,1083,PATCH,8,4,1,TRAFFIC_ANOMALY
user-110,2026-09-28 08:56:34.340119,207,1261,3982,619878,788608,228,20,8,51,HTTPS,89,4,0,27,14,18,0,0,1,1,44,10,78.0,66.98,17,23,186,8,287,85,4,0.2126,6957,GET,7,1,1,TRAFFIC_ANOMALY
user-173,2026-09-28 08:57:34.340119,457,3169,3860,387949,224407,284,42,15,14,TCP,76,5,2,179,14,14,1,0,0,0,42,13,69.61,61.15,16,19,156,7,74,89,6,0.0674,1639,POST,4,0,1,TRAFFIC_ANOMALY
user-137,2026-09-28 08:58:34.340119,238,2556,3248,882484,289279,261,49,14,17,TCP,37,8,4,295,9,22,0,0,1,0,40,14,93.59,71.81,20,20,194,2,305,56,8,0.0615,9136,POST,6,3,1,TRAFFIC_ANOMALY
user-160,2026-09-28 08:59:34.340119,330,5840,1267,372381,455999,232,8,20,45,HTTPS,58,7,4,229,4,9,0,1,1,0,46,6,83.82,75.07,20,13,116,4,176,58,13,0.2086,5244,POST,5,1,1,TRAFFIC_ANOMALY
user-124,2026-09-28 09:00:34.340119,241,4660,5072,345058,712418,178,19,24,21,HTTPS,74,3,1,131,10,14,1,0,0,0,40,2,60.39,90.75,4,17,69,5,235,29,6,0.2429,2067,GET,7,0,1,TRAFFIC_ANOMALY
user-198,2026-09-28 09:01:34.340119,440,2374,3076,881074,186304,147,25,21,10,HTTPS,45,3,1,111,3,19,0,0,0,0,54,12,67.02,55.15,17,20,116,4,150,66,10,0.289,8916,PUT,4,4,1,TRAFFIC_ANOMALY
user-126,2026-09-28 09:02:34.340119,369,4900,1806,662614,741650,209,83,8,10,TCP,47,3,4,221,12,15,0,1,1,0,59,8,95.51,69.37,7,13,204,1,343,64,15,0.2986,1653,POST,4,2,1,TRAFFIC_ANOMALY
user-017,2026-09-28 09:03:34.340119,458,4039,5333,598291,559758,268,62,14,35,DNS,97,3,2,245,13,19,0,1,0,1,57,13,62.09,69.03,16,11,169,3,267,25,17,0.0869,4516,GET,3,4,1,TRAFFIC_ANOMALY
user-001,2026-09-28 09:04:34.340119,214,1591,3697,849186,382093,254,7,20,51,SSH,75,4,4,239,7,22,0,1,0,2,63,13,96.49,93.4,9,10,135,4,284,52,15,0.1167,2908,GET,2,2,1,TRAFFIC_ANOMALY
user-132,2026-09-28 09:05:34.340119,272,5948,5330,619471,626020,253,35,17,11,HTTPS,33,4,2,201,10,7,0,0,0,2,58,5,81.58,83.13,12,25,85,2,197,72,18,0.2561,8953,GET,1,1,1,TRAFFIC_ANOMALY
user-143,2026-09-28 09:06:34.340119,494,1678,4775,284966,671512,143,8,8,38,SSH,83,3,3,175,14,8,1,0,0,0,64,7,97.65,80.43,17,18,76,5,117,63,9,0.1492,6638,GET,6,2,1,TRAFFIC_ANOMALY
user-175,2026-09-28 09:07:34.340119,193,3732,3251,218484,208738,171,50,11,37,TCP,22,5,1,107,5,17,0,1,0,0,47,13,77.58,62.96,4,10,153,4,139,45,13,0.1485,7048,POST,7,1,1,TRAFFIC_ANOMALY
user-128,2026-09-28 09:08:34.340119,465,3716,1788,423140,402042,236,23,21,34,TCP,33,8,2,123,8,6,1,1,1,1,43,10,73.01,64.25,19,8,63,5,326,86,12,0.0992,2797,GET,2,3,1,TRAFFIC_ANOMALY
user-033,2026-09-28 09:09:34.340119,313,5119,1138,335927,246262,238,27,13,57,HTTPS,87,5,3,244,7,7,0,0,0,0,47,2,82.95,61.49,15,8,105,7,204,87,7,0.2784,9955,GET,4,1,1,TRAFFIC_ANOMALY
user-124,2026-09-28 09:10:34.340119,464,2736,3925,526054,478586,136,22,11,54,HTTP,100,4,2,53,4,12,0,0,1,1,51,14,66.93,90.51,3,23,51,5,259,58,16,0.0777,9300,POST,2,0,1,TRAFFIC_ANOMALY
user-180,2026-09-28 09:11:34.340119,306,4051,3575,825599,565018,199,7,18,15,HTTPS,53,6,0,93,9,12,1,1,0,0,27,11,86.72,92.25,20,17,155,6,285,50,19,0.238,3271,PUT,6,3,1,TRAFFIC_ANOMALY
user-117,2026-09-28 09:12:34.340119,493,1939,1839,869525,531774,281,60,15,57,HTTPS,99,8,1,233,6,6,1,1,0,0,44,10,90.29,85.8,10,14,113,3,233,75,15,0.0787,1005,GET,5,3,1,TRAFFIC_ANOMALY
user-191,2026-09-28 09:13:34.340119,233,1819,1929,323171,774546,243,74,18,43,SSH,48,8,1,53,13,19,0,0,0,0,32,11,71.97,92.14,14,7,200,4,127,37,6,0.2528,2963,DELETE,2,4,1,TRAFFIC_ANOMALY
user-115,2026-09-28 09:14:34.340119,244,3215,4376,482959,371256,187,6,19,13,TCP,40,2,3,89,5,19,1,0,0,0,54,7,72.35,61.81,13,17,216,7,180,39,14,0.2282,1855,PATCH,4,0,1,TRAFFIC_ANOMALY
user-159,2026-09-28 09:15:34.340119,471,5126,5344,287029,747952,175,24,9,46,SSH,20,5,4,131,2,13,0,0,1,0,45,10,89.08,72.74,2,24,193,7,133,31,17,0.2041,5368,PUT,2,1,1,TRAFFIC_ANOMALY
user-063,2026-09-28 09:16:34.340119,390,4519,1777,540857,363123,249,83,16,29,HTTPS,93,8,1,225,4,10,0,1,1,1,38,1,77.23,82.73,11,24,177,4,253,69,15,0.2419,2477,POST,1,2,1,TRAFFIC_ANOMALY
user-011,2026-09-28 09:17:34.340119,255,1233,1426,558757,192335,290,10,22,13,TCP,58,6,0,194,7,15,1,1,0,0,54,8,76.71,73.55,19,22,155,6,218,57,9,0.0736,6257,POST,4,4,1,TRAFFIC_ANOMALY
user-108,2026-09-28 09:18:34.340119,233,4172,4375,806299,454573,249,68,16,30,DNS,54,4,0,91,11,3,1,0,0,0,55,1,79.77,69.02,8,22,157,6,311,80,16,0.2286,8388,GET,6,0,1,TRAFFIC_ANOMALY
user-028,2026-09-28 09:19:34.340119,324,5202,5095,878287,191169,218,13,13,27,SSH,67,6,5,106,12,7,0,0,1,0,49,4,89.22,59.42,8,11,165,6,235,67,9,0.135,3661,PATCH,5,3,1,TRAFFIC_ANOMALY
user-151,2026-09-28 09:20:34.340119,289,5527,5039,342238,222068,102,87,20,57,HTTP,32,3,4,218,15,15,0,0,0,0,43,14,78.32,72.88,14,17,217,8,207,38,10,0.2691,5334,POST,6,3,1,TRAFFIC_ANOMALY
user-168,2026-09-28 09:21:34.340119,444,5254,2546,661499,798820,268,7,20,23,HTTPS,31,5,2,72,13,20,1,0,1,1,43,10,55.89,69.05,4,9,109,4,188,67,10,0.2397,6258,GET,4,3,1,TRAFFIC_ANOMALY
user-159,2026-09-28 09:22:34.340119,180,1650,2048,743278,676171,210,18,19,54,DNS,94,8,2,45,14,16,1,0,0,0,53,11,57.52,90.55,8,8,70,6,113,35,10,0.2193,1653,POST,4,3,1,TRAFFIC_ANOMALY
user-058,2026-09-28 09:23:34.340119,410,2254,1188,867700,397037,269,8,25,42,HTTPS,51,2,5,207,7,4,1,0,0,0,38,13,65.38,64.03,4,25,207,3,253,34,15,0.0885,6123,POST,2,1,1,TRAFFIC_ANOMALY
user-032,2026-09-28 09:24:34.340119,374,5554,3005,444538,392239,127,67,6,30,HTTPS,47,5,4,260,3,7,0,0,1,0,53,6,71.92,83.11,12,17,172,6,225,62,11,0.2023,9156,POST,2,4,1,TRAFFIC_ANOMALY
user-200,2026-09-28 09:25:34.340119,193,4282,4256,409487,329364,223,53,7,38,HTTPS,77,5,5,30,13,17,1,1,1,0,41,2,89.91,55.24,3,13,207,7,96,22,16,0.0785,9495,GET,3,3,1,TRAFFIC_ANOMALY
user-030,2026-09-28 09:26:34.340119,262,4696,4497,600122,722758,93,35,14,14,HTTPS,44,5,2,216,9,18,1,0,0,0,42,11,79.35,67.84,10,24,114,4,80,22,11,0.2148,3481,POST,2,3,1,TRAFFIC_ANOMALY
user-161,2026-09-28 09:27:34.340119,477,4046,2085,474381,529758,247,64,19,39,TCP,77,5,4,183,4,15,1,1,0,0,34,3,90.29,84.44,18,22,95,6,66,48,17,0.2555,7087,PATCH,1,4,1,TRAFFIC_ANOMALY
user-048,2026-09-28 09:28:34.340119,271,1470,4652,218387,225068,107,83,8,39,SSH,84,5,3,128,10,5,1,0,0,0,33,14,55.4,79.18,7,19,128,4,115,52,15,0.0689,6389,GET,1,4,1,TRAFFIC_ANOMALY
user-053,2026-09-28 09:29:34.340119,284,5822,2991,212601,448115,219,75,21,39,HTTP,62,5,1,61,13,4,0,1,0,0,48,9,74.46,55.18,5,7,93,4,211,61,11,0.2165,9351,GET,2,0,1,TRAFFIC_ANOMALY
user-060,2026-09-28 09:30:34.340119,162,2972,3223,408535,455551,250,37,12,30,HTTPS,53,4,1,95,11,20,1,0,1,0,64,0,61.39,66.63,16,15,186,1,69,43,14,0.1646,2978,GET,6,1,1,TRAFFIC_ANOMALY
user-043,2026-09-28 09:31:34.340119,327,4303,2157,713762,272584,87,44,16,57,HTTPS,78,5,0,104,2,9,0,0,1,2,33,12,56.98,92.96,6,21,62,3,69,46,5,0.2074,2102,POST,5,4,1,TRAFFIC_ANOMALY
user-167,2026-09-28 09:32:34.340119,280,2781,5294,424088,576752,206,22,21,13,HTTPS,49,6,4,183,14,20,0,1,1,0,39,10,74.21,92.13,16,15,82,4,89,51,13,0.2506,9802,PUT,6,0,1,TRAFFIC_ANOMALY
user-060,2026-09-28 09:33:34.340119,406,3982,4786,291353,405018,87,85,11,55,HTTPS,71,7,2,69,9,14,1,0,0,0,45,13,82.31,67.24,2,23,81,8,239,56,15,0.2228,5151,GET,5,2,1,TRAFFIC_ANOMALY
user-174,2026-09-28 09:34:34.340119,204,1695,1197,519054,543645,178,81,11,32,HTTPS,26,6,0,82,12,23,0,1,1,0,60,12,92.53,73.59,11,15,210,2,200,65,9,0.2999,4063,GET,7,5,1,TRAFFIC_ANOMALY
user-132,2026-09-28 09:35:34.340119,177,3972,3604,485124,495837,137,58,6,15,HTTPS,59,4,4,134,11,20,1,0,0,0,37,0,58.11,80.6,18,9,146,5,78,66,10,0.0776,7388,POST,2,4,1,TRAFFIC_ANOMALY
user-188,2026-09-28 09:36:34.340119,295,1847,4221,209214,272552,139,71,11,43,HTTPS,92,5,5,127,12,18,1,0,1,0,43,9,63.85,68.16,13,12,208,2,244,34,18,0.2122,9380,GET,7,3,1,TRAFFIC_ANOMALY
user-082,2026-09-28 09:37:34.340119,287,1525,4362,835756,630618,292,42,9,18,SSH,57,4,1,289,6,16,0,0,0,0,26,10,71.12,62.74,8,5,210,4,116,34,8,0.0852,2072,PUT,6,2,1,TRAFFIC_ANOMALY
user-184,2026-09-28 09:38:34.340119,181,1333,3758,305241,430449,209,71,8,52,HTTPS,95,3,3,250,8,4,0,0,0,0,43,1,96.03,88.02,6,24,121,2,289,79,18,0.0857,6338,GET,5,2,1,TRAFFIC_ANOMALY
user-114,2026-09-28 09:39:34.340119,182,4268,1911,231954,220709,131,42,21,31,HTTPS,52,2,4,153,6,5,0,1,0,0,42,3,90.96,88.61,7,7,67,6,278,72,14,0.0501,5364,PUT,5,2,1,TRAFFIC_ANOMALY
user-105,2026-09-28 09:40:34.340119,382,1804,3116,547972,228359,233,79,21,21,HTTP,39,4,5,52,12,5,1,0,0,1,33,10,93.89,63.48,12,11,211,4,105,64,11,0.1491,7288,POST,6,2,1,TRAFFIC_ANOMALY
user-183,2026-09-28 09:41:34.340119,499,3968,5154,788808,309260,237,71,11,26,SSH,88,5,2,246,10,11,1,0,0,1,47,13,63.03,93.11,14,14,147,5,227,81,10,0.0775,1591,DELETE,4,4,1,TRAFFIC_ANOMALY
user-088,2026-09-28 09:42:34.340119,417,4612,1206,558159,190505,114,39,8,22,TCP,70,3,3,158,9,20,0,0,0,0,46,12,73.81,74.88,8,10,216,2,158,35,9,0.1632,5766,GET,4,4,1,TRAFFIC_ANOMALY
user-135,2026-09-28 09:43:34.340119,406,5384,4239,453453,246317,206,7,17,13,SSH,51,7,1,69,3,6,0,1,0,1,35,4,82.94,76.62,17,18,100,5,236,40,20,0.1383,2433,GET,4,1,1,TRAFFIC_ANOMALY
user-185,2026-09-28 09:44:34.340119,214,2034,4745,518467,495618,157,69,16,43,HTTPS,30,7,4,267,9,25,0,1,0,0,35,5,78.41,93.82,19,7,217,2,147,28,18,0.0539,7587,PATCH,4,3,1,TRAFFIC_ANOMALY
user-054,2026-09-28 09:45:34.340119,272,3833,2054,613112,450537,87,62,7,23,TCP,33,7,1,282,5,5,1,1,0,0,48,4,85.69,71.74,7,13,110,6,282,40,20,0.226,9429,GET,6,3,1,TRAFFIC_ANOMALY
user-051,2026-09-28 09:46:34.340119,300,3628,5306,298723,273170,148,90,12,25,TCP,51,6,2,61,11,17,0,0,0,1,42,12,63.2,66.11,19,11,142,5,219,78,7,0.0547,9153,POST,2,2,1,TRAFFIC_ANOMALY
user-088,2026-09-28 09:47:34.340119,429,1513,2141,849272,360401,276,12,15,25,HTTPS,40,7,2,257,7,24,1,0,1,1,47,13,92.29,92.1,10,20,64,4,309,27,10,0.1657,5286,GET,3,4,1,TRAFFIC_ANOMALY
user-167,2026-09-28 09:48:34.340119,172,5133,4432,451945,778667,92,51,15,50,HTTPS,41,8,5,148,12,8,0,0,0,3,47,11,64.22,84.21,10,15,150,6,142,85,18,0.1337,2639,GET,8,3,1,TRAFFIC_ANOMALY
user-089,2026-09-28 09:49:34.340119,232,2317,5266,755390,355212,109,55,12,31,HTTP,86,5,1,146,14,17,1,1,0,0,34,13,93.17,93.85,9,23,188,6,313,44,11,0.2481,1262,GET,2,1,1,TRAFFIC_ANOMALY
user-149,2026-09-28 09:50:34.340119,395,3548,2703,699047,660113,169,5,24,49,HTTPS,75,6,1,64,10,9,0,0,0,0,63,3,80.03,62.07,9,8,188,7,146,43,4,0.1053,2039,PATCH,6,3,1,TRAFFIC_ANOMALY
user-122,2026-09-28 09:51:34.340119,203,1314,4380,364331,507558,169,82,17,20,HTTPS,43,6,3,162,14,18,0,0,1,0,42,10,86.65,69.43,3,19,137,7,254,56,8,0.184,3828,GET,4,3,1,TRAFFIC_ANOMALY
user-094,2026-09-28 09:52:34.340119,497,3585,4154,604431,782829,300,84,23,60,HTTPS,54,6,5,144,11,11,0,1,0,0,51,8,56.36,58.44,19,16,137,3,304,71,15,0.1466,8650,DELETE,6,2,1,TRAFFIC_ANOMALY
user-032,2026-09-28 09:53:34.340119,256,5903,5050,794721,571112,236,42,10,27,TCP,83,3,3,138,2,8,0,1,0,1,40,4,71.03,66.44,4,14,86,2,92,55,9,0.1439,7388,GET,4,2,1,TRAFFIC_ANOMALY
user-088,2026-09-28 09:54:34.340119,247,5554,5323,650290,387643,183,10,10,47,HTTPS,21,5,1,137,3,9,1,0,0,0,47,7,90.98,58.55,11,21,70,4,296,78,19,0.242,9996,POST,4,0,1,TRAFFIC_ANOMALY
user-106,2026-09-28 09:55:34.340119,465,4808,3880,639041,238303,142,85,6,16,HTTPS,63,7,5,285,6,25,1,0,0,1,56,9,84.51,78.36,18,8,58,7,332,56,19,0.2398,2182,GET,5,3,1,TRAFFIC_ANOMALY
user-094,2026-09-28 09:56:34.340119,169,5608,2342,797545,406962,113,16,12,36,HTTPS,36,5,2,283,8,19,1,1,0,2,63,9,70.23,81.93,5,10,78,1,315,25,10,0.0855,1939,POST,1,1,1,TRAFFIC_ANOMALY
user-127,2026-09-28 09:57:34.340119,254,4111,4682,879033,644546,127,37,6,31,DNS,55,4,1,173,3,13,0,0,1,0,46,4,88.68,58.31,11,21,64,1,332,75,6,0.1852,5177,GET,4,3,1,TRAFFIC_ANOMALY
user-065,2026-09-28 09:58:34.340119,222,1533,2240,669325,712232,289,86,19,19,HTTPS,68,8,5,131,9,17,0,1,0,0,38,2,76.41,55.84,12,19,111,3,197,26,12,0.1085,2585,PATCH,8,1,1,TRAFFIC_ANOMALY
user-008,2026-09-28 09:59:34.340119,289,2383,2687,336644,656568,210,46,5,44,HTTPS,97,6,4,245,4,13,1,0,0,2,45,0,84.91,56.85,8,21,178,4,241,35,20,0.1594,8750,POST,7,3,1,TRAFFIC_ANOMALY
user-066,2026-09-28 10:00:34.340119,269,2874,3687,533077,430875,108,63,13,27,HTTPS,71,4,2,116,7,19,0,0,0,0,56,3,70.7,64.2,12,23,213,5,114,41,12,0.2467,1137,GET,7,3,1,TRAFFIC_ANOMALY
user-179,2026-09-28 10:01:34.340119,303,5225,5149,596897,318325,250,65,18,34,HTTPS,50,4,1,243,9,9,0,0,1,0,40,14,73.73,81.57,7,23,203,8,200,39,7,0.2562,7771,GET,6,0,1,TRAFFIC_ANOMALY
user-136,2026-09-28 10:02:34.340119,487,4074,4787,838894,797974,267,14,21,34,SSH,32,5,2,35,5,10,0,1,0,0,33,3,75.57,81.69,3,18,130,2,326,62,17,0.158,6999,POST,7,3,1,TRAFFIC_ANOMALY
user-104,2026-09-28 10:03:34.340119,216,3367,3492,596429,281152,229,54,17,33,HTTPS,51,5,2,148,10,22,1,0,0,0,44,5,66.32,59.77,6,16,121,2,323,79,4,0.104,8423,GET,8,5,1,TRAFFIC_ANOMALY
user-097,2026-09-28 10:04:34.340119,166,1921,5477,274907,798489,189,71,8,14,HTTPS,31,6,3,292,3,6,0,0,0,1,32,0,63.53,60.19,8,23,171,7,330,64,10,0.1881,7717,PUT,2,0,1,TRAFFIC_ANOMALY
user-135,2026-09-28 10:05:34.340119,211,4528,1794,236374,440705,249,26,17,44,SSH,76,6,1,239,13,24,0,0,0,1,41,12,70.58,77.54,19,22,209,5,99,79,6,0.0902,9408,GET,4,3,1,TRAFFIC_ANOMALY
user-063,2026-09-28 10:06:34.340119,152,3262,1942,346533,604426,215,74,5,14,HTTPS,29,3,0,141,5,4,0,0,0,1,45,4,81.7,75.46,18,19,96,2,105,31,13,0.0987,2599,GET,3,2,1,TRAFFIC_ANOMALY
user-081,2026-09-28 10:07:34.340119,366,4476,1711,400500,725023,289,60,11,25,TCP,71,7,1,250,5,5,0,0,0,0,29,14,75.03,82.34,9,18,105,7,193,44,11,0.258,7246,GET,2,3,1,TRAFFIC_ANOMALY
user-083,2026-09-28 10:08:34.340119,377,5634,1888,243971,478828,178,86,24,18,SSH,49,7,3,192,8,15,0,1,0,2,42,10,81.56,57.53,9,14,85,3,299,41,18,0.1435,5179,GET,4,0,1,TRAFFIC_ANOMALY
user-051,2026-09-28 10:09:34.340119,391,3333,1509,310543,253423,283,19,13,42,HTTPS,86,7,3,202,6,15,0,0,1,1,46,5,58.23,60.39,19,7,93,4,152,57,8,0.0625,9619,POST,6,4,1,TRAFFIC_ANOMALY
user-080,2026-09-28 10:10:34.340119,263,3891,3917,853361,204442,198,6,24,41,HTTPS,24,7,2,33,8,16,0,0,0,0,45,0,80.92,94.51,6,21,103,2,287,54,15,0.0503,7486,GET,8,2,1,TRAFFIC_ANOMALY
user-164,2026-09-28 10:11:34.340119,478,4832,1564,507077,550574,206,69,16,33,HTTPS,87,2,4,154,10,17,1,1,0,0,41,14,80.81,66.51,8,22,57,3,89,21,14,0.1345,8278,GET,3,3,1,TRAFFIC_ANOMALY
user-051,2026-09-28 10:12:34.340119,397,2201,4870,776195,183828,277,68,21,54,DNS,50,3,0,109,10,16,0,1,0,2,61,7,73.42,62.01,13,19,206,6,243,67,7,0.2426,1874,GET,3,5,1,TRAFFIC_ANOMALY
user-077,2026-09-28 10:13:34.340119,431,4269,1148,533200,710559,281,71,7,18,SSH,62,7,4,44,13,9,1,1,1,0,60,13,82.82,75.42,17,8,52,5,251,23,16,0.0743,1861,POST,5,0,1,TRAFFIC_ANOMALY
user-041,2026-09-28 10:14:34.340119,319,2359,3906,794521,233314,165,13,25,41,HTTP,100,3,0,84,4,3,1,1,0,0,63,9,62.97,74.86,5,19,151,7,231,29,17,0.2848,3036,GET,6,0,1,TRAFFIC_ANOMALY
user-188,2026-09-28 10:15:34.340119,163,5640,4098,775539,759158,242,31,25,20,TCP,78,7,4,27,12,22,0,0,1,1,47,8,78.89,91.92,3,7,121,3,148,28,17,0.1539,3262,POST,6,4,1,TRAFFIC_ANOMALY
user-017,2026-09-28 10:16:34.340119,312,4503,4414,800242,233062,154,76,16,32,HTTPS,82,7,2,123,14,11,1,1,0,1,60,10,89.74,56.33,3,20,78,5,93,70,14,0.2193,4048,POST,7,4,1,TRAFFIC_ANOMALY
user-192,2026-09-28 10:17:34.340119,169,3602,5242,236695,261026,263,69,12,56,DNS,69,4,1,62,13,25,1,0,0,1,35,8,67.77,64.5,9,9,201,2,257,43,11,0.2798,1644,GET,4,4,1,TRAFFIC_ANOMALY
user-187,2026-09-28 10:18:34.340119,159,2662,5174,237829,273308,282,76,15,20,TCP,39,6,4,197,11,5,1,1,0,0,51,2,92.92,82.54,12,13,51,3,157,30,8,0.1378,2620,POST,7,0,1,TRAFFIC_ANOMALY
user-160,2026-09-28 10:19:34.340119,340,3447,3042,369113,231552,224,53,19,22,HTTPS,55,6,1,277,8,17,0,0,0,1,34,1,56.16,83.14,18,9,177,1,344,86,6,0.0604,7539,PATCH,4,3,1,TRAFFIC_ANOMALY
user-098,2026-09-28 10:20:34.340119,445,3745,2343,762129,519716,129,52,16,25,HTTPS,93,3,1,36,10,13,1,0,0,0,55,13,72.01,93.75,11,8,163,6,83,30,15,0.2167,9399,GET,7,4,1,TRAFFIC_ANOMALY
user-039,2026-09-28 10:21:34.340119,293,5057,2624,872612,497896,179,13,14,46,SSH,53,5,4,45,5,3,0,0,0,0,38,8,60.29,70.03,11,10,120,3,330,83,8,0.1382,6626,PATCH,8,1,1,TRAFFIC_ANOMALY
user-057,2026-09-28 10:22:34.340119,194,3334,5426,279709,233239,205,60,22,19,DNS,96,7,3,234,13,18,1,0,0,0,38,8,80.16,86.09,19,15,73,5,260,70,19,0.1419,7428,GET,4,3,1,TRAFFIC_ANOMALY
user-065,2026-09-28 10:23:34.340119,447,3178,3273,201438,219862,89,54,16,25,HTTP,51,7,1,248,7,18,0,1,0,0,52,0,75.85,70.08,2,24,210,4,142,28,16,0.1863,5479,GET,6,0,1,TRAFFIC_ANOMALY
user-108,2026-09-28 10:24:34.340119,242,5405,2885,697609,347533,214,89,7,51,HTTPS,100,3,4,138,2,25,0,0,1,0,44,7,75.77,86.0,7,25,175,5,239,76,16,0.1432,4127,GET,7,4,1,TRAFFIC_ANOMALY
user-185,2026-09-28 10:25:34.340119,170,3186,4604,807421,728579,262,32,24,57,HTTP,76,7,0,49,13,25,1,0,1,0,41,12,67.99,65.76,10,16,200,7,266,48,5,0.1585,9779,GET,7,2,1,TRAFFIC_ANOMALY
user-005,2026-09-28 10:26:34.340119,154,2896,5153,719260,315814,272,30,19,21,HTTPS,42,7,4,56,4,9,0,1,1,0,32,0,76.65,62.46,4,8,72,6,188,59,18,0.2349,7337,GET,7,0,1,TRAFFIC_ANOMALY
user-059,2026-09-28 10:27:34.340119,432,5241,4136,393994,665443,98,88,5,52,HTTPS,94,6,1,97,10,16,1,0,0,2,48,4,90.68,73.16,19,17,206,3,268,57,10,0.1142,6392,PUT,1,3,1,TRAFFIC_ANOMALY
user-176,2026-09-28 10:28:34.340119,233,3740,4740,342447,725253,84,40,6,54,HTTPS,100,5,5,53,7,15,0,0,0,0,42,11,67.69,63.0,7,13,167,3,96,50,15,0.2591,8988,GET,5,4,1,TRAFFIC_ANOMALY
user-071,2026-09-28 10:29:34.340119,240,4978,3099,299189,240035,100,17,9,28,DNS,41,8,1,289,12,23,0,0,0,0,58,9,88.04,72.39,8,21,220,2,155,76,5,0.1363,6893,GET,4,2,1,TRAFFIC_ANOMALY
user-054,2026-09-28 10:30:34.340119,445,4089,2141,456772,440279,150,74,23,11,HTTPS,73,5,4,286,13,10,1,0,1,0,29,6,94.38,91.06,17,6,211,7,345,80,16,0.2081,6701,GET,6,1,1,TRAFFIC_ANOMALY
user-126,2026-09-28 10:31:34.340119,224,1908,1527,583384,522652,220,56,23,38,TCP,29,5,4,38,7,13,0,0,0,1,44,13,59.4,87.01,10,7,56,6,332,23,10,0.2371,4416,GET,1,2,1,TRAFFIC_ANOMALY
user-149,2026-09-28 10:32:34.340119,186,2159,3079,387220,188579,143,25,16,40,HTTP,93,5,3,234,12,6,0,0,1,2,63,8,72.62,56.56,14,13,181,4,235,25,6,0.2192,7780,POST,5,0,1,TRAFFIC_ANOMALY
user-085,2026-09-28 10:33:34.340119,453,3278,4572,697563,781164,257,83,22,42,SSH,49,5,5,251,10,8,1,1,1,1,38,5,59.08,85.42,17,21,153,7,310,89,18,0.2577,3043,GET,6,2,1,TRAFFIC_ANOMALY
user-044,2026-09-28 10:34:34.340119,423,4591,5069,433909,417757,237,20,8,53,HTTPS,43,5,2,34,6,10,1,0,0,0,59,2,73.86,90.12,7,18,82,5,265,53,5,0.2183,5162,GET,3,3,1,TRAFFIC_ANOMALY
user-069,2026-09-28 10:35:34.340119,259,5179,3601,659155,510870,86,30,24,34,SSH,75,8,2,194,4,23,1,1,0,0,63,12,58.9,69.1,3,10,218,6,312,80,17,0.1298,5569,GET,7,5,1,TRAFFIC_ANOMALY
user-081,2026-09-28 10:36:34.340119,296,4839,5091,498702,332527,218,82,12,18,HTTP,40,6,2,272,5,9,0,1,1,0,53,3,63.26,88.5,20,18,130,5,349,36,14,0.245,2893,PUT,2,4,1,TRAFFIC_ANOMALY
user-104,2026-09-28 10:37:34.340119,492,5851,2205,760197,190298,213,35,25,31,SSH,77,6,1,153,6,23,0,1,0,0,53,9,75.31,85.26,7,20,192,4,158,58,6,0.2186,9526,GET,1,1,1,TRAFFIC_ANOMALY
user-136,2026-09-28 10:38:34.340119,156,3492,2364,869816,554401,213,53,18,38,HTTP,79,5,1,230,6,9,1,0,0,0,36,4,56.77,74.06,4,7,51,6,192,66,11,0.0647,9920,GET,4,4,1,TRAFFIC_ANOMALY
user-139,2026-09-28 10:39:34.340119,189,1506,3342,888741,757033,186,22,16,17,HTTPS,93,2,4,241,7,16,0,0,0,0,39,1,90.26,75.41,10,13,72,4,326,55,13,0.1176,5522,GET,6,4,1,TRAFFIC_ANOMALY
user-035,2026-09-28 10:40:34.340119,380,3722,5353,452898,790111,146,23,6,52,HTTPS,88,3,4,253,10,12,1,0,0,1,51,4,84.05,68.57,10,22,97,2,140,31,9,0.0627,5898,GET,6,2,1,TRAFFIC_ANOMALY
user-098,2026-09-28 10:41:34.340119,440,4840,4487,542788,610135,267,15,7,12,HTTPS,52,3,1,149,9,9,0,0,0,0,46,4,94.27,65.79,7,16,163,3,138,27,13,0.188,9696,GET,5,4,1,TRAFFIC_ANOMALY
user-062,2026-09-28 10:42:34.340119,348,1758,5415,837997,353624,113,89,20,16,HTTPS,70,7,3,32,8,21,0,1,0,0,44,3,85.31,86.99,12,20,203,2,330,38,4,0.0906,1646,POST,2,0,1,TRAFFIC_ANOMALY
user-120,2026-09-28 10:43:34.340119,327,3884,1229,485172,535652,157,89,22,43,HTTPS,39,4,2,249,6,4,1,0,0,0,41,10,90.82,79.62,19,8,185,4,188,67,14,0.2363,1092,GET,7,0,1,TRAFFIC_ANOMALY
user-087,2026-09-28 10:44:34.340119,474,5276,1624,407253,352300,283,38,8,52,TCP,89,7,1,74,12,23,0,0,0,2,52,2,87.74,59.21,18,24,127,7,209,31,8,0.2203,9455,GET,7,2,1,TRAFFIC_ANOMALY
user-128,2026-09-28 10:45:34.340119,462,5025,3047,849684,625731,105,11,19,26,TCP,21,4,4,66,8,15,1,0,0,0,44,6,85.41,72.32,13,14,154,1,250,81,20,0.2646,4275,GET,5,3,1,TRAFFIC_ANOMALY
user-066,2026-09-28 10:46:34.340119,451,2829,5290,335845,459872,84,82,13,24,HTTPS,36,7,4,24,9,24,1,0,1,0,56,9,96.76,78.04,8,22,197,7,306,38,17,0.0628,3813,POST,7,4,1,TRAFFIC_ANOMALY
user-019,2026-09-28 10:47:34.340119,484,1974,1949,622344,784797,94,89,22,22,DNS,92,6,3,99,7,7,0,0,0,0,54,5,89.4,84.79,5,6,77,5,342,57,13,0.2556,9555,GET,4,1,1,TRAFFIC_ANOMALY
user-012,2026-09-28 10:48:34.340119,165,2201,4923,812594,727511,266,14,13,14,HTTPS,53,4,2,32,2,23,0,0,0,0,50,12,90.12,93.25,3,20,103,5,202,42,15,0.1226,4384,GET,2,4,1,TRAFFIC_ANOMALY
user-148,2026-09-28 10:49:34.340119,293,5472,5171,640564,425233,129,49,25,22,HTTPS,68,4,1,88,12,15,0,1,0,2,52,6,78.84,77.2,17,9,131,7,248,81,18,0.0981,5430,POST,8,3,1,TRAFFIC_ANOMALY
user-141,2026-09-28 10:50:34.340119,418,1739,2169,522129,673610,174,66,19,30,TCP,74,4,2,271,3,25,0,1,1,0,38,11,74.19,87.34,17,19,155,3,161,58,14,0.201,2187,DELETE,2,3,1,TRAFFIC_ANOMALY
user-101,2026-09-28 10:51:34.340119,316,3586,2926,262325,733723,285,27,24,55,DNS,89,3,5,206,4,11,0,0,1,0,50,9,61.33,59.77,18,7,74,5,170,45,20,0.2109,1832,POST,6,5,1,TRAFFIC_ANOMALY
user-155,2026-09-28 10:52:34.340119,216,5918,4780,387738,739550,204,36,10,38,HTTPS,24,3,0,298,8,12,0,0,0,0,63,14,66.09,62.77,5,13,69,7,208,56,5,0.2602,4510,DELETE,1,3,1,TRAFFIC_ANOMALY
user-179,2026-09-28 10:53:34.340119,255,4073,5110,575264,553452,114,37,7,24,HTTP,63,4,4,233,5,21,1,0,0,0,47,10,69.33,87.34,6,16,72,3,241,20,13,0.1284,8169,GET,4,1,1,TRAFFIC_ANOMALY
user-115,2026-09-28 10:54:34.340119,236,5853,4266,543989,457631,174,86,20,41,HTTPS,66,7,4,75,14,20,0,1,0,0,66,2,58.74,93.24,15,21,52,4,289,32,5,0.0681,7999,POST,2,1,1,TRAFFIC_ANOMALY
user-104,2026-09-28 10:55:34.340119,258,3310,4423,375712,401924,181,38,24,38,HTTPS,21,7,4,167,6,24,0,1,1,0,45,5,88.86,80.77,5,11,105,3,282,83,12,0.2797,5068,GET,5,4,1,TRAFFIC_ANOMALY
user-071,2026-09-28 10:56:34.340119,476,2791,4323,405683,350550,240,35,7,12,HTTPS,93,3,4,21,6,6,0,1,1,1,50,11,72.0,66.6,20,12,147,7,150,86,20,0.1968,7821,POST,3,2,1,TRAFFIC_ANOMALY
user-195,2026-09-28 10:57:34.340119,402,4106,2544,596855,181359,212,35,6,15,HTTP,54,4,0,242,9,12,0,0,0,0,38,0,95.1,67.24,7,16,179,4,203,47,15,0.224,8147,POST,5,0,1,TRAFFIC_ANOMALY
user-046,2026-09-28 10:58:34.340119,485,4165,4156,211277,397721,168,11,15,48,HTTPS,87,6,1,169,10,14,1,0,0,1,38,11,79.16,66.84,9,23,153,5,307,80,20,0.2888,7455,GET,2,3,1,TRAFFIC_ANOMALY
user-195,2026-09-28 10:59:34.340119,253,5852,2842,316877,661611,84,6,7,31,HTTPS,72,3,4,199,3,21,1,0,1,0,64,3,75.31,72.01,15,20,165,3,118,73,15,0.1478,2255,PATCH,8,2,1,TRAFFIC_ANOMALY
user-198,2026-09-28 11:00:34.340119,162,5359,2433,475855,762019,83,89,10,40,DNS,77,7,3,63,11,18,0,0,0,0,44,1,95.26,87.89,13,17,134,2,107,29,19,0.1394,4050,GET,8,1,1,TRAFFIC_ANOMALY
user-063,2026-09-28 11:01:34.340119,282,2193,3343,803862,756911,284,23,15,20,TCP,54,7,4,181,3,7,0,0,0,1,58,12,61.38,93.5,11,7,148,3,308,89,14,0.2527,7686,POST,2,0,1,TRAFFIC_ANOMALY
user-010,2026-09-28 11:02:34.340119,384,4533,3577,851502,374549,206,22,9,37,HTTP,72,3,1,273,4,3,1,1,0,0,44,4,58.35,93.81,5,8,133,7,246,61,18,0.2601,2591,PUT,4,4,1,TRAFFIC_ANOMALY
user-020,2026-09-28 11:03:34.340119,475,3529,3371,281485,584740,121,41,23,10,DNS,22,7,3,256,15,4,0,0,1,0,36,11,87.36,82.08,3,21,147,4,122,36,5,0.1919,6082,POST,1,0,1,TRAFFIC_ANOMALY
user-051,2026-09-28 11:04:34.340119,303,3752,2399,239714,429100,168,12,13,25,TCP,59,6,3,215,13,21,0,0,0,1,56,8,87.77,71.05,15,22,120,5,232,67,8,0.2357,6710,GET,3,0,1,TRAFFIC_ANOMALY
user-149,2026-09-28 11:05:34.340119,204,5065,2278,868315,625319,202,22,23,11,HTTPS,100,7,5,263,6,19,1,0,1,0,51,10,79.3,75.38,2,10,147,2,143,51,15,0.0964,3948,GET,5,4,1,TRAFFIC_ANOMALY
user-084,2026-09-28 11:06:34.340119,300,5855,3412,472289,184186,136,66,22,35,DNS,36,8,3,112,14,7,0,0,0,1,42,4,67.35,66.48,12,21,74,5,100,72,10,0.2799,4262,DELETE,2,1,1,TRAFFIC_ANOMALY
user-185,2026-09-28 11:07:34.340119,481,2582,5053,746020,191049,87,71,17,46,TCP,50,3,1,60,15,5,0,0,0,0,56,0,67.32,77.99,4,17,151,6,293,50,11,0.146,4547,GET,5,3,1,TRAFFIC_ANOMALY
user-126,2026-09-28 11:08:34.340119,184,1755,4046,871305,523972,275,71,17,28,HTTPS,66,6,4,240,13,6,1,0,0,0,46,5,95.99,93.7,4,23,138,3,276,52,9,0.2858,1753,GET,2,3,1,TRAFFIC_ANOMALY
user-044,2026-09-28 11:09:34.340119,184,5057,2496,849410,329901,162,63,13,38,HTTP,20,7,3,56,9,20,0,1,0,2,59,2,84.42,66.44,6,23,203,2,66,27,8,0.1241,6754,POST,6,2,1,TRAFFIC_ANOMALY
user-124,2026-09-28 11:10:34.340119,296,4733,1563,375290,230007,235,21,18,24,HTTPS,52,6,2,22,6,17,0,0,1,0,65,8,86.41,92.72,4,14,53,6,190,20,9,0.2403,4701,GET,6,2,1,TRAFFIC_ANOMALY
user-196,2026-09-28 11:11:34.340119,464,1445,1693,819067,585123,171,49,13,20,HTTPS,91,3,4,119,3,17,1,1,0,1,35,4,67.96,87.96,7,10,155,5,260,37,14,0.2526,4669,GET,4,4,1,TRAFFIC_ANOMALY
user-015,2026-09-28 11:12:34.340119,435,1985,2603,632882,720262,116,8,23,17,HTTPS,87,6,2,143,9,19,0,1,0,0,33,8,88.85,64.76,18,23,90,2,345,37,5,0.2594,4976,PUT,2,1,1,TRAFFIC_ANOMALY
user-054,2026-09-28 11:13:34.340119,286,1998,1409,477662,404321,199,55,22,48,HTTP,63,7,1,53,5,12,1,0,0,0,44,8,80.46,77.07,19,12,151,6,278,45,14,0.1397,8288,GET,7,1,1,TRAFFIC_ANOMALY
user-136,2026-09-28 11:14:34.340119,409,2970,2522,551485,638792,120,57,13,21,HTTP,72,4,5,110,4,14,0,0,0,0,45,10,91.79,57.45,10,10,157,5,218,31,15,0.2155,8678,POST,6,0,1,TRAFFIC_ANOMALY
user-106,2026-09-28 11:15:34.340119,238,2286,4832,213168,525459,166,87,9,21,TCP,92,7,2,289,12,10,1,0,0,0,51,11,72.76,87.47,9,13,159,2,188,42,4,0.2175,9485,PUT,1,0,1,TRAFFIC_ANOMALY
user-036,2026-09-28 11:16:34.340119,281,1259,1633,531120,760648,272,18,22,16,SSH,74,2,4,69,4,6,1,0,1,0,57,12,90.77,82.66,18,16,73,5,97,73,20,0.1249,7708,POST,4,1,1,TRAFFIC_ANOMALY
user-165,2026-09-28 11:17:34.340119,251,5058,2156,230190,279570,206,17,20,34,TCP,95,6,5,238,2,16,1,0,0,0,37,12,83.88,70.73,16,11,111,6,317,38,20,0.1691,3299,GET,6,3,1,TRAFFIC_ANOMALY
user-023,2026-09-28 11:18:34.340119,195,5887,4991,881542,609777,290,58,17,39,HTTPS,64,3,1,247,4,23,0,0,0,0,48,8,64.29,68.16,12,5,95,4,79,71,11,0.0968,5694,GET,3,5,1,TRAFFIC_ANOMALY
user-169,2026-09-28 11:19:34.340119,166,5461,4571,480300,582746,197,58,8,43,HTTPS,35,8,3,205,9,21,1,1,1,1,57,5,93.39,77.99,9,10,156,1,67,42,19,0.2482,7892,POST,6,4,1,TRAFFIC_ANOMALY
user-177,2026-09-28 11:20:34.340119,267,5267,3775,466981,417004,119,70,9,52,HTTPS,50,5,1,222,15,7,1,1,1,0,53,2,79.55,68.2,5,24,149,2,255,41,19,0.2052,2464,GET,8,4,1,TRAFFIC_ANOMALY
user-036,2026-09-28 11:21:34.340119,315,5462,3696,482653,456248,127,80,19,13,HTTP,24,5,2,124,15,5,1,0,0,0,53,9,71.49,85.29,14,20,88,6,233,72,7,0.1098,9198,GET,2,1,1,TRAFFIC_ANOMALY
user-019,2026-09-28 11:22:34.340119,259,5009,5336,737323,223131,119,34,23,11,HTTPS,63,8,3,129,5,9,1,1,0,0,42,10,79.99,89.54,19,23,137,8,255,85,13,0.2346,2359,POST,6,0,1,TRAFFIC_ANOMALY
user-193,2026-09-28 11:23:34.340119,456,2379,3579,805198,614634,230,81,14,50,TCP,89,4,1,158,8,20,0,0,0,1,51,3,79.71,59.73,16,5,195,5,334,21,9,0.2583,3047,POST,6,0,1,TRAFFIC_ANOMALY
user-157,2026-09-28 11:24:34.340119,434,4320,4835,503745,604475,194,80,18,28,TCP,87,4,3,32,10,10,1,0,1,0,52,11,69.99,90.57,3,7,74,2,296,37,8,0.1569,7106,GET,4,0,1,TRAFFIC_ANOMALY
user-086,2026-09-28 11:25:34.340119,214,1457,1225,486018,659888,167,42,20,18,DNS,99,4,3,56,5,7,0,0,1,0,46,8,97.83,58.82,15,18,160,3,333,53,20,0.1985,8099,PATCH,4,3,1,TRAFFIC_ANOMALY
user-076,2026-09-28 11:26:34.340119,472,5679,3718,724605,689928,277,65,23,21,DNS,24,5,4,124,14,6,1,0,0,0,65,13,89.38,72.57,4,14,60,3,250,46,18,0.1293,2416,GET,5,0,1,TRAFFIC_ANOMALY
user-194,2026-09-28 11:27:34.340119,458,4395,1486,661536,266356,107,18,13,52,HTTP,95,4,3,54,9,15,1,0,1,0,43,12,88.15,60.57,2,22,188,2,190,50,8,0.2967,1374,GET,7,5,1,TRAFFIC_ANOMALY
user-013,2026-09-28 11:28:34.340119,274,5693,5345,400938,682912,93,50,21,11,HTTPS,38,7,2,267,7,6,1,0,0,0,49,9,67.39,77.86,7,24,203,5,213,71,17,0.0731,6755,GET,4,3,1,TRAFFIC_ANOMALY
user-080,2026-09-28 11:29:34.340119,426,2558,1851,414509,566888,103,32,5,20,HTTP,51,7,1,230,5,14,0,0,1,0,51,12,79.75,84.04,2,9,150,5,80,57,19,0.1359,1337,GET,3,3,1,TRAFFIC_ANOMALY
user-029,2026-09-28 11:30:34.340119,370,2206,2389,349474,448663,125,25,17,54,DNS,84,5,1,187,3,23,0,1,0,1,31,10,89.61,78.67,2,18,89,7,180,77,6,0.2362,6479,PUT,3,2,1,TRAFFIC_ANOMALY
user-013,2026-09-28 11:31:34.340119,497,1789,4650,479121,562770,121,71,23,46,HTTPS,79,7,2,25,12,4,1,0,1,0,44,8,64.53,63.48,15,17,102,2,275,68,20,0.2466,5804,POST,3,5,1,TRAFFIC_ANOMALY
user-093,2026-09-28 11:32:34.340119,307,2577,2061,419531,333058,164,81,8,56,SSH,62,4,3,281,5,14,1,0,1,2,54,6,85.28,63.82,10,13,79,4,268,48,12,0.1641,5538,POST,3,4,1,TRAFFIC_ANOMALY
user-038,2026-09-28 11:33:34.340119,223,3411,2749,221637,181572,259,73,10,46,SSH,66,4,1,260,9,7,0,0,0,0,45,5,55.52,69.05,7,14,70,4,139,86,5,0.173,7691,GET,4,3,1,TRAFFIC_ANOMALY
user-158,2026-09-28 11:34:34.340119,391,3287,3818,500006,729260,244,14,11,33,HTTPS,76,6,2,164,3,9,1,0,0,0,50,7,72.9,88.61,4,6,152,6,182,47,6,0.2845,8120,GET,3,1,1,TRAFFIC_ANOMALY
user-035,2026-09-28 11:35:34.340119,286,3994,4516,616981,724525,165,32,24,47,TCP,99,6,4,114,8,14,0,1,0,1,51,0,61.21,92.59,19,14,211,5,77,51,11,0.1917,7302,GET,7,2,1,TRAFFIC_ANOMALY
user-095,2026-09-28 11:36:34.340119,233,3976,3129,604813,450745,201,71,15,18,TCP,72,7,2,300,7,4,0,0,0,0,41,3,74.82,66.75,20,7,209,2,262,59,11,0.0701,6048,GET,5,2,1,TRAFFIC_ANOMALY
user-051,2026-09-28 11:37:34.340119,216,5322,1484,325397,272928,117,24,6,57,HTTPS,44,6,0,136,2,9,0,0,1,0,49,1,83.09,91.68,16,23,61,3,113,84,17,0.1898,3650,GET,2,4,1,TRAFFIC_ANOMALY
user-147,2026-09-28 11:38:34.340119,306,3067,2035,548770,413823,113,89,7,17,HTTPS,98,4,1,21,13,18,0,0,0,1,48,6,55.17,89.59,7,22,161,4,160,88,4,0.1553,7445,POST,3,1,1,TRAFFIC_ANOMALY
user-084,2026-09-28 11:39:34.340119,487,1923,2881,642980,358934,108,72,18,49,DNS,99,6,4,67,13,4,1,1,0,0,56,10,95.23,83.8,7,11,126,3,317,85,9,0.1236,9664,PUT,4,3,1,TRAFFIC_ANOMALY
user-108,2026-09-28 11:40:34.340119,405,5720,3143,383325,233171,295,36,8,38,HTTPS,78,7,1,45,10,23,0,0,0,0,60,5,65.55,88.28,12,13,51,2,265,69,10,0.1398,6439,GET,4,2,1,TRAFFIC_ANOMALY
user-119,2026-09-28 11:41:34.340119,421,5754,2634,287129,745908,148,24,21,24,HTTPS,27,4,2,253,12,4,0,1,0,1,57,2,72.49,60.46,13,17,86,4,273,49,16,0.2124,5316,GET,5,4,1,TRAFFIC_ANOMALY
user-184,2026-09-28 11:42:34.340119,469,3394,2225,541579,686629,281,80,21,54,DNS,57,6,2,259,13,17,1,0,0,0,59,3,73.3,71.05,15,24,105,1,315,47,12,0.2572,7147,DELETE,4,4,1,TRAFFIC_ANOMALY
user-167,2026-09-28 11:43:34.340119,397,4053,2852,498309,556560,81,53,17,57,TCP,24,2,5,264,6,6,0,1,0,1,44,2,57.17,56.55,15,20,120,2,161,51,5,0.2563,1519,GET,5,2,1,TRAFFIC_ANOMALY
user-156,2026-09-28 11:44:34.340119,242,3280,3601,585435,276508,229,80,7,36,DNS,60,7,1,243,10,19,0,0,0,0,62,11,58.22,93.44,7,22,87,7,284,47,9,0.2944,2114,GET,2,4,1,TRAFFIC_ANOMALY
user-164,2026-09-28 11:45:34.340119,488,4335,4486,267390,483921,81,59,24,47,HTTPS,94,5,4,30,12,13,1,0,0,1,48,3,86.95,70.94,13,20,198,4,69,31,16,0.243,2673,GET,6,4,1,TRAFFIC_ANOMALY
user-103,2026-09-28 11:46:34.340119,333,3305,3898,372807,335641,233,23,15,44,HTTP,34,2,3,43,12,14,0,0,0,1,53,7,61.01,64.31,15,6,82,4,79,31,12,0.277,1671,GET,1,4,1,TRAFFIC_ANOMALY
user-150,2026-09-28 11:47:34.340119,341,2090,2656,811885,478901,147,30,23,33,HTTPS,64,8,2,120,6,21,1,0,0,0,35,13,80.63,90.15,4,20,107,2,270,85,19,0.0914,7853,GET,7,1,1,TRAFFIC_ANOMALY
user-050,2026-09-28 11:48:34.340119,317,1944,1534,445039,427225,228,15,8,45,HTTP,42,6,1,101,14,13,0,0,0,0,37,13,90.52,64.53,3,25,81,4,117,82,16,0.0591,3270,PATCH,2,3,1,TRAFFIC_ANOMALY
user-093,2026-09-28 11:49:34.340119,451,3228,1569,799015,291993,199,42,15,13,HTTPS,27,7,4,102,7,10,0,0,0,2,45,0,62.85,59.18,13,22,178,7,170,71,9,0.1883,8037,GET,2,0,1,TRAFFIC_ANOMALY
user-097,2026-09-28 11:50:34.340119,363,2216,1686,764841,404635,227,29,17,55,HTTPS,60,7,3,187,14,9,0,0,0,0,36,1,90.64,93.06,7,22,196,7,191,87,10,0.0783,2840,GET,7,3,1,TRAFFIC_ANOMALY
user-058,2026-09-28 11:51:34.340119,313,5643,3192,317975,250809,91,11,24,55,HTTPS,78,4,5,148,14,24,0,1,0,0,32,9,61.44,73.08,8,13,200,4,254,23,12,0.1805,2951,POST,7,5,1,TRAFFIC_ANOMALY
user-014,2026-09-28 11:52:34.340119,222,3383,2907,705439,579831,222,34,12,35,SSH,71,7,2,298,8,6,1,0,0,0,58,3,92.05,60.88,14,22,92,4,204,29,6,0.1472,7910,GET,6,5,1,TRAFFIC_ANOMALY
user-131,2026-09-28 11:53:34.340119,368,4853,5190,296832,738143,142,79,9,58,TCP,64,4,1,182,14,6,1,1,0,0,59,4,75.37,88.02,16,9,135,4,198,56,18,0.1211,1559,PUT,3,1,1,TRAFFIC_ANOMALY
user-121,2026-09-28 11:54:34.340119,345,3055,2207,837778,394030,200,63,20,30,HTTPS,65,8,5,158,14,21,0,0,1,1,61,12,73.16,70.88,17,5,129,6,318,77,19,0.2429,1709,GET,4,4,1,TRAFFIC_ANOMALY
user-010,2026-09-28 11:55:34.340119,312,3590,4804,442620,457377,81,29,16,46,HTTP,24,5,5,118,4,10,1,0,1,0,39,7,91.7,58.98,15,22,136,6,63,53,9,0.2513,7918,POST,2,3,1,TRAFFIC_ANOMALY
user-064,2026-09-28 11:56:34.340119,313,4334,2901,466394,631270,114,74,13,49,DNS,76,3,3,259,9,7,0,0,1,1,40,11,73.59,78.94,15,15,214,4,299,36,15,0.0862,8733,GET,3,2,1,TRAFFIC_ANOMALY
user-092,2026-09-28 11:57:34.340119,153,2907,3417,305721,791787,220,56,5,41,HTTPS,60,3,1,208,11,10,1,1,0,1,47,5,57.97,87.01,6,20,72,3,190,52,17,0.0899,1818,GET,2,0,1,TRAFFIC_ANOMALY
user-034,2026-09-28 11:58:34.340119,188,2756,4212,632649,279543,171,56,5,17,HTTPS,85,5,3,116,7,9,1,0,0,0,60,12,82.97,79.61,10,22,119,3,132,69,19,0.2435,1197,GET,5,3,1,TRAFFIC_ANOMALY
user-161,2026-09-28 11:59:34.340119,387,4164,1473,545141,401343,233,17,16,44,HTTPS,64,4,3,185,2,9,1,0,1,1,67,12,76.05,68.4,8,19,124,1,290,31,15,0.1638,3670,POST,2,1,1,TRAFFIC_ANOMALY
user-065,2026-09-28 12:00:34.340119,268,1301,1730,403189,634620,250,52,10,49,HTTPS,94,6,5,118,2,9,1,0,0,3,33,2,91.09,61.38,9,22,203,3,68,83,7,0.1846,4465,POST,5,4,1,TRAFFIC_ANOMALY
user-080,2026-09-28 12:01:34.340119,219,4160,4268,691284,418430,212,39,15,47,HTTPS,37,5,1,115,10,6,0,1,0,1,44,11,85.81,82.72,6,19,187,7,181,45,14,0.2171,1065,PUT,5,1,1,TRAFFIC_ANOMALY
user-188,2026-09-28 12:02:34.340119,344,1556,1041,256685,183546,112,82,25,55,DNS,82,5,2,23,7,9,0,1,0,1,60,12,83.57,55.02,9,8,166,6,116,61,10,0.1825,7092,POST,6,4,1,TRAFFIC_ANOMALY
user-027,2026-09-28 12:03:34.340119,336,1931,4594,652522,688389,210,73,25,38,HTTPS,38,5,3,230,4,13,1,1,0,0,36,13,75.14,89.94,11,14,199,5,272,30,20,0.1477,6761,GET,4,3,1,TRAFFIC_ANOMALY
user-002,2026-09-28 12:04:34.340119,419,5319,3917,629303,395646,175,44,18,17,DNS,74,8,3,87,3,16,0,0,0,0,34,5,59.86,64.59,5,24,173,7,306,71,14,0.0821,1859,PATCH,4,2,1,TRAFFIC_ANOMALY
user-017,2026-09-28 12:05:34.340119,236,1352,5424,773174,621298,82,58,20,39,HTTPS,39,4,4,24,6,4,1,1,1,1,62,4,94.32,91.82,11,23,218,4,77,71,14,0.243,7675,POST,6,2,1,TRAFFIC_ANOMALY
user-184,2026-09-28 12:06:34.340119,273,3638,4963,262936,274794,296,69,10,52,HTTPS,55,4,2,138,3,22,1,0,0,0,30,14,64.29,83.41,4,17,207,8,132,61,7,0.0917,8332,GET,4,1,1,TRAFFIC_ANOMALY
user-105,2026-09-28 12:07:34.340119,385,2256,3644,814046,237684,278,67,5,12,TCP,29,3,1,257,10,12,0,0,0,0,49,9,68.06,89.49,7,17,79,8,250,62,10,0.0545,3855,PATCH,5,4,1,TRAFFIC_ANOMALY
user-148,2026-09-28 12:08:34.340119,461,3318,2001,548279,695195,162,29,23,21,HTTPS,31,5,5,41,12,23,0,0,0,0,41,5,95.7,63.87,12,16,179,4,339,49,6,0.2747,9372,DELETE,5,2,1,TRAFFIC_ANOMALY
user-108,2026-09-28 12:09:34.340119,202,4946,3908,350889,455265,270,60,13,19,SSH,66,6,1,191,7,19,0,0,0,0,47,1,55.46,63.61,17,23,176,7,204,71,17,0.1018,1448,GET,8,4,1,TRAFFIC_ANOMALY
user-082,2026-09-28 12:10:34.340119,418,3977,4416,220150,284958,124,22,9,12,HTTPS,37,4,1,124,12,3,1,0,0,0,40,9,81.85,58.91,2,12,124,6,144,50,5,0.2832,8024,POST,7,4,1,TRAFFIC_ANOMALY
user-087,2026-09-28 12:11:34.340119,426,3570,1702,299870,623497,92,65,17,47,HTTPS,88,3,1,96,11,21,0,1,1,1,68,4,88.81,87.81,15,21,163,5,80,31,17,0.1342,7908,DELETE,1,1,1,TRAFFIC_ANOMALY
user-065,2026-09-28 12:12:34.340119,404,2670,2145,371632,446858,100,52,15,13,HTTP,23,7,1,124,3,15,1,0,0,1,63,14,66.44,82.54,16,20,119,6,277,84,17,0.2766,9054,PUT,2,2,1,TRAFFIC_ANOMALY
user-005,2026-09-28 12:13:34.340119,322,2777,1855,883980,603111,85,39,11,29,HTTPS,100,4,3,175,11,3,0,0,0,0,44,3,61.76,72.13,19,23,188,5,73,64,5,0.1278,5373,GET,7,1,1,TRAFFIC_ANOMALY
user-154,2026-09-28 12:14:34.340119,444,4447,4021,398639,403583,146,23,18,58,HTTPS,46,8,3,137,11,5,1,0,1,0,47,8,87.0,72.55,12,7,134,6,66,49,19,0.1227,7198,POST,4,0,1,TRAFFIC_ANOMALY
user-067,2026-09-28 12:15:34.340119,488,2285,3964,324289,696532,105,74,11,49,HTTPS,85,6,3,138,9,4,0,1,0,1,32,13,71.37,76.94,7,7,146,3,147,76,11,0.1896,3595,GET,8,3,1,TRAFFIC_ANOMALY
user-053,2026-09-28 12:16:34.340119,486,3496,3828,745630,431559,187,51,13,28,HTTPS,41,7,5,149,8,25,1,0,0,0,40,6,93.46,61.74,4,13,88,4,72,30,9,0.219,1360,PATCH,7,2,1,TRAFFIC_ANOMALY
user-045,2026-09-28 12:17:34.340119,240,5821,2969,318288,681528,236,16,19,53,HTTP,75,7,3,226,13,21,0,1,1,2,55,8,93.56,60.27,7,10,61,7,86,68,7,0.2119,9888,GET,3,1,1,TRAFFIC_ANOMALY
user-015,2026-09-28 12:18:34.340119,236,5227,3885,770245,244564,299,74,14,45,HTTPS,84,5,5,222,6,17,0,1,1,0,37,13,73.24,84.35,16,22,160,4,156,23,16,0.1507,9737,PUT,6,2,1,TRAFFIC_ANOMALY
user-086,2026-09-28 12:19:34.340119,234,5341,2192,865053,692080,263,7,23,14,HTTPS,33,4,4,195,3,15,0,0,0,2,49,9,73.44,84.38,17,22,84,6,90,48,18,0.1648,1931,GET,5,1,1,TRAFFIC_ANOMALY
user-026,2026-09-28 12:20:34.340119,386,3225,3946,860458,590193,231,39,23,23,HTTP,23,4,2,237,9,7,0,0,1,0,52,6,59.51,78.68,18,18,82,1,217,58,5,0.2273,6108,GET,4,4,1,TRAFFIC_ANOMALY
user-159,2026-09-28 12:21:34.340119,279,4535,1749,666410,723835,217,7,19,33,HTTP,38,5,5,58,11,9,0,0,0,0,40,11,58.1,82.63,3,23,180,7,343,39,16,0.2339,9915,PATCH,3,1,1,TRAFFIC_ANOMALY
user-169,2026-09-28 12:22:34.340119,328,5564,5255,369016,778104,163,84,23,50,SSH,49,5,2,174,8,22,1,0,0,0,48,14,88.75,82.32,8,15,174,7,70,85,13,0.0994,9617,GET,7,4,1,TRAFFIC_ANOMALY
user-023,2026-09-28 12:23:34.340119,475,5651,4814,812924,270796,278,32,23,59,HTTPS,32,4,2,278,2,22,0,1,1,0,52,1,77.07,73.35,12,15,162,5,136,46,18,0.1818,3674,POST,7,4,1,TRAFFIC_ANOMALY
user-115,2026-09-28 12:24:34.340119,359,4387,4580,646673,445871,114,69,12,26,HTTPS,35,5,1,295,8,23,0,1,1,1,37,8,72.67,93.7,5,17,216,4,257,86,17,0.2995,2472,GET,6,0,1,TRAFFIC_ANOMALY
user-032,2026-09-28 12:25:34.340119,497,5683,3316,545359,312491,110,83,14,48,HTTPS,39,6,4,226,9,10,0,0,0,0,49,11,63.72,56.92,3,15,125,6,246,74,13,0.1265,6749,POST,6,4,1,TRAFFIC_ANOMALY
user-094,2026-09-28 12:26:34.340119,349,5902,2185,603778,214766,250,10,19,54,SSH,87,4,1,244,8,10,0,0,0,0,47,0,79.47,87.31,8,5,195,3,249,66,12,0.1325,6464,POST,4,2,1,TRAFFIC_ANOMALY
user-001,2026-09-28 12:27:34.340119,307,5552,1396,592744,683132,165,6,23,17,SSH,77,3,2,146,12,18,1,0,0,1,44,11,78.2,55.48,15,8,172,2,335,70,7,0.0952,6538,GET,6,4,1,TRAFFIC_ANOMALY
user-111,2026-09-28 12:28:34.340119,195,4816,3234,369945,721247,154,28,20,33,TCP,74,7,5,75,11,5,1,1,0,0,41,8,75.96,60.19,12,15,86,3,310,87,14,0.2558,8608,PUT,8,1,1,TRAFFIC_ANOMALY
user-158,2026-09-28 12:29:34.340119,344,1582,2919,869112,559556,222,42,12,16,HTTP,68,6,2,260,13,13,1,0,0,1,41,4,86.16,85.28,13,9,147,1,136,86,15,0.2877,9513,PUT,2,1,1,TRAFFIC_ANOMALY
user-151,2026-09-28 12:30:34.340119,347,5072,1406,222941,328116,278,58,13,40,HTTP,67,6,2,113,9,13,0,0,1,0,59,3,81.04,81.7,4,21,160,7,73,85,11,0.141,9387,POST,6,4,1,TRAFFIC_ANOMALY
user-022,2026-09-28 12:31:34.340119,225,5864,5112,898640,379078,282,14,23,10,HTTPS,69,6,0,78,7,13,0,0,0,1,53,5,69.7,62.29,8,16,60,6,246,80,13,0.1576,8253,POST,7,5,1,TRAFFIC_ANOMALY
user-196,2026-09-28 12:32:34.340119,485,2362,1047,733697,567710,126,44,13,15,HTTPS,32,6,5,77,15,17,1,0,0,0,60,9,60.33,63.15,14,18,95,6,87,77,12,0.268,8234,GET,7,1,1,TRAFFIC_ANOMALY
user-088,2026-09-28 12:33:34.340119,256,3902,4349,695072,347560,126,40,17,24,SSH,33,7,3,259,15,23,0,0,0,0,33,2,97.18,92.88,15,22,118,5,144,41,14,0.1001,8226,DELETE,6,5,1,TRAFFIC_ANOMALY
user-023,2026-09-28 12:34:34.340119,430,3710,3655,261018,193649,198,36,19,45,HTTPS,31,6,2,108,7,16,0,1,1,0,54,3,55.65,63.43,13,8,88,4,273,54,16,0.0989,5009,POST,2,1,1,TRAFFIC_ANOMALY
user-067,2026-09-28 12:35:34.340119,468,4872,4415,244247,766103,188,88,12,57,TCP,69,2,1,28,14,19,0,0,1,1,59,2,82.93,77.06,4,25,110,7,335,84,17,0.07,8580,POST,7,3,1,TRAFFIC_ANOMALY
user-107,2026-09-28 12:36:34.340119,351,2609,3593,518402,733739,100,59,25,31,HTTPS,68,8,5,174,13,18,0,0,0,0,44,9,86.38,72.62,19,12,220,5,176,57,6,0.1677,6917,GET,2,5,1,TRAFFIC_ANOMALY
user-041,2026-09-28 12:37:34.340119,190,3580,4406,212854,674724,154,35,10,25,HTTPS,78,3,4,38,10,4,1,0,1,1,53,0,62.05,80.91,14,18,95,6,202,29,14,0.2372,1568,GET,4,2,1,TRAFFIC_ANOMALY
user-143,2026-09-28 12:38:34.340119,208,2720,3385,378004,405709,195,21,10,11,HTTPS,24,8,5,42,8,25,1,0,1,1,49,6,63.94,75.33,2,22,54,4,266,24,13,0.1926,4567,POST,4,4,1,TRAFFIC_ANOMALY
user-026,2026-09-28 12:39:34.340119,200,1398,2971,409195,504739,251,78,13,14,SSH,52,4,3,29,4,23,0,1,0,0,49,12,72.73,79.16,10,12,139,7,108,77,10,0.0722,5770,DELETE,1,2,1,TRAFFIC_ANOMALY
user-190,2026-09-28 12:40:34.340119,434,4438,3614,369364,602654,234,45,25,27,SSH,57,3,1,48,14,5,1,0,0,0,58,6,76.6,80.73,6,10,106,6,114,57,5,0.2118,8609,DELETE,7,3,1,TRAFFIC_ANOMALY
user-193,2026-09-28 12:41:34.340119,398,3878,4303,550940,506185,118,15,6,39,HTTPS,36,4,4,243,4,4,0,1,0,2,38,1,84.51,80.61,19,23,198,4,264,37,6,0.1362,4221,GET,4,4,1,TRAFFIC_ANOMALY
user-035,2026-09-28 12:42:34.340119,257,5529,4383,790134,360708,273,23,22,28,SSH,60,5,2,50,12,7,0,0,0,1,32,13,58.53,82.6,15,22,127,6,316,31,17,0.1259,5966,GET,6,0,1,TRAFFIC_ANOMALY
user-079,2026-09-28 12:43:34.340119,413,2920,4199,402447,637899,288,11,13,25,SSH,72,6,2,94,7,6,0,0,0,0,51,3,80.68,77.71,4,16,162,4,91,33,10,0.0897,2479,GET,6,5,1,TRAFFIC_ANOMALY
user-137,2026-09-28 12:44:34.340119,368,5167,4690,558402,358941,212,16,5,34,HTTPS,60,2,2,225,14,10,1,1,0,1,54,5,89.88,63.45,19,14,217,4,80,32,16,0.1826,1176,POST,2,3,1,TRAFFIC_ANOMALY
user-104,2026-09-28 12:45:34.340119,377,3874,2796,228020,491633,119,14,6,38,SSH,65,6,3,183,14,25,1,0,1,0,48,8,83.2,69.08,2,9,78,3,263,73,5,0.2945,5608,GET,7,0,1,TRAFFIC_ANOMALY
user-166,2026-09-28 12:46:34.340119,438,3168,1889,827197,427299,204,11,21,25,SSH,55,3,4,56,5,13,0,1,1,0,51,6,56.37,81.4,19,12,114,8,210,36,17,0.2377,5186,GET,4,4,1,TRAFFIC_ANOMALY
user-142,2026-09-28 12:47:34.340119,162,2176,5240,441459,274547,95,24,12,39,HTTPS,62,2,4,138,4,6,0,1,1,0,40,3,61.03,79.85,10,7,115,1,341,38,12,0.1717,9173,GET,6,3,1,TRAFFIC_ANOMALY
user-047,2026-09-28 12:48:34.340119,356,4547,3302,229778,627054,90,45,21,51,SSH,81,7,5,148,9,21,0,0,1,1,49,11,58.37,55.62,8,16,172,3,85,57,18,0.2598,5575,POST,1,3,1,TRAFFIC_ANOMALY
user-141,2026-09-28 12:49:34.340119,473,5186,2011,542031,739596,199,62,8,41,HTTPS,70,4,4,89,5,22,0,1,0,0,45,1,61.94,67.64,18,23,196,5,155,36,11,0.0983,5490,POST,3,3,1,TRAFFIC_ANOMALY
user-037,2026-09-28 12:50:34.340119,390,5700,2947,529909,791544,161,25,25,49,HTTPS,86,5,1,240,3,10,0,0,0,1,43,13,67.21,71.45,10,23,154,2,171,74,14,0.2805,2266,DELETE,5,0,1,TRAFFIC_ANOMALY
user-173,2026-09-28 12:51:34.340119,200,2724,2252,226550,784634,87,74,20,47,HTTPS,71,4,0,85,7,11,1,0,1,0,45,10,69.96,55.98,6,9,192,7,241,87,6,0.2723,9388,PATCH,1,1,1,TRAFFIC_ANOMALY
user-123,2026-09-28 12:52:34.340119,242,4835,1666,462500,286401,187,37,7,55,SSH,90,5,2,76,4,17,0,0,0,0,50,14,89.22,66.83,9,11,212,5,183,56,14,0.0922,5007,GET,2,0,1,TRAFFIC_ANOMALY
user-047,2026-09-28 12:53:34.340119,408,3744,2036,493194,200828,184,47,14,43,TCP,70,7,1,85,6,8,1,0,0,1,61,6,92.71,80.15,13,13,128,3,224,86,11,0.0926,2062,GET,7,2,1,TRAFFIC_ANOMALY
user-193,2026-09-28 12:54:34.340119,437,4464,3689,449648,465202,216,65,11,22,TCP,93,5,4,139,3,13,1,0,0,1,55,0,86.19,80.13,6,12,83,2,118,57,11,0.2908,3827,POST,5,5,1,TRAFFIC_ANOMALY
user-072,2026-09-28 12:55:34.340119,279,3724,2379,805100,634511,205,63,18,38,DNS,52,3,2,231,7,8,1,1,1,1,38,4,73.94,83.97,16,13,218,8,294,69,17,0.2211,3831,GET,6,3,1,TRAFFIC_ANOMALY
user-179,2026-09-28 12:56:34.340119,440,3153,2176,276171,309914,131,41,21,53,HTTPS,41,6,4,78,10,8,0,0,1,1,57,13,85.94,62.74,3,21,127,1,293,30,7,0.0995,1971,GET,5,4,1,TRAFFIC_ANOMALY
user-191,2026-09-28 12:57:34.340119,389,3308,1858,738977,786170,230,11,19,57,HTTPS,35,5,2,227,9,6,0,1,1,0,41,9,89.44,87.35,14,16,216,7,77,86,19,0.1396,9635,GET,2,1,1,TRAFFIC_ANOMALY
user-047,2026-09-28 12:58:34.340119,221,3901,3440,889722,325099,287,27,18,15,HTTPS,54,7,4,253,6,17,0,0,1,1,59,0,58.86,92.51,12,14,135,6,71,63,6,0.0812,9623,GET,6,4,1,TRAFFIC_ANOMALY
user-059,2026-09-28 12:59:34.340119,161,4150,4261,569596,581943,262,68,16,51,HTTP,47,8,3,170,14,9,1,0,1,1,49,9,82.7,92.65,8,7,52,7,297,44,10,0.1598,3082,GET,6,3,1,TRAFFIC_ANOMALY
user-152,2026-09-28 13:00:34.340119,395,5411,2868,560185,250389,227,16,8,25,HTTPS,64,5,1,186,13,21,0,0,1,1,44,3,60.46,92.78,4,23,101,8,261,80,10,0.1998,1055,GET,4,1,1,TRAFFIC_ANOMALY
user-188,2026-09-28 13:01:34.340119,435,4925,2852,460089,602333,284,25,8,48,HTTPS,57,6,3,39,10,5,1,0,0,1,50,6,59.01,70.03,14,23,100,3,189,56,10,0.2007,4391,GET,2,2,1,TRAFFIC_ANOMALY
user-066,2026-09-28 13:02:34.340119,444,5547,3458,819287,381616,201,20,14,54,HTTP,60,5,3,233,11,6,0,0,0,0,49,4,86.93,77.44,3,19,97,5,120,84,19,0.1677,7635,PUT,7,2,1,TRAFFIC_ANOMALY
user-192,2026-09-28 13:03:34.340119,359,3789,1342,876820,694738,94,35,9,26,SSH,32,3,0,67,7,16,0,0,1,1,61,8,78.32,68.28,7,13,207,7,291,67,17,0.0674,9276,PATCH,6,4,1,TRAFFIC_ANOMALY
user-036,2026-09-28 13:04:34.340119,327,2091,4932,454775,188885,159,31,6,20,HTTPS,41,7,3,244,3,25,0,0,0,0,66,2,89.11,83.95,13,21,105,4,327,73,4,0.1271,9575,POST,3,5,1,TRAFFIC_ANOMALY
user-146,2026-09-28 13:05:34.340119,178,5148,4682,380333,452312,176,31,9,46,HTTPS,62,8,3,187,7,12,1,1,0,0,59,12,81.43,56.61,11,23,69,6,334,85,18,0.2636,9137,GET,7,1,1,TRAFFIC_ANOMALY
user-051,2026-09-28 13:06:34.340119,339,3366,3484,610318,507829,81,15,22,36,HTTPS,45,7,4,284,13,20,0,0,0,0,45,10,70.3,83.26,9,25,161,4,192,88,18,0.2743,5544,GET,7,5,1,TRAFFIC_ANOMALY
user-169,2026-09-28 13:07:34.340119,398,5863,5493,839938,742771,223,59,6,28,HTTPS,72,8,0,278,11,12,0,1,1,1,36,1,90.36,68.53,16,21,199,3,106,42,7,0.261,6131,GET,5,2,1,TRAFFIC_ANOMALY
user-167,2026-09-28 13:08:34.340119,240,4951,2435,813354,320561,280,67,22,12,DNS,24,4,2,59,9,20,0,0,0,1,59,12,95.21,58.39,19,24,120,7,139,70,20,0.2188,8883,POST,3,3,1,TRAFFIC_ANOMALY
user-072,2026-09-28 13:09:34.340119,275,3510,3627,341227,654982,108,59,7,46,HTTP,73,8,3,44,5,4,1,1,1,2,45,3,74.78,56.77,2,11,128,3,310,27,18,0.2049,2153,GET,4,5,1,TRAFFIC_ANOMALY
user-150,2026-09-28 13:10:34.340119,412,5472,4910,574079,770588,121,8,5,21,DNS,89,4,2,24,5,12,0,1,0,0,45,12,84.87,76.95,5,8,146,8,76,24,14,0.084,7590,GET,8,2,1,TRAFFIC_ANOMALY
user-097,2026-09-28 13:11:34.340119,423,1202,5363,232989,761463,88,31,15,24,SSH,38,2,5,39,8,24,0,0,0,0,27,7,65.93,75.63,4,11,120,8,72,49,16,0.1706,8251,GET,5,1,1,TRAFFIC_ANOMALY
user-073,2026-09-28 13:12:34.340119,389,4307,3823,817997,188322,209,85,21,29,SSH,42,4,3,196,6,5,1,0,0,0,40,8,80.71,71.55,15,21,95,3,119,31,14,0.2289,5911,GET,3,4,1,TRAFFIC_ANOMALY
user-022,2026-09-28 13:13:34.340119,430,5068,1812,744871,267847,244,24,12,17,HTTPS,24,7,2,264,7,21,1,0,0,0,53,13,68.76,63.77,10,12,217,3,193,48,9,0.0895,3588,POST,6,2,1,TRAFFIC_ANOMALY
user-038,2026-09-28 13:14:34.340119,489,5699,3507,617793,765796,278,76,18,35,TCP,77,7,3,209,5,20,0,1,0,0,45,5,88.64,89.93,19,13,96,5,331,72,7,0.1034,7259,GET,6,2,1,TRAFFIC_ANOMALY
user-036,2026-09-28 13:15:34.340119,475,5044,5432,632152,498775,142,59,9,45,HTTPS,35,6,3,198,13,9,0,0,0,0,53,9,94.57,75.29,17,24,172,4,258,40,6,0.1327,7591,PUT,7,2,1,TRAFFIC_ANOMALY
user-071,2026-09-28 13:16:34.340119,216,5345,4354,875548,767585,111,16,9,23,DNS,87,3,1,199,15,14,0,0,1,0,49,1,64.84,75.83,10,18,108,7,123,66,17,0.1162,6054,GET,2,3,1,TRAFFIC_ANOMALY
user-176,2026-09-28 13:17:34.340119,383,2658,2143,279346,328111,117,10,9,36,TCP,71,5,1,150,13,7,0,0,1,0,53,13,95.22,86.88,5,20,145,6,291,80,7,0.2191,8911,POST,6,4,1,TRAFFIC_ANOMALY
user-151,2026-09-28 13:18:34.340119,358,2773,3212,899261,491453,246,34,11,23,DNS,69,7,0,297,2,19,1,1,1,1,37,5,61.77,63.06,14,12,56,2,272,90,7,0.2146,2039,GET,7,2,1,TRAFFIC_ANOMALY
user-016,2026-09-28 13:19:34.340119,199,5702,5412,535820,425854,207,75,13,40,TCP,69,5,5,157,9,5,0,0,0,0,61,2,64.21,90.56,9,24,141,7,63,57,15,0.0726,6634,POST,4,1,1,TRAFFIC_ANOMALY
user-091,2026-09-28 13:20:34.340119,379,3626,5231,891259,223405,241,59,8,25,SSH,94,3,2,36,4,25,1,0,1,0,58,1,90.46,88.68,17,8,202,8,140,28,6,0.1703,4930,PATCH,7,1,1,TRAFFIC_ANOMALY
user-027,2026-09-28 13:21:34.340119,329,3419,1274,550192,526834,236,32,15,36,HTTPS,99,6,2,70,3,8,1,0,0,0,28,5,74.92,60.58,13,12,137,4,316,54,16,0.2946,3146,GET,5,4,1,TRAFFIC_ANOMALY
user-200,2026-09-28 13:22:34.340119,490,2585,3571,370849,395110,195,23,15,15,HTTP,47,4,4,244,4,18,0,0,0,0,44,6,97.63,67.37,9,6,195,2,169,69,15,0.1197,3748,GET,7,1,1,TRAFFIC_ANOMALY
user-116,2026-09-28 13:23:34.340119,425,4044,2804,508039,425184,205,42,23,50,HTTPS,75,2,4,233,6,19,1,0,0,0,48,13,68.34,84.34,15,14,88,5,208,85,14,0.051,8980,GET,5,5,1,TRAFFIC_ANOMALY
user-042,2026-09-28 13:24:34.340119,484,3118,2827,544863,408019,268,16,18,14,SSH,24,3,1,170,6,6,1,0,1,2,35,3,97.79,57.72,13,24,133,5,315,31,10,0.1003,7418,GET,2,0,1,TRAFFIC_ANOMALY
user-195,2026-09-28 13:25:34.340119,411,5542,2269,504146,289907,104,47,22,51,TCP,92,5,5,185,8,9,0,0,0,1,50,9,87.16,94.12,10,13,136,6,200,84,15,0.2435,8834,GET,6,3,1,TRAFFIC_ANOMALY
user-121,2026-09-28 13:26:34.340119,221,5726,1072,674633,380410,251,35,8,12,HTTPS,91,7,3,148,5,19,1,1,1,0,62,7,68.05,84.11,15,24,218,6,187,68,13,0.1321,3922,GET,8,4,1,TRAFFIC_ANOMALY
user-107,2026-09-28 13:27:34.340119,451,5717,3172,362834,591124,148,89,6,43,HTTP,51,2,2,130,14,8,1,1,1,0,55,7,73.83,87.07,12,6,73,6,327,68,4,0.086,5733,GET,7,2,1,TRAFFIC_ANOMALY
user-012,2026-09-28 13:28:34.340119,292,2909,3353,525269,730066,203,35,22,20,HTTPS,30,5,4,224,6,7,1,0,1,0,54,13,61.47,64.66,20,6,218,7,281,67,16,0.2639,7411,POST,8,5,1,TRAFFIC_ANOMALY
user-008,2026-09-28 13:29:34.340119,253,5507,3565,378547,285633,101,25,14,13,DNS,99,7,2,162,10,12,0,0,1,0,51,2,85.97,62.4,6,14,90,2,118,34,5,0.2072,9029,GET,5,1,1,TRAFFIC_ANOMALY
user-024,2026-09-28 13:30:34.340119,385,1755,5275,849776,366665,255,71,16,28,HTTPS,43,8,1,65,10,22,0,0,1,1,54,12,74.18,91.04,15,10,111,7,160,74,16,0.1184,2462,GET,6,3,1,TRAFFIC_ANOMALY
user-122,2026-09-28 13:31:34.340119,250,5342,4450,331442,457732,226,85,14,35,DNS,49,6,0,129,9,3,0,0,0,0,38,6,72.62,74.88,2,7,148,2,70,30,5,0.0673,2963,GET,6,0,1,TRAFFIC_ANOMALY
user-195,2026-09-28 13:32:34.340119,480,2464,3159,558424,774386,297,20,21,29,HTTP,46,7,3,131,12,23,1,1,0,0,51,4,69.58,72.49,15,14,174,2,202,77,17,0.2216,8291,GET,5,2,1,TRAFFIC_ANOMALY
user-010,2026-09-28 13:33:34.340119,183,4530,5176,790330,345875,189,74,23,14,TCP,41,3,5,40,8,9,0,0,0,0,47,4,67.27,87.37,17,19,118,6,65,50,16,0.2182,5522,GET,2,2,1,TRAFFIC_ANOMALY
user-065,2026-09-28 13:34:34.340119,471,1613,4448,857292,753281,286,9,15,58,HTTPS,97,3,3,274,2,8,1,0,0,0,50,6,76.26,72.93,3,21,155,3,70,28,17,0.1319,5070,GET,6,1,1,TRAFFIC_ANOMALY
user-048,2026-09-28 13:35:34.340119,290,2285,4480,424847,671818,176,19,22,39,HTTPS,73,6,1,299,14,15,0,0,1,1,53,6,84.62,72.84,15,7,119,3,104,62,15,0.1229,6518,GET,5,3,1,TRAFFIC_ANOMALY
user-136,2026-09-28 13:36:34.340119,255,5147,3975,765968,597846,264,24,9,36,TCP,32,5,4,140,3,14,1,0,1,0,31,13,82.93,76.59,19,25,179,2,325,80,18,0.1376,5683,GET,8,3,1,TRAFFIC_ANOMALY
user-096,2026-09-28 13:37:34.340119,495,5002,4883,885388,619557,279,61,23,53,HTTPS,49,4,4,192,11,7,1,0,0,0,48,8,75.08,76.49,8,13,152,4,311,85,5,0.299,8925,POST,4,1,1,TRAFFIC_ANOMALY
user-173,2026-09-28 13:38:34.340119,379,3384,3893,547358,216271,88,87,20,57,TCP,33,4,0,250,13,19,0,1,0,1,56,3,78.69,70.03,15,10,128,4,182,27,6,0.2488,3145,PUT,4,1,1,TRAFFIC_ANOMALY
user-115,2026-09-28 13:39:34.340119,386,5300,1712,690559,668714,171,27,7,40,HTTPS,62,5,3,233,7,7,0,0,1,0,41,8,58.57,70.51,8,5,104,5,270,34,9,0.0706,8499,DELETE,5,3,1,TRAFFIC_ANOMALY
user-040,2026-09-28 13:40:34.340119,406,3571,2721,559565,365782,102,62,12,58,HTTPS,92,3,4,185,12,15,1,0,0,0,37,0,81.8,94.66,2,17,128,7,300,62,18,0.2667,1172,GET,2,3,1,TRAFFIC_ANOMALY
user-122,2026-09-28 13:41:34.340119,186,1613,2881,601040,701273,211,43,13,39,TCP,83,2,4,116,6,11,0,0,1,0,30,12,78.07,68.71,15,9,115,6,95,86,11,0.0529,9367,GET,7,3,1,TRAFFIC_ANOMALY
user-013,2026-09-28 13:42:34.340119,351,1334,5053,452533,261863,245,19,8,38,HTTPS,56,7,2,200,3,15,1,0,0,0,48,8,60.42,83.48,7,21,113,7,154,54,9,0.2956,4473,GET,5,0,1,TRAFFIC_ANOMALY
user-054,2026-09-28 13:43:34.340119,390,5136,3117,550198,515353,97,21,6,41,SSH,75,4,5,254,14,7,1,0,0,1,53,4,81.32,87.64,10,5,130,5,176,55,15,0.1893,6697,PATCH,6,3,1,TRAFFIC_ANOMALY
user-083,2026-09-28 13:44:34.340119,345,2800,4293,811925,642385,103,73,8,39,HTTPS,97,4,1,81,12,16,0,0,0,1,61,3,81.04,64.04,17,8,94,4,173,59,14,0.2389,1200,PUT,4,4,1,TRAFFIC_ANOMALY
user-189,2026-09-28 13:45:34.340119,407,5597,1581,858055,650520,151,63,18,55,HTTP,97,7,1,255,14,4,0,1,0,0,30,6,66.83,57.08,8,22,145,2,171,64,4,0.2693,2820,GET,6,4,1,TRAFFIC_ANOMALY
user-115,2026-09-28 13:46:34.340119,409,5000,5456,799666,341873,182,22,11,53,HTTPS,65,3,1,22,7,16,1,0,0,0,45,9,78.04,57.13,16,10,160,6,290,66,4,0.0982,1570,POST,6,5,1,TRAFFIC_ANOMALY
user-172,2026-09-28 13:47:34.340119,312,4798,2249,819566,698487,227,67,12,27,HTTPS,32,3,1,105,5,23,1,0,0,0,49,2,56.38,81.65,8,9,163,6,119,64,6,0.2349,5322,PUT,6,3,1,TRAFFIC_ANOMALY
user-114,2026-09-28 13:48:34.340119,242,2361,2202,719567,216810,141,17,7,56,SSH,26,2,1,241,14,22,1,1,1,0,50,1,61.68,74.28,9,12,187,3,240,58,7,0.0502,8738,POST,3,3,1,TRAFFIC_ANOMALY
user-108,2026-09-28 13:49:34.340119,470,5475,4827,562073,496580,143,27,10,54,HTTPS,29,3,2,261,14,19,0,0,1,0,38,5,55.04,75.01,12,20,187,3,113,78,8,0.0976,3323,POST,7,5,1,TRAFFIC_ANOMALY
user-125,2026-09-28 13:50:34.340119,417,1903,4834,730315,277550,120,11,8,52,TCP,95,8,1,202,8,24,0,0,1,1,61,14,73.83,61.62,15,22,92,8,62,25,9,0.1161,4033,POST,4,4,1,TRAFFIC_ANOMALY
user-153,2026-09-28 13:51:34.340119,167,4539,4759,714842,798857,171,9,8,42,HTTPS,97,3,2,180,4,19,1,1,1,0,41,4,77.1,73.02,14,25,153,5,294,25,13,0.1044,5430,GET,3,1,1,TRAFFIC_ANOMALY
user-018,2026-09-28 13:52:34.340119,403,1885,4314,730252,386732,101,46,17,12,TCP,47,5,2,101,9,18,0,0,0,0,30,3,90.62,85.83,3,23,93,4,193,42,7,0.1076,5477,GET,5,1,1,TRAFFIC_ANOMALY
user-177,2026-09-28 13:53:34.340119,500,4171,4711,462527,534528,125,25,10,40,TCP,94,6,0,87,3,18,0,0,0,0,58,3,87.14,75.39,6,9,109,6,165,36,12,0.1964,5700,GET,3,0,1,TRAFFIC_ANOMALY
user-142,2026-09-28 13:54:34.340119,436,5944,2902,617921,284792,244,38,25,11,DNS,99,4,1,110,11,20,0,0,0,0,57,1,77.22,65.12,19,23,174,3,319,59,6,0.2985,8469,POST,6,5,1,TRAFFIC_ANOMALY
user-045,2026-09-28 13:55:34.340119,151,2017,3440,502593,582827,293,84,19,35,HTTPS,36,2,1,109,15,10,0,0,1,0,40,7,96.52,90.33,3,18,105,7,287,75,15,0.0887,4095,PATCH,5,1,1,TRAFFIC_ANOMALY
user-139,2026-09-28 13:56:34.340119,311,5704,2175,602544,295582,192,40,14,43,DNS,65,2,5,120,14,8,0,0,0,1,45,5,58.66,65.6,9,24,86,8,206,57,7,0.1215,2979,GET,6,2,1,TRAFFIC_ANOMALY
user-055,2026-09-28 13:57:34.340119,465,5209,1649,203822,488826,158,52,10,53,HTTPS,75,4,3,289,8,13,0,0,0,1,31,3,76.39,86.14,12,24,157,1,250,40,12,0.1268,5098,DELETE,2,1,1,TRAFFIC_ANOMALY
user-195,2026-09-28 13:58:34.340119,273,2580,3235,727615,572087,257,56,18,35,HTTPS,84,4,1,220,2,10,1,0,0,0,50,7,82.95,87.43,13,22,54,8,101,44,7,0.2473,4958,POST,5,2,1,TRAFFIC_ANOMALY
user-183,2026-09-28 13:59:34.340119,287,1590,1056,616528,448087,131,48,16,25,TCP,74,7,4,72,11,15,0,0,1,0,59,12,77.31,75.28,2,15,160,3,231,31,9,0.2172,5831,POST,4,4,1,TRAFFIC_ANOMALY
user-141,2026-09-28 14:00:34.340119,187,5967,3034,382501,735840,125,16,8,50,HTTPS,99,5,3,230,13,22,1,0,0,1,44,7,70.48,71.03,10,7,169,7,215,30,12,0.2441,5620,PUT,6,2,1,TRAFFIC_ANOMALY
user-076,2026-09-28 14:01:34.340119,473,2657,2278,703481,329370,109,57,6,23,HTTPS,81,6,4,190,15,9,0,0,0,1,55,13,60.89,89.87,19,22,103,7,75,29,18,0.1779,6685,GET,5,4,1,TRAFFIC_ANOMALY
user-063,2026-09-28 14:02:34.340119,423,1248,3981,469044,763800,244,43,9,31,TCP,62,3,4,272,6,17,0,1,0,0,55,10,69.54,62.39,15,19,199,1,207,41,10,0.1046,6566,POST,6,3,1,TRAFFIC_ANOMALY
user-051,2026-09-28 14:03:34.340119,173,4315,2004,496601,414537,104,84,21,41,HTTPS,87,5,2,148,11,22,0,0,0,1,43,11,86.04,86.83,14,16,166,1,341,90,13,0.1225,2236,GET,7,1,1,TRAFFIC_ANOMALY
user-142,2026-09-28 14:04:34.340119,248,4961,2026,786824,784038,120,31,16,59,TCP,44,3,4,216,6,10,0,0,1,1,43,1,81.46,83.08,5,5,57,6,277,53,20,0.1727,5620,POST,7,2,1,TRAFFIC_ANOMALY
user-077,2026-09-28 14:05:34.340119,425,4279,4231,882119,628710,164,73,9,22,HTTPS,68,5,1,76,6,23,1,0,1,0,50,10,58.79,71.11,17,25,198,3,164,28,5,0.168,6023,PUT,7,4,1,TRAFFIC_ANOMALY
user-060,2026-09-28 14:06:34.340119,478,4398,2041,625317,539473,293,60,7,29,HTTPS,62,4,4,221,11,6,1,1,0,0,55,9,72.32,77.44,18,15,106,3,319,66,11,0.2385,1481,GET,3,4,1,TRAFFIC_ANOMALY
user-032,2026-09-28 14:07:34.340119,410,3480,1292,229133,638943,217,37,15,30,HTTPS,46,8,0,164,10,4,0,0,1,0,50,9,71.04,81.29,17,14,177,5,230,82,14,0.16,6713,GET,7,2,1,TRAFFIC_ANOMALY
user-044,2026-09-28 14:08:34.340119,307,5199,2934,835822,534415,169,33,20,34,HTTP,74,8,3,191,8,5,1,1,0,0,54,0,57.01,88.63,10,17,163,6,160,85,11,0.1258,5996,POST,6,3,1,TRAFFIC_ANOMALY
user-040,2026-09-28 14:09:34.340119,160,2123,3535,576790,181441,275,44,11,11,TCP,57,7,1,88,10,15,0,0,0,0,33,1,81.01,94.46,6,14,147,4,146,49,10,0.0908,9334,POST,4,3,1,TRAFFIC_ANOMALY
user-117,2026-09-28 14:10:34.340119,448,4093,2214,892413,212705,148,59,10,47,HTTP,39,6,5,193,2,6,0,0,0,1,58,12,60.31,68.23,5,13,194,8,138,39,8,0.2879,4351,POST,6,1,1,TRAFFIC_ANOMALY
user-106,2026-09-28 14:11:34.340119,317,2791,4582,253248,428139,279,71,12,29,TCP,66,3,4,35,7,15,0,0,1,2,49,9,55.56,66.14,15,18,147,4,310,51,17,0.0727,2860,GET,7,1,1,TRAFFIC_ANOMALY
user-031,2026-09-28 14:12:34.340119,235,3022,3139,884126,305308,230,72,21,49,DNS,85,3,5,28,4,5,0,1,0,1,59,3,78.74,69.64,6,11,181,1,189,41,17,0.1525,9588,POST,5,4,1,TRAFFIC_ANOMALY
user-123,2026-09-28 14:13:34.340119,267,3870,2965,520585,344568,134,23,16,50,HTTPS,32,5,2,175,4,6,1,0,1,0,50,5,64.42,60.29,17,13,199,5,334,68,9,0.2142,5192,POST,4,3,1,TRAFFIC_ANOMALY
user-107,2026-09-28 14:14:34.340119,360,3317,1730,276961,433329,201,29,23,50,TCP,99,2,2,223,12,14,0,1,0,1,41,4,93.19,59.06,5,15,56,4,194,78,19,0.0637,2925,POST,6,3,1,TRAFFIC_ANOMALY
user-055,2026-09-28 14:15:34.340119,252,2079,2803,204981,419936,104,59,14,51,DNS,67,3,1,27,13,22,0,0,0,0,38,12,69.1,69.47,4,15,128,7,114,43,9,0.1172,6318,GET,3,4,1,TRAFFIC_ANOMALY
user-040,2026-09-28 14:16:34.340119,408,1375,4838,790813,417299,224,29,21,25,SSH,53,8,4,265,5,25,1,0,0,1,55,3,63.38,87.24,20,17,86,5,251,36,9,0.0812,8668,GET,4,5,1,TRAFFIC_ANOMALY
user-029,2026-09-28 14:17:34.340119,448,3000,5104,802548,682789,154,26,19,19,HTTPS,88,5,3,95,9,13,1,0,1,0,58,14,84.65,68.1,18,15,189,2,73,35,17,0.2932,2191,GET,8,0,1,TRAFFIC_ANOMALY
user-137,2026-09-28 14:18:34.340119,193,3349,2926,569008,197367,188,66,19,46,HTTPS,91,4,1,282,7,21,1,0,1,0,47,13,72.47,87.54,10,16,139,4,340,85,13,0.1568,8859,GET,4,5,1,TRAFFIC_ANOMALY
user-189,2026-09-28 14:19:34.340119,344,4862,2050,424505,553435,96,32,14,47,DNS,55,8,3,239,12,6,0,0,0,1,45,12,89.13,73.43,13,20,161,2,276,72,14,0.1655,3121,POST,6,2,1,TRAFFIC_ANOMALY
user-029,2026-09-28 14:20:34.340119,482,4350,2396,809930,227192,221,54,15,17,HTTPS,89,3,3,187,9,9,0,0,0,0,45,3,68.84,57.07,19,8,118,1,278,42,10,0.1204,7520,GET,4,0,1,TRAFFIC_ANOMALY
user-166,2026-09-28 14:21:34.340119,392,4501,5470,813526,615042,290,65,10,14,HTTPS,71,4,3,287,4,18,1,0,1,0,35,13,96.82,69.47,18,7,61,2,222,51,17,0.1858,9711,GET,5,2,1,TRAFFIC_ANOMALY
user-079,2026-09-28 14:22:34.340119,479,2766,2083,255276,566555,162,52,11,46,DNS,23,4,5,133,14,5,1,0,1,1,49,0,90.45,93.76,16,7,80,7,277,45,8,0.2487,8173,GET,7,3,1,TRAFFIC_ANOMALY
user-039,2026-09-28 14:23:34.340119,423,3252,4468,288965,255303,213,39,13,26,HTTP,98,6,2,111,12,9,1,1,1,0,49,2,56.22,91.08,13,24,68,7,193,41,9,0.1323,8271,GET,2,1,1,TRAFFIC_ANOMALY
user-083,2026-09-28 14:24:34.340119,302,2487,3154,258511,456104,96,57,12,39,HTTP,96,2,2,34,14,9,0,1,1,0,46,13,97.39,94.27,20,13,60,7,197,58,6,0.1281,5754,GET,7,3,1,TRAFFIC_ANOMALY
user-009,2026-09-28 14:25:34.340119,162,5427,5314,322650,508493,193,85,12,13,TCP,50,5,5,180,11,22,0,0,0,0,51,3,96.82,63.51,9,13,118,3,325,80,6,0.0787,6084,GET,3,2,1,TRAFFIC_ANOMALY
user-155,2026-09-28 14:26:34.340119,333,5201,3070,779894,774690,283,32,13,34,SSH,86,6,3,91,9,17,0,0,0,0,49,3,77.63,83.44,7,10,199,6,314,69,16,0.2716,1816,PATCH,3,2,1,TRAFFIC_ANOMALY
user-016,2026-09-28 14:27:34.340119,296,1861,2203,578500,469373,237,70,22,46,HTTPS,56,6,2,228,5,10,1,0,1,1,45,4,77.07,72.21,4,12,210,2,320,33,20,0.226,3014,PUT,4,2,1,TRAFFIC_ANOMALY
user-152,2026-09-28 14:28:34.340119,153,4756,1198,734250,567425,229,61,16,38,DNS,34,4,4,151,13,4,0,1,1,2,41,4,97.5,77.5,10,21,82,4,168,26,12,0.2257,4382,PATCH,3,4,1,TRAFFIC_ANOMALY
user-153,2026-09-28 14:29:34.340119,200,2090,4329,442591,589663,194,66,15,25,DNS,90,3,4,284,7,6,1,1,0,0,59,3,85.8,65.76,11,9,95,5,104,27,13,0.0824,2955,GET,5,4,1,TRAFFIC_ANOMALY
user-156,2026-09-28 14:30:34.340119,234,2561,3393,825567,748188,254,45,12,54,TCP,20,7,1,128,6,3,0,1,1,1,44,13,94.9,83.9,2,22,102,4,330,21,7,0.1189,6704,GET,4,1,1,TRAFFIC_ANOMALY
user-080,2026-09-28 14:31:34.340119,383,3504,1579,537750,352789,155,18,8,11,SSH,69,2,4,130,14,9,1,0,0,1,54,8,81.02,57.21,12,22,60,6,98,85,6,0.1289,8271,GET,2,2,1,TRAFFIC_ANOMALY
user-115,2026-09-28 14:32:34.340119,309,1397,4637,708218,394687,204,76,7,24,HTTP,68,6,2,177,10,18,0,1,0,0,37,14,84.19,58.95,7,6,179,7,271,46,20,0.2229,3761,GET,6,1,1,TRAFFIC_ANOMALY
user-093,2026-09-28 14:33:34.340119,406,5348,4836,229466,597130,186,54,21,38,HTTPS,65,6,2,204,11,22,0,1,1,0,50,1,56.35,84.31,5,23,158,6,189,67,6,0.1761,6740,PUT,4,2,1,TRAFFIC_ANOMALY
user-015,2026-09-28 14:34:34.340119,283,3697,4854,664337,414359,122,88,19,20,HTTPS,59,5,2,119,15,13,0,0,1,0,43,1,65.15,57.75,9,6,138,6,314,41,15,0.2129,2422,POST,5,3,1,TRAFFIC_ANOMALY
user-102,2026-09-28 14:35:34.340119,280,5436,1889,289997,717477,149,58,10,55,HTTPS,40,5,2,162,13,21,0,0,0,0,66,11,90.47,60.16,3,11,98,1,195,82,13,0.1363,4262,GET,6,1,1,TRAFFIC_ANOMALY
user-053,2026-09-28 14:36:34.340119,156,3098,2230,226299,758556,163,60,11,33,HTTP,77,2,4,61,10,4,0,1,0,1,42,14,96.55,76.72,16,13,113,1,257,50,10,0.157,4940,GET,3,0,1,TRAFFIC_ANOMALY
user-116,2026-09-28 14:37:34.340119,196,2765,1003,876147,659705,195,77,22,24,TCP,92,7,3,142,4,12,0,0,1,0,55,10,96.32,68.57,3,19,183,5,327,56,13,0.1201,2654,GET,7,4,1,TRAFFIC_ANOMALY
user-080,2026-09-28 14:38:34.340119,492,5569,2262,304096,535058,157,30,24,11,HTTPS,38,6,1,30,4,4,0,1,1,0,47,5,71.89,74.03,18,13,211,5,117,60,7,0.149,3518,POST,6,3,1,TRAFFIC_ANOMALY
user-118,2026-09-28 14:39:34.340119,367,5672,4828,720831,241999,252,32,14,34,HTTPS,43,7,4,117,13,25,0,0,1,0,50,14,58.69,64.97,17,16,109,1,315,46,13,0.095,5127,POST,1,2,1,TRAFFIC_ANOMALY
user-006,2026-09-28 14:40:34.340119,417,5005,4177,471824,413138,157,21,20,22,HTTPS,22,7,4,189,12,7,0,0,0,0,33,12,89.54,72.89,14,11,91,5,62,21,5,0.2929,4009,GET,2,3,1,TRAFFIC_ANOMALY
user-106,2026-09-28 14:41:34.340119,201,5119,4227,629559,353850,85,49,16,34,HTTPS,56,3,2,114,11,24,0,0,0,1,49,2,79.92,68.5,4,10,117,3,81,23,18,0.1456,3235,GET,1,4,1,TRAFFIC_ANOMALY
user-129,2026-09-28 14:42:34.340119,492,5580,2444,410836,521122,229,56,14,19,SSH,57,4,1,77,8,15,1,1,1,2,60,4,79.53,90.86,12,17,70,3,77,25,19,0.1157,3422,POST,6,3,1,TRAFFIC_ANOMALY
user-199,2026-09-28 14:43:34.340119,291,3914,3062,304478,368451,170,24,17,33,HTTPS,51,7,5,92,6,21,0,0,1,0,40,8,96.43,62.54,7,11,213,8,161,41,18,0.2767,2222,GET,2,1,1,TRAFFIC_ANOMALY
user-141,2026-09-28 14:44:34.340119,441,1804,5399,736304,183841,184,50,7,19,HTTP,51,7,1,253,6,8,1,0,1,1,42,4,57.85,62.55,4,10,152,3,249,44,17,0.2117,9218,GET,5,4,1,TRAFFIC_ANOMALY
user-079,2026-09-28 14:45:34.340119,208,5084,5149,857475,753332,207,89,8,40,HTTPS,25,7,5,243,4,20,1,0,1,0,44,14,97.37,94.62,4,6,132,2,112,55,12,0.0888,1176,POST,7,3,1,TRAFFIC_ANOMALY
user-124,2026-09-28 14:46:34.340119,395,3269,5169,652386,181394,121,26,19,56,DNS,95,5,3,268,7,19,0,1,0,1,43,7,83.95,83.22,10,22,158,3,227,40,14,0.0605,4957,GET,5,4,1,TRAFFIC_ANOMALY
user-043,2026-09-28 14:47:34.340119,499,3553,4455,351945,649462,220,77,25,43,HTTP,64,3,0,115,4,24,1,0,0,0,47,13,71.67,65.79,9,14,175,3,306,30,4,0.1046,8868,POST,7,3,1,TRAFFIC_ANOMALY
user-180,2026-09-28 14:48:34.340119,445,1684,4476,503200,401170,97,17,21,38,TCP,44,7,5,180,2,7,0,1,0,0,54,7,60.31,91.18,15,5,151,6,325,41,5,0.2273,4290,GET,3,0,1,TRAFFIC_ANOMALY
user-179,2026-09-28 14:49:34.340119,282,3109,1647,896510,624561,149,24,7,28,TCP,92,7,4,69,11,21,0,0,0,0,26,8,83.55,77.9,3,19,174,6,150,20,19,0.1243,9159,GET,6,2,1,TRAFFIC_ANOMALY
user-106,2026-09-28 14:50:34.340119,159,2810,4009,785642,452948,158,59,7,58,HTTPS,86,4,3,53,15,18,1,1,0,0,45,0,72.8,64.94,11,21,146,5,66,70,19,0.0783,1740,GET,3,5,1,TRAFFIC_ANOMALY
user-167,2026-09-28 14:51:34.340119,190,4844,1997,233232,349202,199,36,18,23,SSH,43,7,0,246,4,9,0,1,1,0,52,3,68.74,87.76,3,10,135,5,293,38,9,0.0824,9045,POST,7,2,1,TRAFFIC_ANOMALY
user-121,2026-09-28 14:52:34.340119,449,3217,2338,396409,644037,223,46,21,57,HTTPS,51,4,5,184,8,16,0,0,0,0,31,11,73.12,93.83,6,11,140,3,82,55,11,0.2441,9540,DELETE,7,3,1,TRAFFIC_ANOMALY
user-175,2026-09-28 14:53:34.340119,383,2536,2326,845332,531994,267,23,20,49,DNS,38,6,3,80,10,20,1,0,1,1,45,0,69.41,81.74,9,7,172,3,233,23,19,0.1575,4726,POST,6,4,1,TRAFFIC_ANOMALY
user-199,2026-09-28 14:54:34.340119,490,2098,4544,696957,397277,224,36,11,12,TCP,75,8,5,94,7,16,1,1,0,0,39,8,81.39,78.93,18,19,211,4,184,82,9,0.2268,8310,GET,8,2,1,TRAFFIC_ANOMALY
user-087,2026-09-28 14:55:34.340119,176,5166,4334,609935,666986,105,15,7,58,HTTPS,80,2,2,39,13,25,1,0,0,1,36,6,63.76,80.59,11,23,80,5,315,60,5,0.226,4373,POST,6,1,1,TRAFFIC_ANOMALY
user-091,2026-09-28 14:56:34.340119,383,2149,3840,464161,402412,115,76,14,45,HTTPS,75,2,4,208,13,8,1,1,1,0,51,7,73.5,94.65,3,9,73,4,102,71,10,0.1016,2597,GET,3,4,1,TRAFFIC_ANOMALY
user-091,2026-09-28 14:57:34.340119,484,2853,4612,693682,343996,289,69,22,21,HTTPS,62,6,3,231,5,11,1,1,0,0,43,1,81.63,82.44,14,21,195,1,127,63,12,0.2839,9477,GET,3,2,1,TRAFFIC_ANOMALY
user-010,2026-09-28 14:58:34.340119,226,1310,5068,843828,585309,132,43,21,22,HTTPS,51,5,4,154,8,13,0,1,0,1,50,6,93.79,94.9,16,14,53,7,333,28,6,0.1262,9023,GET,4,1,1,TRAFFIC_ANOMALY
user-006,2026-09-28 14:59:34.340119,238,5848,2211,310228,349155,294,68,9,18,HTTPS,56,8,5,167,15,4,1,0,0,2,56,14,79.82,58.34,14,10,121,5,152,62,5,0.1643,1231,GET,7,2,1,TRAFFIC_ANOMALY
user-094,2026-09-28 15:00:34.340119,422,5545,5322,531926,357239,175,53,15,56,HTTPS,89,6,2,102,14,20,1,0,0,1,49,12,79.27,88.93,16,18,218,4,154,25,10,0.0777,9768,POST,4,1,1,TRAFFIC_ANOMALY
user-009,2026-09-28 15:01:34.340119,273,1742,2372,451742,388354,174,20,9,23,HTTPS,52,3,0,58,7,15,0,0,0,0,64,14,87.19,86.25,10,16,157,2,279,62,9,0.1666,8850,GET,6,2,1,TRAFFIC_ANOMALY
user-198,2026-09-28 15:02:34.340119,492,5790,3182,878185,748736,264,29,8,26,SSH,52,6,1,146,7,20,0,0,1,1,60,14,56.87,70.88,14,10,178,6,171,30,18,0.2605,9040,GET,5,1,1,TRAFFIC_ANOMALY
user-039,2026-09-28 15:03:34.340119,414,5685,3531,372269,515122,163,21,7,54,TCP,36,3,5,297,4,15,1,1,1,0,47,5,89.9,71.18,14,20,180,3,301,80,8,0.2578,6067,PATCH,8,5,1,TRAFFIC_ANOMALY
user-170,2026-09-28 15:04:34.340119,232,2970,2573,729478,593629,92,72,24,54,HTTPS,90,3,2,135,6,19,1,0,0,1,46,9,65.58,82.6,6,7,159,1,197,68,11,0.0507,8129,GET,6,1,1,TRAFFIC_ANOMALY
user-164,2026-09-28 15:05:34.340119,322,4953,4735,564679,750239,140,35,22,40,HTTP,55,5,1,260,5,8,1,1,0,0,46,10,79.64,56.28,7,17,157,5,156,75,15,0.2198,9839,POST,3,2,1,TRAFFIC_ANOMALY
user-159,2026-09-28 15:06:34.340119,377,4088,4848,551148,793768,297,15,18,27,HTTPS,99,3,3,153,12,6,0,0,0,0,33,12,60.66,72.66,10,7,180,2,74,27,13,0.2142,7519,GET,5,3,1,TRAFFIC_ANOMALY
user-089,2026-09-28 15:07:34.340119,231,4883,1327,378995,715081,176,15,17,49,HTTPS,83,6,3,71,7,8,0,0,0,0,43,0,66.44,70.2,6,6,58,7,84,54,13,0.0515,3227,PUT,7,2,1,TRAFFIC_ANOMALY
user-067,2026-09-28 15:08:34.340119,449,1264,4423,689355,216182,198,37,10,28,SSH,56,8,2,23,8,6,0,0,1,0,32,7,70.73,87.48,3,12,70,3,256,40,14,0.2809,4061,PATCH,2,4,1,TRAFFIC_ANOMALY
user-062,2026-09-28 15:09:34.340119,233,1458,1755,830394,454759,179,33,17,47,DNS,34,6,3,296,12,16,0,1,0,3,43,10,71.33,71.14,4,22,61,4,135,50,11,0.1784,6772,PUT,3,0,1,TRAFFIC_ANOMALY
user-169,2026-09-28 15:10:34.340119,193,3554,4575,411446,286903,149,64,16,45,HTTP,63,2,0,66,13,19,0,0,0,0,64,3,78.66,58.17,7,12,101,3,239,31,4,0.2183,7342,POST,7,0,1,TRAFFIC_ANOMALY
user-109,2026-09-28 15:11:34.340119,308,4146,4928,864463,505233,125,71,7,13,HTTPS,46,3,1,196,11,7,0,1,1,1,46,12,57.96,62.15,12,19,178,6,167,69,6,0.0553,7974,PUT,6,4,1,TRAFFIC_ANOMALY
user-134,2026-09-28 15:12:34.340119,404,2002,3757,732138,411297,197,28,22,15,HTTPS,65,6,4,53,9,13,0,0,0,0,44,4,72.25,93.03,7,12,202,1,166,87,14,0.2664,1889,POST,7,1,1,TRAFFIC_ANOMALY
user-153,2026-09-28 15:13:34.340119,151,4959,1766,565744,686985,198,86,14,17,HTTPS,60,4,5,143,10,24,0,1,0,0,43,12,96.15,64.26,13,17,148,7,304,33,4,0.0962,2351,GET,1,5,1,TRAFFIC_ANOMALY
user-083,2026-09-28 15:14:34.340119,490,1917,3119,683619,745501,197,29,9,31,HTTP,80,7,4,167,13,22,1,1,1,1,47,3,75.94,93.94,14,23,139,7,333,72,4,0.0665,5682,GET,4,1,1,TRAFFIC_ANOMALY
user-157,2026-09-28 15:15:34.340119,228,5692,3842,578134,508186,244,27,9,11,HTTPS,50,8,2,100,3,18,0,0,0,0,51,9,93.67,60.79,13,9,219,7,329,51,19,0.1103,8902,POST,3,2,1,TRAFFIC_ANOMALY
user-156,2026-09-28 15:16:34.340119,364,1958,1039,515821,692413,214,73,8,35,SSH,21,5,1,25,7,20,1,0,0,0,55,7,61.68,61.23,7,7,79,6,243,81,8,0.252,8172,POST,2,5,1,TRAFFIC_ANOMALY
user-182,2026-09-28 15:17:34.340119,161,2999,2220,669231,195803,108,81,24,19,HTTPS,97,5,5,145,11,8,0,1,1,1,28,10,80.95,72.64,19,15,52,4,77,69,9,0.2007,4377,POST,2,4,1,TRAFFIC_ANOMALY
user-009,2026-09-28 15:18:34.340119,488,4891,1550,276084,758669,127,14,22,42,HTTPS,73,2,5,78,13,14,0,0,1,0,34,11,97.94,84.75,4,8,61,6,177,65,5,0.1913,1527,GET,4,2,1,TRAFFIC_ANOMALY
user-176,2026-09-28 15:19:34.340119,176,4334,1680,467871,363162,199,80,18,12,HTTPS,70,3,5,126,6,5,0,0,1,1,59,11,60.98,89.61,18,9,208,3,101,70,16,0.1113,5047,GET,5,3,1,TRAFFIC_ANOMALY
user-081,2026-09-28 15:20:34.340119,229,3968,2222,461941,763610,244,28,10,10,TCP,37,6,4,193,11,9,0,0,0,0,63,3,97.15,91.53,19,8,141,6,98,47,15,0.2672,7279,POST,7,4,1,TRAFFIC_ANOMALY
user-188,2026-09-28 15:21:34.340119,376,4521,1659,240476,672014,90,28,6,34,HTTPS,67,7,3,122,8,21,0,0,0,1,41,12,78.48,90.49,4,10,209,6,190,43,18,0.1049,1831,GET,2,1,1,TRAFFIC_ANOMALY
user-177,2026-09-28 15:22:34.340119,357,2315,4615,802914,450996,286,29,11,17,HTTPS,35,3,2,210,6,7,0,1,1,0,54,0,74.98,64.66,3,20,135,6,133,37,12,0.0854,3463,POST,6,2,1,TRAFFIC_ANOMALY
user-025,2026-09-28 15:23:34.340119,492,1742,4951,308322,281197,145,79,18,51,HTTPS,76,3,4,244,11,5,0,1,1,0,42,2,92.6,75.67,4,11,187,5,158,66,18,0.1349,6998,POST,5,2,1,TRAFFIC_ANOMALY
user-080,2026-09-28 15:24:34.340119,486,3427,2722,468829,427303,180,59,18,22,TCP,61,5,1,209,8,12,0,0,0,0,58,5,73.25,81.25,16,19,152,8,108,49,7,0.1799,6746,PUT,2,4,1,TRAFFIC_ANOMALY
user-062,2026-09-28 15:25:34.340119,343,4297,2004,293578,499755,280,21,6,27,HTTPS,57,5,4,198,9,19,1,0,0,1,57,11,61.49,82.74,15,17,151,2,348,74,15,0.2935,2887,GET,2,1,1,TRAFFIC_ANOMALY
user-138,2026-09-28 15:26:34.340119,181,4844,3102,465499,248825,221,52,19,51,HTTPS,85,6,5,59,14,13,1,0,0,2,33,0,61.86,66.07,3,11,104,4,237,48,16,0.2478,1941,GET,2,4,1,TRAFFIC_ANOMALY
user-012,2026-09-28 15:27:34.340119,177,3326,5013,775266,304649,277,11,20,53,TCP,82,3,4,216,3,12,0,0,1,0,47,11,76.99,85.94,15,23,198,7,184,53,11,0.0549,4977,POST,3,2,1,TRAFFIC_ANOMALY
user-015,2026-09-28 15:28:34.340119,452,4056,1442,781331,447200,112,52,9,27,DNS,38,5,4,169,6,12,1,0,1,0,36,10,87.07,70.33,8,22,141,7,179,48,11,0.0881,2124,GET,6,3,1,TRAFFIC_ANOMALY
user-095,2026-09-28 15:29:34.340119,467,2794,4016,549299,259146,160,18,23,20,HTTPS,97,6,2,114,7,7,0,1,0,1,46,2,57.68,73.74,15,13,103,6,113,62,13,0.1736,6229,GET,7,5,1,TRAFFIC_ANOMALY
user-138,2026-09-28 15:30:34.340119,183,2590,3288,738953,419791,263,24,18,49,TCP,32,6,4,191,14,13,1,0,0,0,44,3,66.75,88.35,18,10,218,8,202,21,11,0.1406,9509,GET,3,3,1,TRAFFIC_ANOMALY
user-168,2026-09-28 15:31:34.340119,412,4871,1666,524650,496027,297,33,22,41,HTTPS,58,2,2,144,12,3,1,0,0,0,41,12,72.02,82.9,4,20,59,3,237,38,17,0.277,7982,GET,4,2,1,TRAFFIC_ANOMALY
user-013,2026-09-28 15:32:34.340119,318,3075,3384,289745,328713,184,82,13,46,HTTPS,98,3,3,91,8,13,0,0,1,0,39,4,66.9,89.36,8,10,153,4,343,50,11,0.2864,3343,POST,2,1,1,TRAFFIC_ANOMALY
user-009,2026-09-28 15:33:34.340119,303,5101,3127,785320,482203,176,48,18,47,HTTP,57,4,0,271,11,9,1,0,1,2,28,9,81.88,55.72,18,17,191,6,333,79,6,0.1628,8163,GET,7,2,1,TRAFFIC_ANOMALY
user-195,2026-09-28 15:34:34.340119,261,4907,1886,656690,567671,104,12,24,55,SSH,91,7,4,269,14,12,1,0,0,0,50,12,61.42,77.6,3,13,91,4,200,71,9,0.1569,1091,GET,6,1,1,TRAFFIC_ANOMALY
user-177,2026-09-28 15:35:34.340119,332,3987,3380,547434,352396,214,81,13,17,SSH,90,5,4,81,4,23,0,0,0,0,46,4,56.86,73.76,16,23,181,2,296,84,19,0.2564,2637,GET,7,1,1,TRAFFIC_ANOMALY
user-159,2026-09-28 15:36:34.340119,206,1453,3844,496508,630330,284,78,9,48,TCP,39,4,1,286,13,22,1,1,0,0,54,8,88.06,75.12,5,6,94,8,149,68,20,0.2421,2774,GET,3,1,1,TRAFFIC_ANOMALY
user-071,2026-09-28 15:37:34.340119,256,2944,4693,761423,496915,220,6,14,50,HTTPS,45,4,5,95,4,8,0,0,1,0,49,10,60.72,93.37,2,22,81,7,184,32,11,0.2868,4325,GET,6,0,1,TRAFFIC_ANOMALY
user-114,2026-09-28 15:38:34.340119,207,3257,2113,825356,437404,258,67,18,39,HTTPS,94,7,4,37,7,5,1,0,0,2,40,10,88.65,79.47,11,19,114,3,209,82,11,0.0851,1913,GET,3,0,1,TRAFFIC_ANOMALY
user-109,2026-09-28 15:39:34.340119,392,5810,1173,258504,486182,269,7,24,16,DNS,42,5,1,228,2,9,0,1,0,2,62,11,68.29,76.2,15,24,153,1,304,86,17,0.1998,5284,GET,2,3,1,TRAFFIC_ANOMALY
user-067,2026-09-28 15:40:34.340119,456,5533,2391,343882,615765,212,48,22,35,HTTPS,67,6,2,39,7,24,1,0,0,1,43,7,62.34,76.32,13,5,59,7,108,77,5,0.133,2604,DELETE,8,2,1,TRAFFIC_ANOMALY
user-089,2026-09-28 15:41:34.340119,340,2184,2646,592127,279365,120,26,10,40,HTTP,73,2,5,54,11,23,0,1,1,1,35,10,61.76,55.77,7,19,139,6,336,51,6,0.1155,7826,POST,2,2,1,TRAFFIC_ANOMALY
user-011,2026-09-28 15:42:34.340119,241,5553,4768,436724,644566,228,82,13,46,SSH,54,4,4,136,8,6,0,0,0,0,42,7,73.47,76.2,11,8,194,6,148,55,12,0.1784,9670,POST,6,1,1,TRAFFIC_ANOMALY
user-146,2026-09-28 15:43:34.340119,231,1900,1455,888885,548357,111,37,18,20,HTTPS,27,5,2,206,3,16,0,0,1,1,33,10,73.73,56.66,5,18,108,5,271,69,7,0.0555,5202,GET,5,1,1,TRAFFIC_ANOMALY
user-156,2026-09-28 15:44:34.340119,226,1442,1703,766369,528456,196,39,17,56,DNS,79,3,4,120,6,17,0,0,0,0,47,7,91.89,81.69,11,20,64,2,82,25,5,0.2843,1018,PUT,3,2,1,TRAFFIC_ANOMALY
user-166,2026-09-28 15:45:34.340119,274,1249,3582,570768,543773,150,24,12,49,HTTPS,82,5,1,97,11,22,0,0,0,0,57,10,77.75,84.64,7,16,103,3,285,37,12,0.2521,8360,POST,7,0,1,TRAFFIC_ANOMALY
user-121,2026-09-28 15:46:34.340119,498,2910,4316,617941,330564,260,37,18,28,HTTPS,72,3,4,232,15,13,0,0,1,1,43,11,68.75,82.1,4,6,202,5,137,58,5,0.2548,9549,POST,2,3,1,TRAFFIC_ANOMALY
user-010,2026-09-28 15:47:34.340119,415,1792,1397,570404,341105,275,38,23,15,HTTP,94,2,1,107,10,18,0,0,0,1,60,10,95.5,80.49,5,25,178,2,216,24,19,0.27,4957,GET,6,5,1,TRAFFIC_ANOMALY
user-172,2026-09-28 15:48:34.340119,280,4655,1880,450586,187347,162,69,15,58,HTTPS,88,7,1,270,10,25,1,1,1,2,40,4,95.49,74.06,2,6,119,5,110,85,16,0.2601,4389,POST,4,2,1,TRAFFIC_ANOMALY
user-194,2026-09-28 15:49:34.340119,420,2189,3087,335556,561118,268,30,24,20,HTTPS,52,3,3,259,3,17,1,0,0,0,48,10,61.58,72.02,8,7,180,4,120,45,15,0.1785,1599,GET,7,1,1,TRAFFIC_ANOMALY
user-035,2026-09-28 15:50:34.340119,181,3119,4571,445050,681824,193,30,23,38,SSH,48,8,1,189,5,7,0,0,1,0,47,13,77.32,57.64,3,10,147,6,119,27,20,0.0685,3485,PATCH,3,5,1,TRAFFIC_ANOMALY
user-145,2026-09-28 15:51:34.340119,173,3515,3253,714913,244618,198,16,7,22,HTTPS,27,2,2,47,14,11,1,1,0,0,55,4,79.88,91.88,10,10,201,7,319,48,19,0.2894,6337,GET,7,2,1,TRAFFIC_ANOMALY
user-139,2026-09-28 15:52:34.340119,256,4477,4498,643371,627754,227,69,20,39,HTTPS,41,6,1,245,10,24,0,0,1,0,65,7,75.46,81.08,19,10,88,8,303,67,19,0.1081,3536,POST,2,2,1,TRAFFIC_ANOMALY
user-151,2026-09-28 15:53:34.340119,480,5514,5112,586302,496247,148,16,20,45,TCP,41,5,5,239,13,19,1,0,0,0,45,5,89.41,89.6,8,7,55,7,304,43,17,0.1471,3020,PATCH,4,2,1,TRAFFIC_ANOMALY
user-048,2026-09-28 15:54:34.340119,432,3920,4882,899069,686338,100,48,19,19,SSH,43,7,3,61,6,16,0,0,1,0,45,0,78.52,82.55,10,25,135,2,191,86,7,0.2207,9573,POST,5,3,1,TRAFFIC_ANOMALY
user-017,2026-09-28 15:55:34.340119,285,2510,1259,759386,340331,131,77,13,47,HTTP,35,3,4,259,15,9,0,0,0,0,55,5,96.16,78.61,5,11,164,6,113,22,9,0.2168,5992,PATCH,2,2,1,TRAFFIC_ANOMALY
user-084,2026-09-28 15:56:34.340119,443,5592,3672,296746,772014,230,17,24,53,HTTPS,71,3,1,125,4,11,0,0,0,0,53,9,69.41,55.73,16,21,125,5,134,45,8,0.2254,8402,POST,7,5,1,TRAFFIC_ANOMALY
user-180,2026-09-28 15:57:34.340119,242,4582,3570,387057,252692,252,47,20,55,DNS,92,2,1,60,7,23,1,0,1,1,54,9,55.2,87.31,18,5,84,4,102,32,10,0.0901,3107,DELETE,4,3,1,TRAFFIC_ANOMALY
user-039,2026-09-28 15:58:34.340119,347,4144,3361,469535,233431,151,53,24,33,HTTP,48,7,3,48,7,8,0,0,0,0,34,1,78.4,89.58,20,21,97,7,220,29,14,0.1956,3003,POST,6,1,1,TRAFFIC_ANOMALY
user-122,2026-09-28 15:59:34.340119,448,4824,3320,887458,319293,239,19,24,26,HTTPS,98,4,4,177,4,4,0,0,0,1,52,13,74.72,94.57,11,6,65,6,255,78,12,0.0502,4269,GET,6,5,1,TRAFFIC_ANOMALY
user-095,2026-09-28 16:00:34.340119,390,4435,2087,726496,347154,242,87,16,23,HTTPS,54,7,3,154,3,15,0,1,1,0,62,14,63.95,85.77,12,24,143,5,273,66,6,0.2334,7205,GET,6,5,1,TRAFFIC_ANOMALY
user-035,2026-09-28 16:01:34.340119,494,4924,4902,662190,218001,223,9,6,20,HTTP,55,5,1,64,15,10,1,1,0,3,45,9,65.32,88.2,15,8,174,5,194,34,6,0.2698,8856,GET,2,4,1,TRAFFIC_ANOMALY
user-064,2026-09-28 16:02:34.340119,297,4813,5071,411155,463604,292,78,17,10,TCP,38,5,1,167,9,24,1,1,0,0,59,2,70.96,74.08,19,9,93,7,261,65,14,0.2865,9926,GET,8,3,1,TRAFFIC_ANOMALY
user-140,2026-09-28 16:03:34.340119,498,5545,3113,488591,394758,88,37,24,11,HTTPS,68,4,2,168,5,22,1,1,1,1,31,10,97.9,88.46,14,23,134,2,92,34,8,0.2691,1223,GET,2,0,1,TRAFFIC_ANOMALY
user-116,2026-09-28 16:04:34.340119,413,2414,1319,208324,361719,217,5,9,34,HTTPS,67,3,1,226,11,8,1,0,0,3,37,3,97.57,90.38,19,23,88,3,238,28,11,0.2196,4252,POST,6,3,1,TRAFFIC_ANOMALY
user-080,2026-09-28 16:05:34.340119,183,2888,4771,485135,725758,299,34,9,22,HTTPS,79,5,3,184,7,12,1,0,0,0,53,13,96.67,62.12,16,12,133,7,195,43,18,0.1643,9257,PUT,2,4,1,TRAFFIC_ANOMALY
user-124,2026-09-28 16:06:34.340119,326,1276,2247,509186,274237,135,70,9,36,HTTPS,32,4,4,150,8,7,0,0,0,0,54,14,76.63,57.49,2,9,61,6,162,31,14,0.1945,5400,GET,4,3,1,TRAFFIC_ANOMALY
user-168,2026-09-28 16:07:34.340119,338,1324,4433,226494,459584,221,64,24,10,HTTPS,93,5,3,61,6,15,0,0,0,1,41,7,75.75,89.73,8,7,138,6,219,35,7,0.1008,3495,PUT,2,0,1,TRAFFIC_ANOMALY
user-046,2026-09-28 16:08:34.340119,282,2184,3768,494886,573558,102,25,19,17,SSH,38,6,1,119,2,7,0,1,0,0,55,11,66.51,61.82,16,7,103,1,323,87,6,0.2886,7335,GET,3,2,1,TRAFFIC_ANOMALY
user-037,2026-09-28 16:09:34.340119,245,5743,1661,808421,493161,256,46,21,39,HTTP,75,4,2,231,7,9,0,0,1,0,59,1,76.64,81.37,19,6,131,6,198,46,12,0.269,5368,GET,7,4,1,TRAFFIC_ANOMALY
user-020,2026-09-28 16:10:34.340119,284,4243,1336,813265,700228,143,25,21,11,HTTPS,33,5,1,47,5,13,1,0,0,1,40,10,87.83,57.36,8,12,199,7,124,76,19,0.2505,9801,POST,3,3,1,TRAFFIC_ANOMALY
user-066,2026-09-28 16:11:34.340119,333,2821,1199,250738,203575,260,77,14,22,SSH,48,7,0,107,4,6,0,0,1,0,47,8,65.46,64.46,19,6,157,7,124,61,15,0.1946,5818,GET,3,0,1,TRAFFIC_ANOMALY
user-025,2026-09-28 16:12:34.340119,380,3210,3297,568873,745441,283,41,8,13,HTTPS,36,6,0,131,3,17,1,0,1,1,52,10,84.83,72.18,12,5,216,2,251,72,13,0.1552,3746,GET,5,1,1,TRAFFIC_ANOMALY
user-132,2026-09-28 16:13:34.340119,320,2152,4337,841311,330338,152,14,6,20,HTTPS,76,2,0,132,5,23,1,0,0,0,51,5,57.0,81.06,14,21,98,2,166,51,12,0.0705,3645,GET,4,3,1,TRAFFIC_ANOMALY
user-034,2026-09-28 16:14:34.340119,393,4449,2930,243866,601805,155,87,19,38,HTTPS,47,3,2,53,6,5,0,0,0,0,30,13,59.59,80.25,6,9,87,2,82,21,9,0.2999,5426,GET,6,2,1,TRAFFIC_ANOMALY
user-039,2026-09-28 16:15:34.340119,318,1425,3184,263308,325164,179,62,19,42,HTTP,87,4,3,118,4,15,0,0,1,2,64,1,74.63,76.13,9,7,207,3,245,75,19,0.1137,3642,PUT,4,2,1,TRAFFIC_ANOMALY
user-127,2026-09-28 16:16:34.340119,379,1305,5344,447193,495603,274,84,14,27,HTTPS,31,7,1,252,14,13,1,0,1,0,49,12,87.17,77.8,11,10,154,7,195,28,12,0.0549,4533,POST,3,2,1,TRAFFIC_ANOMALY
user-080,2026-09-28 16:17:34.340119,464,2645,5387,769491,755021,107,19,13,44,HTTPS,93,7,1,118,2,8,0,0,1,0,51,2,58.57,57.53,15,15,111,4,257,26,15,0.2609,3708,GET,4,5,1,TRAFFIC_ANOMALY
user-019,2026-09-28 16:18:34.340119,280,2353,3454,503836,768662,97,70,5,30,HTTPS,94,7,5,281,3,16,0,0,1,0,37,4,69.6,63.32,14,7,91,4,247,61,4,0.0961,8103,DELETE,1,0,1,TRAFFIC_ANOMALY
user-164,2026-09-28 16:19:34.340119,460,5820,3352,673999,608038,163,13,19,16,HTTPS,28,3,0,107,9,5,1,0,1,1,34,8,90.27,87.04,12,9,155,3,292,42,6,0.0804,9643,GET,4,5,1,TRAFFIC_ANOMALY
user-195,2026-09-28 16:20:34.340119,239,3241,5364,783389,492331,105,83,10,19,HTTPS,87,5,3,128,3,25,0,0,0,0,49,13,68.48,73.06,4,7,54,6,317,24,6,0.1244,6220,GET,3,2,1,TRAFFIC_ANOMALY
user-016,2026-09-28 16:21:34.340119,480,1600,1359,866267,414180,149,33,13,58,DNS,52,6,4,206,11,20,0,0,0,0,48,6,86.02,61.59,13,8,136,7,123,51,13,0.2292,3120,GET,4,3,1,TRAFFIC_ANOMALY
user-005,2026-09-28 16:22:34.340119,367,5866,5184,871491,753839,151,50,22,20,TCP,89,4,4,57,6,10,0,0,1,0,44,13,70.21,73.55,5,20,114,7,308,56,12,0.1611,6531,GET,6,4,1,TRAFFIC_ANOMALY
user-073,2026-09-28 16:23:34.340119,287,1525,3834,717269,317268,199,37,14,45,SSH,95,3,1,163,11,4,1,0,0,0,31,13,87.58,60.32,15,19,56,4,63,38,15,0.1301,4764,POST,5,3,1,TRAFFIC_ANOMALY
user-057,2026-09-28 16:24:34.340119,463,5175,2006,382339,352075,135,85,20,52,DNS,97,6,1,106,5,4,1,0,1,0,41,6,57.08,92.12,5,18,79,3,215,28,15,0.0923,1656,POST,1,3,1,TRAFFIC_ANOMALY
user-181,2026-09-28 16:25:34.340119,293,1664,4149,450365,697409,293,77,11,19,SSH,37,3,2,211,8,22,0,1,0,1,38,1,74.41,73.18,12,9,199,3,284,59,7,0.1243,4779,GET,1,2,1,TRAFFIC_ANOMALY
user-098,2026-09-28 16:26:34.340119,224,4272,2708,742253,198343,134,7,19,12,HTTPS,30,6,1,42,11,7,0,0,0,0,55,2,78.18,91.04,18,15,131,5,139,28,17,0.0518,6604,DELETE,2,1,1,TRAFFIC_ANOMALY
user-085,2026-09-28 16:27:34.340119,365,1688,4344,704166,669479,284,90,10,47,HTTPS,20,8,5,136,5,12,1,0,0,1,46,8,80.72,90.62,15,24,139,3,279,76,14,0.2503,1473,DELETE,2,3,1,TRAFFIC_ANOMALY
user-180,2026-09-28 16:28:34.340119,389,3030,4274,211164,300778,86,37,17,39,HTTPS,88,3,5,53,8,22,0,1,0,0,60,0,83.86,74.21,14,6,192,2,102,25,13,0.107,6657,GET,2,3,1,TRAFFIC_ANOMALY
user-099,2026-09-28 16:29:34.340119,394,3488,1875,562936,490677,149,31,24,50,HTTP,49,7,0,246,2,4,1,0,1,0,38,10,92.33,85.63,11,9,118,4,208,56,10,0.1292,6499,GET,2,5,1,TRAFFIC_ANOMALY
user-053,2026-09-28 16:30:34.340119,201,2059,1946,251489,384205,134,73,7,16,HTTPS,46,2,1,107,12,10,0,0,0,1,56,11,74.31,85.74,19,24,139,3,88,90,10,0.0687,8295,GET,7,1,1,TRAFFIC_ANOMALY
user-033,2026-09-28 16:31:34.340119,254,3400,1887,424068,497025,218,48,12,36,TCP,33,3,3,232,7,14,0,0,0,2,59,11,80.94,82.7,9,17,73,7,331,72,5,0.1744,1278,PUT,5,3,1,TRAFFIC_ANOMALY
user-150,2026-09-28 16:32:34.340119,318,2954,3119,631725,298155,196,87,23,48,HTTPS,97,6,1,274,12,7,0,0,1,1,60,12,83.14,89.35,17,18,156,2,61,72,8,0.2489,1712,POST,7,5,1,TRAFFIC_ANOMALY
user-129,2026-09-28 16:33:34.340119,221,4212,3648,894076,756975,94,44,10,16,TCP,43,2,2,291,9,3,1,1,0,1,53,9,78.71,90.02,19,9,106,3,130,78,10,0.2635,5304,GET,8,1,1,TRAFFIC_ANOMALY
user-136,2026-09-28 16:34:34.340119,402,2322,3405,880108,231382,272,20,24,29,SSH,47,5,4,209,10,4,1,0,0,0,44,12,82.43,82.76,16,9,134,2,288,57,18,0.2866,3291,GET,5,5,1,TRAFFIC_ANOMALY
user-044,2026-09-28 16:35:34.340119,346,1779,3480,381070,791528,285,51,8,21,HTTPS,85,4,0,201,13,5,0,0,0,0,66,14,75.06,64.63,4,6,184,3,222,51,20,0.0936,8249,GET,2,1,1,TRAFFIC_ANOMALY
user-024,2026-09-28 16:36:34.340119,367,1917,4980,459724,432898,230,28,12,51,HTTPS,85,8,4,282,7,8,0,1,1,1,35,9,86.35,55.22,13,6,153,5,170,44,13,0.1955,7050,GET,6,3,1,TRAFFIC_ANOMALY
user-141,2026-09-28 16:37:34.340119,283,5315,2705,416809,330286,220,55,9,34,SSH,23,5,0,265,3,9,0,0,0,0,40,4,88.47,75.04,10,25,60,3,138,32,9,0.199,7963,GET,2,5,1,TRAFFIC_ANOMALY
user-120,2026-09-28 16:38:34.340119,205,5081,5340,782857,339164,276,46,11,34,HTTPS,58,5,3,149,13,10,0,0,0,0,53,2,55.19,67.7,5,15,83,6,103,22,17,0.1381,2765,POST,5,5,1,TRAFFIC_ANOMALY
user-047,2026-09-28 16:39:34.340119,291,1576,4148,547198,527590,96,34,6,17,SSH,98,7,3,165,13,4,1,1,0,0,33,10,77.82,72.78,5,21,208,6,258,55,13,0.2422,7519,POST,2,1,1,TRAFFIC_ANOMALY
user-025,2026-09-28 16:40:34.340119,209,3504,2320,793715,525473,237,20,22,35,HTTPS,38,6,2,275,14,6,1,0,0,1,61,5,77.75,62.05,13,11,52,8,166,73,7,0.2573,8153,GET,3,2,1,TRAFFIC_ANOMALY
user-110,2026-09-28 04:11:34.740733,159,1137,322,122531,129702,36,137,13,8,TCP,25,1,15,391,4,15,1,0,1,1,33,5,48.73,55.06,8,5,28,21,738,105,99,0.3738,21645,GET,6,8,1,API_ANOMALY
user-128,2026-09-28 04:12:34.740733,132,433,644,45451,85919,58,97,8,8,HTTPS,11,5,5,68,14,17,0,0,0,0,35,14,61.23,70.53,2,20,18,14,415,42,80,0.2705,14824,GET,28,16,1,API_ANOMALY
user-027,2026-09-28 04:13:34.740733,168,563,694,38555,108480,33,164,7,9,TCP,21,6,8,309,9,11,0,0,1,0,42,9,54.69,47.67,9,15,22,10,207,75,89,0.3307,9519,GET,16,15,1,API_ANOMALY
user-090,2026-09-28 04:14:34.740733,63,1085,299,44670,85386,37,90,8,4,HTTPS,11,5,11,353,10,19,0,1,0,1,37,6,35.49,50.82,2,6,23,9,289,56,49,0.5903,20330,POST,11,2,1,API_ANOMALY
user-154,2026-09-28 04:15:34.740733,175,474,276,142798,64105,43,145,12,3,SSH,19,2,6,247,25,28,0,0,1,0,60,9,26.74,45.47,2,9,13,14,530,103,53,0.3838,1595,GET,17,8,1,API_ANOMALY
user-120,2026-09-28 04:16:34.740733,166,1065,809,65981,77565,47,119,13,10,HTTPS,29,2,4,202,5,12,1,1,0,0,52,7,38.96,53.81,3,19,9,14,352,35,47,0.371,8804,POST,27,21,1,API_ANOMALY
user-014,2026-09-28 04:17:34.740733,88,440,748,25472,93640,23,130,6,12,HTTPS,11,6,3,275,6,21,0,0,1,0,63,3,61.85,79.81,2,8,17,29,395,64,84,0.3075,10114,GET,24,23,1,API_ANOMALY
user-110,2026-09-28 04:18:34.740733,137,630,480,46492,107066,17,153,11,7,HTTPS,22,7,6,416,16,25,1,0,0,1,55,11,25.2,51.58,1,7,16,18,362,62,66,0.4381,19157,GET,28,14,1,API_ANOMALY
user-019,2026-09-28 04:19:34.740733,89,870,563,160414,152062,33,91,3,12,HTTPS,27,3,5,75,7,30,0,0,1,0,47,2,65.68,63.86,1,13,28,10,720,31,86,0.5585,9477,GET,28,25,1,API_ANOMALY
user-144,2026-09-28 04:20:34.740733,142,1104,274,91212,80470,59,33,8,3,HTTPS,15,5,3,458,16,48,0,1,0,1,40,6,68.5,36.05,8,15,30,28,411,123,25,0.3911,21953,GET,6,19,1,API_ANOMALY
user-050,2026-09-28 04:21:34.740733,99,629,1051,62448,145329,10,34,11,9,HTTPS,9,6,4,188,7,43,1,0,0,0,43,3,77.57,41.75,5,5,27,13,705,52,36,0.1759,25908,GET,8,20,1,API_ANOMALY
user-179,2026-09-28 04:22:34.740733,99,735,673,124133,136791,60,21,4,8,HTTPS,13,5,18,44,19,56,0,0,1,1,34,10,66.94,58.45,11,10,14,25,252,70,32,0.4279,15434,GET,29,4,1,API_ANOMALY
user-111,2026-09-28 04:23:34.740733,156,1071,257,166802,83428,57,128,14,14,HTTPS,11,3,2,463,23,33,1,1,0,0,47,2,30.82,79.18,9,14,27,20,675,51,22,0.2058,7051,POST,6,17,1,API_ANOMALY
user-191,2026-09-28 04:24:34.740733,90,1145,878,117422,60723,50,101,4,3,HTTPS,9,4,10,201,24,14,1,1,0,0,45,7,76.15,31.49,3,19,15,9,306,87,98,0.5454,8167,GET,24,4,1,API_ANOMALY
user-046,2026-09-28 04:25:34.740733,141,463,543,152959,74750,28,11,12,13,HTTP,13,2,12,410,7,20,0,0,0,0,29,1,72.61,78.65,5,19,14,25,713,96,24,0.5455,6670,POST,15,14,1,API_ANOMALY
user-039,2026-09-28 04:26:34.740733,205,549,455,136124,95203,57,57,6,13,SSH,15,5,10,168,6,16,0,0,1,0,40,3,26.67,45.02,1,17,10,30,486,124,87,0.4508,22020,PUT,5,3,1,API_ANOMALY
user-023,2026-09-28 04:27:34.740733,129,1077,995,50320,98476,44,65,6,5,HTTP,25,1,10,421,25,42,1,0,0,1,62,14,72.3,43.16,5,8,11,12,783,143,80,0.5731,23065,GET,29,6,1,API_ANOMALY
user-106,2026-09-28 04:28:34.740733,188,797,442,116506,137302,46,134,7,12,TCP,20,7,9,85,19,44,0,0,0,0,48,1,49.6,71.52,6,18,17,23,457,90,25,0.3616,24952,GET,13,14,1,API_ANOMALY
user-189,2026-09-28 04:29:34.740733,94,826,791,43377,85108,53,67,13,11,HTTPS,10,3,16,310,6,40,1,0,1,1,41,14,52.51,43.41,5,17,20,13,575,121,29,0.5236,24777,PUT,5,12,1,API_ANOMALY
user-031,2026-09-28 04:30:34.740733,106,1078,1028,32417,154187,56,81,7,7,TCP,9,2,9,219,16,48,0,0,0,0,32,10,47.86,59.49,1,10,20,24,716,93,88,0.319,17387,POST,18,14,1,API_ANOMALY
user-040,2026-09-28 04:31:34.740733,214,870,401,178957,85917,20,84,4,11,HTTPS,28,5,3,416,23,18,0,0,0,0,29,0,65.83,51.65,11,4,33,6,287,125,52,0.5183,19541,PUT,12,25,1,API_ANOMALY
user-084,2026-09-28 04:32:34.740733,83,746,764,99736,140784,18,178,3,8,HTTP,12,8,3,258,4,20,0,0,1,0,49,13,76.5,74.35,6,8,33,22,416,129,83,0.2526,17776,POST,14,12,1,API_ANOMALY
user-145,2026-09-28 04:33:34.740733,125,294,970,179102,143973,15,139,9,7,TCP,29,5,19,423,11,25,0,1,0,0,44,7,25.7,31.15,3,14,14,17,408,97,84,0.2378,8396,PUT,7,22,1,API_ANOMALY
user-145,2026-09-28 04:34:34.740733,105,615,839,113129,34355,54,77,2,5,TCP,22,2,12,486,13,30,0,0,1,1,40,11,73.77,66.51,2,15,34,22,333,52,83,0.5957,24657,GET,15,7,1,API_ANOMALY
user-143,2026-09-28 04:35:34.740733,179,606,931,115572,30280,53,78,4,4,HTTP,26,7,6,253,13,23,1,0,0,3,51,11,58.74,57.32,4,16,23,6,623,62,31,0.2411,29142,GET,9,15,1,API_ANOMALY
user-024,2026-09-28 04:36:34.740733,82,605,378,159191,134363,20,19,3,11,TCP,28,4,5,408,9,55,1,1,1,2,46,2,66.44,63.5,5,11,11,17,367,84,23,0.1886,24756,GET,12,21,1,API_ANOMALY
user-137,2026-09-28 04:37:34.740733,141,568,1081,175951,33552,20,27,5,8,HTTPS,22,6,3,43,13,30,0,1,0,0,43,12,75.62,74.88,2,17,12,17,193,64,31,0.5049,20433,PATCH,17,4,1,API_ANOMALY
user-114,2026-09-28 04:38:34.740733,144,632,911,107333,104427,44,79,6,7,TCP,15,2,7,342,23,49,1,0,0,1,57,14,40.98,38.78,12,11,10,16,401,49,79,0.3624,14605,GET,17,9,1,API_ANOMALY
user-057,2026-09-28 04:39:34.740733,86,446,704,151847,65064,46,152,9,12,HTTPS,13,6,2,263,8,44,0,1,0,0,25,7,73.69,66.38,5,17,28,22,393,47,23,0.3367,3536,GET,29,22,1,API_ANOMALY
user-093,2026-09-28 04:40:34.740733,193,294,1089,56088,98243,35,34,6,14,HTTPS,11,3,10,134,22,15,0,1,1,0,42,1,22.75,48.74,10,16,20,10,701,72,33,0.4592,19981,GET,17,15,1,API_ANOMALY
user-153,2026-09-28 04:41:34.740733,85,597,1080,108397,44403,28,74,13,5,HTTPS,29,6,19,367,9,57,1,0,0,1,37,8,46.22,64.34,10,15,35,11,699,39,52,0.2389,21458,POST,25,18,1,API_ANOMALY
user-029,2026-09-28 04:42:34.740733,126,276,830,64611,140592,46,139,5,10,HTTP,14,3,8,96,6,39,0,0,0,2,38,12,23.59,63.76,7,20,15,23,706,71,36,0.5729,29266,DELETE,20,14,1,API_ANOMALY
user-082,2026-09-28 04:43:34.740733,76,1047,310,46078,126053,55,35,6,11,TCP,17,1,14,232,4,56,0,0,0,1,39,1,40.1,59.47,9,19,17,24,664,68,76,0.44,21376,PUT,12,6,1,API_ANOMALY
user-119,2026-09-28 04:44:34.740733,115,888,912,61211,29830,40,76,14,13,HTTP,22,2,9,39,11,53,0,1,0,1,38,1,77.7,32.42,1,17,27,26,334,128,30,0.2094,29736,GET,7,19,1,API_ANOMALY
user-098,2026-09-28 04:45:34.740733,206,481,616,173311,92945,21,37,2,8,DNS,17,2,6,325,5,14,1,1,0,1,36,3,75.86,38.55,9,7,31,10,429,150,93,0.4969,20303,PUT,5,16,1,API_ANOMALY
user-084,2026-09-28 04:46:34.740733,122,277,826,100717,39550,13,58,13,11,SSH,13,4,14,454,16,33,0,0,0,0,52,14,73.4,31.22,0,13,33,10,324,137,94,0.3725,12013,PATCH,15,13,1,API_ANOMALY
user-042,2026-09-28 04:47:34.740733,150,637,312,111762,69757,16,159,12,3,DNS,21,8,5,461,12,34,1,0,0,0,64,14,37.58,77.34,6,11,10,6,543,88,35,0.4917,8813,GET,26,7,1,API_ANOMALY
user-068,2026-09-28 04:48:34.740733,131,573,314,122538,131636,13,160,5,7,HTTPS,12,5,10,356,12,45,0,0,1,0,34,4,48.99,79.6,11,10,21,29,194,62,78,0.2381,10306,POST,15,13,1,API_ANOMALY
user-043,2026-09-28 04:49:34.740733,137,822,461,85610,131768,51,145,9,6,HTTP,10,3,7,325,7,60,0,0,0,1,54,14,58.69,34.81,11,10,24,8,765,90,43,0.1661,25191,PUT,21,7,1,API_ANOMALY
user-065,2026-09-28 04:50:34.740733,183,260,829,119753,25824,41,26,14,4,TCP,8,2,2,170,11,23,1,0,1,2,39,6,58.42,58.02,9,15,16,25,759,104,84,0.2351,13921,POST,24,24,1,API_ANOMALY
user-107,2026-09-28 04:51:34.740733,116,587,737,26078,92130,15,107,6,7,HTTPS,24,5,5,181,14,56,1,1,0,0,31,2,75.84,39.34,3,13,31,25,438,109,34,0.5636,6132,GET,15,20,1,API_ANOMALY
user-002,2026-09-28 04:52:34.740733,89,1190,504,175071,114567,21,50,3,5,HTTPS,9,6,19,361,10,50,0,0,1,1,46,12,55.3,41.9,11,8,19,21,251,42,40,0.5504,29533,GET,9,11,1,API_ANOMALY
user-098,2026-09-28 04:53:34.740733,102,1196,1067,140546,53963,58,177,13,11,HTTPS,10,2,14,23,12,44,1,0,0,1,60,14,41.76,31.71,1,11,27,25,758,62,97,0.5974,17186,GET,9,11,1,API_ANOMALY
user-156,2026-09-28 04:54:34.740733,182,346,918,43913,138802,21,17,8,5,HTTPS,21,2,19,315,8,42,0,0,0,0,48,3,71.9,66.08,3,18,21,21,523,48,98,0.4176,28107,PUT,6,8,1,API_ANOMALY
user-013,2026-09-28 04:55:34.740733,164,775,258,133842,86203,47,10,6,14,HTTPS,13,1,6,47,10,52,0,0,0,3,41,5,76.28,69.43,1,11,14,8,307,33,81,0.3394,5403,POST,29,15,1,API_ANOMALY
user-178,2026-09-28 04:56:34.740733,167,1019,709,132091,141501,35,84,5,6,HTTP,29,8,16,402,7,26,0,0,0,2,48,1,57.02,53.66,4,5,32,29,573,114,26,0.3643,19762,GET,29,6,1,API_ANOMALY
user-112,2026-09-28 04:57:34.740733,188,328,332,47287,73288,57,31,6,3,HTTPS,21,4,7,206,22,44,1,1,0,0,55,8,45.78,58.35,7,4,11,21,319,81,62,0.4875,24094,PUT,20,24,1,API_ANOMALY
user-109,2026-09-28 04:58:34.740733,202,328,260,117287,157379,46,82,5,4,DNS,7,5,6,359,8,35,0,0,1,0,34,10,33.48,32.16,2,7,23,8,495,142,77,0.3416,13422,POST,19,23,1,API_ANOMALY
user-116,2026-09-28 04:59:34.740733,206,593,794,114312,150434,21,110,4,13,HTTPS,24,2,19,25,14,40,1,0,1,0,31,7,28.92,47.09,2,9,10,26,362,110,91,0.2881,23918,POST,21,5,1,API_ANOMALY
user-033,2026-09-28 05:00:34.740733,118,744,924,116347,125559,25,155,10,9,HTTP,19,6,17,422,15,15,1,0,0,1,47,7,65.27,70.83,5,7,9,21,624,91,59,0.1617,5831,POST,20,15,1,API_ANOMALY
user-123,2026-09-28 05:01:34.740733,174,275,617,29431,72164,22,14,11,2,HTTPS,25,3,4,112,19,52,1,1,0,0,46,6,64.86,41.85,9,9,25,11,360,146,23,0.1867,19910,POST,28,3,1,API_ANOMALY
user-015,2026-09-28 05:02:34.740733,70,1077,385,102451,111014,17,121,3,9,DNS,17,6,3,142,21,29,1,1,0,0,37,1,31.88,74.09,4,5,34,12,650,115,50,0.1593,7739,POST,14,11,1,API_ANOMALY
user-200,2026-09-28 05:03:34.740733,61,390,903,31434,63321,24,60,4,12,HTTPS,10,7,18,58,19,11,1,0,1,1,57,9,66.5,54.16,2,14,33,28,198,143,24,0.3763,18489,POST,19,7,1,API_ANOMALY
user-022,2026-09-28 05:04:34.740733,76,357,696,125343,29198,54,139,5,10,HTTPS,10,4,20,151,12,39,1,0,0,1,42,7,39.11,37.13,3,5,30,24,590,117,28,0.3692,23264,GET,9,24,1,API_ANOMALY
user-105,2026-09-28 05:05:34.740733,125,1144,765,41792,68828,30,134,12,11,HTTPS,18,7,14,177,9,48,1,1,0,0,51,7,65.16,74.55,9,9,34,25,457,83,92,0.2631,8315,GET,21,23,1,API_ANOMALY
user-109,2026-09-28 05:06:34.740733,142,314,797,159518,71537,31,29,12,6,HTTPS,9,2,16,29,7,15,0,0,1,0,57,2,34.68,55.11,3,10,15,6,528,112,67,0.2102,9393,POST,12,16,1,API_ANOMALY
user-080,2026-09-28 05:07:34.740733,173,724,325,103764,151067,15,159,9,11,HTTP,26,4,9,57,21,27,0,0,0,0,49,9,76.09,56.76,8,16,9,27,776,136,54,0.4846,7060,PUT,25,10,1,API_ANOMALY
user-175,2026-09-28 05:08:34.740733,92,790,761,100283,118139,12,102,5,9,SSH,11,7,5,58,20,31,1,0,0,2,49,4,58.03,64.06,5,9,27,25,195,139,82,0.516,12340,GET,16,11,1,API_ANOMALY
user-113,2026-09-28 05:09:34.740733,96,836,536,29974,98350,27,69,4,12,HTTP,18,4,11,127,12,34,0,0,1,0,32,3,52.93,48.67,10,17,32,20,571,135,69,0.2666,20025,POST,23,18,1,API_ANOMALY
user-196,2026-09-28 05:10:34.740733,84,1160,274,77782,35737,12,120,12,6,HTTPS,16,3,15,407,8,48,0,0,1,0,46,5,72.11,71.72,5,8,20,14,410,44,67,0.4857,23557,GET,5,17,1,API_ANOMALY
user-031,2026-09-28 05:11:34.740733,130,377,877,112573,145653,27,172,4,7,HTTPS,20,7,14,116,3,28,0,1,0,0,56,6,71.13,33.13,1,19,15,27,391,138,51,0.2573,27714,GET,22,21,1,API_ANOMALY
user-089,2026-09-28 05:12:34.740733,139,263,308,110631,38725,41,40,3,9,HTTPS,22,4,17,161,24,20,0,0,1,0,47,3,22.3,71.48,6,16,15,25,422,54,69,0.4908,14642,POST,16,21,1,API_ANOMALY
user-183,2026-09-28 05:13:34.740733,158,557,653,155822,93992,37,63,9,7,HTTPS,7,3,16,52,16,50,1,0,0,0,36,10,48.23,33.13,5,11,9,29,516,127,81,0.1794,21848,GET,23,16,1,API_ANOMALY
user-172,2026-09-28 05:14:34.740733,124,1093,914,85606,109526,52,131,3,6,DNS,21,8,13,112,23,41,0,0,1,0,37,2,52.88,51.48,8,14,21,10,485,115,31,0.1948,1273,POST,17,19,1,API_ANOMALY
user-166,2026-09-28 05:15:34.740733,107,562,768,113132,112597,55,46,4,11,HTTP,7,4,8,240,25,43,1,0,0,0,47,4,46.67,30.24,4,7,30,22,712,60,28,0.4955,12851,DELETE,27,16,1,API_ANOMALY
user-008,2026-09-28 05:16:34.740733,112,844,722,57665,75581,28,32,14,9,TCP,16,7,5,431,7,42,1,0,0,1,45,7,56.27,70.26,9,9,13,27,748,70,83,0.2408,24952,GET,30,8,1,API_ANOMALY
user-133,2026-09-28 05:17:34.740733,144,360,341,138334,107210,17,102,4,14,TCP,14,5,8,448,6,29,0,0,0,1,59,5,55.59,39.72,2,9,20,30,603,134,76,0.2097,28890,GET,11,11,1,API_ANOMALY
user-010,2026-09-28 05:18:34.740733,219,757,367,155229,118150,39,178,4,4,HTTP,29,7,3,337,7,34,0,0,1,0,34,14,65.31,75.16,1,16,14,7,362,66,28,0.2548,14643,GET,17,9,1,API_ANOMALY
user-100,2026-09-28 05:19:34.740733,164,966,594,73810,139501,52,90,12,9,SSH,8,2,6,49,6,54,0,0,1,1,28,11,73.39,67.98,2,12,9,25,720,112,83,0.1585,17448,POST,19,4,1,API_ANOMALY
user-060,2026-09-28 05:20:34.740733,190,986,617,134495,152332,12,167,15,11,SSH,25,1,8,341,9,14,1,0,1,0,36,13,50.7,73.89,11,7,35,28,455,136,90,0.409,4816,GET,27,18,1,API_ANOMALY
user-094,2026-09-28 05:21:34.740733,169,380,942,123085,87222,51,18,8,13,HTTP,18,2,8,276,11,54,0,0,0,0,36,14,27.63,57.52,1,13,18,28,466,99,37,0.3163,13902,GET,8,20,1,API_ANOMALY
user-027,2026-09-28 05:22:34.740733,219,377,443,62693,143010,15,75,3,7,HTTPS,21,8,11,337,3,44,1,0,0,1,37,7,52.92,64.41,3,10,19,29,620,69,54,0.3188,22698,PATCH,30,19,1,API_ANOMALY
user-120,2026-09-28 05:23:34.740733,182,437,320,156099,136640,25,102,12,5,HTTP,25,6,7,62,24,11,0,0,0,1,63,12,41.47,34.83,5,10,23,6,760,57,60,0.2497,29436,GET,25,11,1,API_ANOMALY
user-089,2026-09-28 05:24:34.740733,137,926,1022,106910,124404,18,122,5,4,TCP,19,7,5,443,4,10,0,0,0,0,34,0,55.81,56.32,9,10,18,7,657,135,76,0.3713,15246,GET,10,14,1,API_ANOMALY
user-010,2026-09-28 05:25:34.740733,64,1126,481,89123,106536,43,57,4,5,HTTPS,12,6,16,359,15,44,1,0,1,1,45,8,67.44,32.03,10,9,10,24,721,140,99,0.1711,10704,GET,7,16,1,API_ANOMALY
user-179,2026-09-28 05:26:34.740733,177,993,895,91480,101414,57,32,8,7,HTTP,23,7,17,463,9,39,1,1,0,1,51,2,25.77,76.83,12,18,18,29,792,59,62,0.4875,1939,PUT,19,14,1,API_ANOMALY
user-192,2026-09-28 05:27:34.740733,106,1190,747,147238,55429,58,41,13,9,DNS,18,5,8,426,8,26,0,1,0,0,62,10,28.94,69.61,5,4,31,22,282,33,64,0.487,20427,POST,27,5,1,API_ANOMALY
user-009,2026-09-28 05:28:34.740733,109,904,486,39891,142678,14,139,10,15,HTTP,8,2,11,397,24,52,1,0,0,0,49,10,54.27,58.13,12,11,14,30,668,103,92,0.3003,1579,PATCH,21,8,1,API_ANOMALY
user-166,2026-09-28 05:29:34.740733,194,566,392,170558,79291,36,89,8,6,HTTPS,5,2,3,469,18,53,1,0,0,0,57,14,38.21,32.6,11,5,32,17,450,63,28,0.4109,22674,GET,21,16,1,API_ANOMALY
user-075,2026-09-28 05:30:34.740733,99,308,281,119893,103559,26,141,11,4,SSH,16,5,17,462,7,47,0,1,0,0,38,8,72.84,47.09,7,15,21,8,453,48,69,0.4343,15457,POST,13,11,1,API_ANOMALY
user-113,2026-09-28 05:31:34.740733,164,956,623,42999,84320,11,162,14,5,HTTPS,30,2,11,243,7,14,0,1,0,1,62,9,39.03,47.38,4,7,16,28,270,54,39,0.294,26189,PUT,11,25,1,API_ANOMALY
user-041,2026-09-28 05:32:34.740733,115,1045,375,94958,126183,46,170,7,14,HTTPS,12,6,7,314,22,15,0,1,0,0,45,2,61.22,77.77,12,9,31,21,661,32,33,0.4011,18142,POST,8,3,1,API_ANOMALY
user-099,2026-09-28 05:33:34.740733,139,501,269,31426,63634,44,128,2,3,TCP,20,4,7,237,17,13,1,0,1,0,31,4,66.42,39.59,0,14,18,11,223,79,65,0.2226,10074,POST,20,8,1,API_ANOMALY
user-076,2026-09-28 05:34:34.740733,107,557,935,101975,69560,59,172,6,3,HTTP,11,2,5,472,22,28,1,0,1,1,27,0,33.6,76.92,1,18,9,16,469,112,33,0.1914,15093,PATCH,25,15,1,API_ANOMALY
user-173,2026-09-28 05:35:34.740733,85,523,377,53972,98955,37,124,5,8,HTTP,14,8,17,293,22,39,1,0,1,1,62,11,26.69,67.06,9,19,30,9,265,33,65,0.4786,545,POST,27,18,1,API_ANOMALY
user-141,2026-09-28 05:36:34.740733,131,1178,987,133306,156899,38,102,6,14,DNS,15,1,13,300,6,10,1,1,0,0,32,12,65.79,55.91,10,7,32,27,293,97,90,0.3033,5846,DELETE,29,15,1,API_ANOMALY
user-187,2026-09-28 05:37:34.740733,123,546,843,78302,53034,10,80,12,8,HTTPS,14,3,14,191,12,47,0,0,1,0,37,13,30.15,76.65,9,7,22,11,530,135,39,0.5552,25177,GET,12,24,1,API_ANOMALY
user-059,2026-09-28 05:38:34.740733,89,269,620,96047,119957,18,155,13,4,TCP,16,5,5,348,4,16,1,0,1,0,27,10,64.14,50.93,8,6,24,14,228,144,65,0.5519,3121,GET,19,2,1,API_ANOMALY
user-010,2026-09-28 05:39:34.740733,102,412,445,92162,79220,53,116,15,6,HTTPS,15,7,7,106,10,55,1,0,1,0,56,11,38.98,48.77,12,16,32,5,537,142,28,0.2984,3482,GET,27,3,1,API_ANOMALY
user-092,2026-09-28 05:40:34.740733,132,540,489,162452,31492,57,172,3,2,HTTP,13,7,5,242,14,35,0,1,1,1,58,4,29.72,69.32,10,7,23,23,274,70,90,0.5109,29830,DELETE,18,13,1,API_ANOMALY
user-062,2026-09-28 05:41:34.740733,202,758,720,134812,30303,17,54,13,7,HTTPS,12,6,8,159,9,46,1,0,1,0,46,13,24.49,57.29,2,7,28,30,624,134,77,0.1534,23788,GET,21,2,1,API_ANOMALY
user-152,2026-09-28 05:42:34.740733,154,645,784,111597,142431,57,161,13,7,TCP,20,6,18,184,4,30,0,1,0,1,31,13,31.33,43.93,9,16,29,21,733,114,80,0.338,14115,GET,22,19,1,API_ANOMALY
user-145,2026-09-28 05:43:34.740733,200,497,352,56482,90156,29,109,11,4,TCP,25,4,14,78,8,32,0,0,0,0,46,10,29.19,39.18,1,9,27,29,749,69,25,0.2906,12846,GET,20,6,1,API_ANOMALY
user-132,2026-09-28 05:44:34.740733,196,901,566,63111,30148,17,68,6,10,SSH,29,5,12,236,21,38,1,0,1,0,39,13,40.23,63.69,3,16,12,11,366,91,99,0.5699,20655,POST,21,19,1,API_ANOMALY
user-092,2026-09-28 05:45:34.740733,187,425,932,158749,111179,42,129,13,4,HTTP,9,7,7,400,20,55,0,0,0,0,59,12,42.59,32.54,9,7,10,12,480,97,32,0.4963,13336,GET,18,15,1,API_ANOMALY
user-080,2026-09-28 05:46:34.740733,76,772,804,77453,55287,31,93,12,10,HTTPS,25,6,5,74,19,24,0,0,1,0,49,11,71.42,55.93,8,10,24,17,315,55,60,0.4964,13528,GET,22,8,1,API_ANOMALY
user-186,2026-09-28 05:47:34.740733,100,932,1032,102297,80137,27,82,12,10,TCP,19,6,6,337,7,42,0,1,0,2,55,2,71.01,42.06,7,14,17,8,493,121,83,0.2743,22943,GET,15,18,1,API_ANOMALY
user-010,2026-09-28 05:48:34.740733,199,983,1071,168205,87404,43,114,4,13,TCP,25,5,7,73,14,19,1,0,1,1,56,10,63.38,76.2,7,11,25,26,577,130,50,0.4117,25687,PUT,28,3,1,API_ANOMALY
user-150,2026-09-28 05:49:34.740733,208,541,442,43527,42139,56,166,3,13,HTTPS,17,3,16,223,15,41,1,1,1,0,46,8,58.84,43.0,10,19,11,9,193,106,76,0.3283,5870,GET,22,11,1,API_ANOMALY
user-194,2026-09-28 05:50:34.740733,109,535,890,127743,68788,35,135,14,13,TCP,10,2,2,99,15,39,1,0,0,1,32,7,60.64,59.37,7,14,13,9,608,75,57,0.5687,18112,PUT,10,14,1,API_ANOMALY
user-003,2026-09-28 05:51:34.740733,104,452,1044,56374,106136,54,149,3,12,SSH,13,5,11,88,19,21,0,0,1,0,36,9,37.25,30.05,9,7,19,12,306,113,20,0.2004,12710,GET,22,21,1,API_ANOMALY
user-037,2026-09-28 05:52:34.740733,79,993,805,54316,157257,40,122,5,14,SSH,18,5,10,450,15,29,1,0,0,0,61,3,43.99,51.93,7,5,19,16,534,109,81,0.4053,5288,GET,9,3,1,API_ANOMALY
user-002,2026-09-28 05:53:34.740733,83,1175,920,119638,37642,36,121,4,3,HTTP,23,2,9,278,19,59,0,0,0,1,32,12,33.21,66.17,4,6,34,29,450,123,64,0.2483,8334,GET,8,14,1,API_ANOMALY
user-183,2026-09-28 05:54:34.740733,192,626,938,54468,158772,25,39,3,12,HTTPS,26,2,15,26,14,17,1,1,1,1,30,10,51.28,33.37,3,14,27,19,326,123,81,0.2734,8305,PUT,23,18,1,API_ANOMALY
user-193,2026-09-28 05:55:34.740733,71,494,551,179089,136545,17,166,9,14,TCP,17,2,13,58,24,18,0,0,0,2,41,0,43.84,42.06,1,15,20,10,390,95,92,0.1992,7785,PUT,7,11,1,API_ANOMALY
user-104,2026-09-28 05:56:34.740733,147,1128,301,133059,72379,26,116,12,15,HTTPS,25,1,4,229,16,37,1,1,0,2,36,6,54.23,68.18,4,7,25,15,443,126,74,0.2225,29226,GET,23,16,1,API_ANOMALY
user-102,2026-09-28 05:57:34.740733,203,656,744,179562,113084,51,123,11,13,HTTPS,21,5,6,210,22,48,0,0,0,2,51,14,43.58,56.14,4,10,32,25,631,124,50,0.3604,13925,GET,25,16,1,API_ANOMALY
user-024,2026-09-28 05:58:34.740733,195,780,380,59623,33889,17,31,5,4,HTTPS,28,5,9,131,11,57,1,1,0,0,59,13,31.95,31.88,11,7,18,14,692,84,91,0.5814,26492,POST,23,21,1,API_ANOMALY
user-116,2026-09-28 05:59:34.740733,157,1026,268,33840,112463,25,69,6,5,HTTPS,21,6,20,33,15,31,1,0,1,2,38,3,21.0,49.75,11,5,14,14,483,111,47,0.1747,16243,GET,14,19,1,API_ANOMALY
user-163,2026-09-28 06:00:34.740733,208,557,289,129938,68658,14,48,14,9,HTTPS,28,2,13,449,15,46,1,0,1,0,30,3,49.73,39.3,5,8,29,23,786,83,95,0.2499,24973,GET,21,6,1,API_ANOMALY
user-104,2026-09-28 06:01:34.740733,152,533,561,173015,115123,60,24,9,7,SSH,29,6,17,405,23,19,1,1,1,0,38,2,74.02,64.78,4,12,31,12,698,149,50,0.2223,27150,GET,15,16,1,API_ANOMALY
user-046,2026-09-28 06:02:34.740733,171,898,657,104758,90541,35,72,9,2,HTTP,17,2,17,497,12,17,0,0,1,0,40,6,32.0,58.41,9,17,23,7,555,46,95,0.2223,29303,POST,17,8,1,API_ANOMALY
user-158,2026-09-28 06:03:34.740733,103,295,653,162948,72379,41,60,10,5,DNS,9,6,5,111,14,34,0,0,1,1,57,13,73.64,32.89,5,5,31,11,360,118,44,0.4927,16226,DELETE,24,5,1,API_ANOMALY
user-183,2026-09-28 06:04:34.740733,81,470,503,103474,49901,43,135,5,12,HTTPS,18,3,7,108,15,59,1,0,1,0,44,0,53.1,45.29,4,7,21,17,500,79,21,0.3618,28565,POST,9,10,1,API_ANOMALY
user-102,2026-09-28 06:05:34.740733,157,1032,655,101013,56901,33,74,14,7,HTTPS,7,6,3,461,21,22,0,0,0,0,52,11,34.77,60.88,5,19,26,10,669,134,78,0.1781,10083,POST,10,10,1,API_ANOMALY
user-019,2026-09-28 06:06:34.740733,145,631,1077,179968,32623,37,174,6,14,HTTP,13,4,11,122,21,37,1,1,0,2,39,9,43.57,61.79,9,9,23,7,330,70,56,0.506,15660,PUT,26,23,1,API_ANOMALY
user-170,2026-09-28 06:07:34.740733,150,890,590,111767,140469,15,179,9,2,SSH,16,4,3,37,15,16,1,0,0,0,52,2,20.43,30.06,9,9,12,6,378,145,47,0.5392,17578,GET,19,4,1,API_ANOMALY
user-001,2026-09-28 06:08:34.740733,159,1151,253,111917,99860,56,105,4,2,HTTPS,19,4,13,179,14,57,0,0,1,1,28,12,78.98,39.61,10,18,19,6,733,147,81,0.1607,11848,PUT,21,11,1,API_ANOMALY
user-075,2026-09-28 06:09:34.740733,64,1107,932,101861,44133,60,60,7,12,HTTPS,7,2,5,227,4,51,1,0,1,1,35,13,43.5,70.14,5,18,18,10,451,119,83,0.4147,6384,GET,19,12,1,API_ANOMALY
user-059,2026-09-28 06:10:34.740733,190,1188,647,115773,112008,41,118,5,6,TCP,30,6,6,184,8,43,1,0,1,0,58,5,56.91,74.25,3,7,33,22,397,105,53,0.5817,26207,GET,13,12,1,API_ANOMALY
user-128,2026-09-28 06:11:34.740733,78,856,1085,120809,122357,24,14,5,6,HTTPS,8,2,14,373,21,51,1,1,0,1,41,0,70.19,77.64,10,8,23,11,495,67,92,0.4851,3116,POST,18,22,1,API_ANOMALY
user-060,2026-09-28 06:12:34.740733,120,616,964,146437,102511,54,147,10,4,TCP,9,5,9,120,13,59,0,0,1,0,57,14,75.12,59.62,5,15,22,17,569,108,40,0.2236,20369,GET,18,15,1,API_ANOMALY
user-052,2026-09-28 06:13:34.740733,118,788,1082,164283,115859,13,179,13,11,HTTP,25,5,3,187,13,49,0,0,0,0,38,11,68.37,58.11,10,17,27,13,601,122,39,0.4502,9756,GET,27,13,1,API_ANOMALY
user-197,2026-09-28 06:14:34.740733,159,760,502,30390,119928,44,156,4,5,TCP,8,1,2,412,12,53,0,0,0,1,47,4,46.31,40.19,7,15,34,7,251,138,89,0.5996,24514,PUT,23,23,1,API_ANOMALY
user-057,2026-09-28 06:15:34.740733,188,847,452,178511,136970,29,19,4,6,HTTPS,9,2,3,399,13,25,0,0,0,0,27,8,74.03,37.58,11,17,9,15,464,40,55,0.3494,27970,GET,12,17,1,API_ANOMALY
user-109,2026-09-28 06:16:34.740733,210,1181,817,120498,118618,12,172,3,4,SSH,25,3,17,197,21,41,0,0,0,1,45,8,52.62,72.55,1,7,34,17,655,75,42,0.5818,470,GET,29,14,1,API_ANOMALY
user-163,2026-09-28 06:17:34.740733,203,744,1007,92864,51977,18,133,6,10,HTTPS,5,3,4,376,9,44,0,1,1,0,40,10,48.5,46.14,7,11,9,26,482,106,22,0.5639,16865,GET,14,11,1,API_ANOMALY
user-041,2026-09-28 06:18:34.740733,118,450,845,175139,62102,24,33,14,8,DNS,26,7,11,99,14,39,0,0,1,0,47,10,50.45,78.05,1,16,24,10,312,60,52,0.2545,16743,POST,21,15,1,API_ANOMALY
user-159,2026-09-28 06:19:34.740733,132,1066,538,154417,93297,29,148,3,8,SSH,28,2,16,461,18,35,0,0,0,0,38,11,65.42,75.83,3,11,18,28,622,42,40,0.2897,28294,GET,19,15,1,API_ANOMALY
user-120,2026-09-28 06:20:34.740733,109,414,913,113304,77748,19,163,9,3,DNS,23,1,5,242,25,15,0,0,0,0,51,10,68.88,33.25,1,17,20,28,305,83,22,0.2835,14279,GET,14,13,1,API_ANOMALY
user-017,2026-09-28 06:21:34.740733,200,657,484,51224,69626,22,13,12,7,TCP,30,6,16,162,19,13,0,0,1,0,32,7,34.77,40.72,11,20,15,25,796,80,62,0.5875,5777,POST,19,17,1,API_ANOMALY
user-129,2026-09-28 06:22:34.740733,84,1195,739,44710,114146,22,148,12,4,HTTPS,10,7,10,21,13,47,1,1,0,2,38,1,35.88,74.35,11,5,20,20,417,143,90,0.2913,19486,GET,30,23,1,API_ANOMALY
user-090,2026-09-28 06:23:34.740733,63,1000,1070,25318,136329,20,82,6,11,TCP,11,3,6,65,10,23,0,1,0,0,38,1,70.6,51.21,11,17,19,12,363,135,83,0.4495,3033,PUT,11,19,1,API_ANOMALY
user-032,2026-09-28 06:24:34.740733,62,458,706,136676,148537,59,97,3,13,SSH,17,6,14,459,11,11,1,0,1,0,42,11,73.43,72.58,4,16,19,21,187,54,80,0.59,18668,POST,10,13,1,API_ANOMALY
user-163,2026-09-28 06:25:34.740733,98,1151,702,99566,110742,30,136,6,6,HTTPS,5,4,8,205,18,36,1,0,0,0,31,8,26.66,54.82,1,8,15,17,195,53,56,0.161,26108,GET,7,2,1,API_ANOMALY
user-071,2026-09-28 06:26:34.740733,168,704,343,79559,109154,12,72,6,14,HTTPS,17,7,9,49,15,35,0,1,0,0,41,1,29.35,44.72,11,14,12,9,275,105,30,0.383,15318,GET,10,12,1,API_ANOMALY
user-097,2026-09-28 06:27:34.740733,189,674,321,32031,38365,48,115,3,15,HTTP,23,1,7,491,6,45,0,1,0,1,45,13,63.2,68.55,7,17,22,21,497,73,64,0.1502,25256,GET,12,10,1,API_ANOMALY
user-034,2026-09-28 06:28:34.740733,70,784,1071,103471,133756,13,116,14,13,HTTP,27,6,15,24,6,53,0,1,0,0,47,13,25.78,57.08,8,5,20,13,570,132,55,0.2088,22660,GET,6,16,1,API_ANOMALY
user-200,2026-09-28 06:29:34.740733,108,903,1100,121322,36263,20,177,3,3,HTTPS,17,2,15,268,13,22,1,1,1,0,56,9,47.53,57.72,7,15,16,11,692,129,46,0.2707,4395,POST,27,15,1,API_ANOMALY
user-014,2026-09-28 06:30:34.740733,181,1114,813,141282,115196,33,16,6,3,SSH,9,4,12,474,13,29,1,1,0,0,56,13,60.19,75.45,0,7,25,13,280,117,90,0.4205,24152,GET,19,22,1,API_ANOMALY
user-197,2026-09-28 06:31:34.740733,101,551,622,118154,26364,36,82,10,13,TCP,18,6,3,438,16,49,1,0,1,0,51,8,45.44,39.63,11,8,20,23,674,100,68,0.5581,24653,POST,29,20,1,API_ANOMALY
user-174,2026-09-28 06:32:34.740733,92,486,886,59693,54225,14,87,8,9,HTTPS,6,6,11,387,7,44,0,0,0,0,52,2,75.98,37.53,10,17,10,18,615,41,74,0.1807,15413,POST,16,3,1,API_ANOMALY
user-003,2026-09-28 06:33:34.740733,101,358,553,54330,49319,56,37,5,3,HTTP,6,8,10,26,19,28,1,0,1,0,52,6,63.36,68.86,6,14,16,25,617,39,60,0.4538,21580,GET,19,23,1,API_ANOMALY
user-066,2026-09-28 06:34:34.740733,125,1127,1082,111308,55652,12,178,11,6,HTTPS,19,1,12,305,6,54,0,0,1,0,50,10,68.73,57.77,6,10,26,12,216,33,61,0.4839,27896,GET,23,5,1,API_ANOMALY
user-115,2026-09-28 06:35:34.740733,182,523,940,133854,124825,43,74,9,10,HTTPS,13,2,16,284,19,11,0,0,0,1,42,1,44.87,34.47,8,6,31,5,617,94,34,0.3037,24120,GET,7,20,1,API_ANOMALY
user-153,2026-09-28 06:36:34.740733,194,859,831,91750,100864,38,24,10,5,SSH,24,4,15,364,6,17,0,0,0,2,51,5,36.02,72.93,7,7,11,10,482,67,78,0.4865,12982,POST,22,3,1,API_ANOMALY
user-101,2026-09-28 06:37:34.740733,137,267,644,96220,147235,33,139,7,3,HTTPS,13,5,14,72,8,56,0,0,1,1,46,2,54.36,57.77,4,16,34,28,428,60,33,0.3849,3164,POST,16,19,1,API_ANOMALY
user-047,2026-09-28 06:38:34.740733,185,861,1027,46428,77044,50,120,4,10,HTTPS,25,7,16,363,17,15,0,1,0,1,44,6,40.83,34.47,0,10,24,22,580,109,65,0.4275,25049,GET,23,17,1,API_ANOMALY
user-158,2026-09-28 06:39:34.740733,100,323,550,123096,105353,39,35,7,8,HTTPS,12,4,4,81,4,40,1,1,1,0,52,4,58.53,55.29,11,15,8,22,723,113,94,0.1879,1140,PUT,13,8,1,API_ANOMALY
user-008,2026-09-28 06:40:34.740733,60,474,342,47247,30167,39,77,12,8,SSH,8,6,18,256,9,42,1,0,0,2,51,13,44.93,68.64,10,16,24,21,211,108,90,0.2206,8105,GET,27,7,1,API_ANOMALY
user-199,2026-09-28 06:41:34.740733,180,312,411,38814,32093,17,103,4,5,TCP,18,6,3,77,24,58,1,0,1,2,31,3,24.53,72.76,1,8,34,15,706,68,72,0.277,21988,GET,15,15,1,API_ANOMALY
user-107,2026-09-28 06:42:34.740733,70,407,254,80370,72560,52,56,5,11,SSH,15,7,2,318,21,20,0,0,0,0,59,10,24.52,36.89,3,9,23,27,622,33,93,0.4994,11422,GET,21,8,1,API_ANOMALY
user-105,2026-09-28 06:43:34.740733,182,588,1080,70215,130031,16,36,9,2,HTTPS,11,3,12,327,23,28,1,0,0,1,45,2,78.24,63.66,12,16,25,5,494,96,27,0.3897,14221,GET,15,8,1,API_ANOMALY
user-106,2026-09-28 06:44:34.740733,91,287,1085,148291,66310,13,179,14,13,HTTP,25,6,16,446,7,45,1,0,1,2,40,10,39.28,67.15,3,11,20,24,264,118,96,0.1911,10222,GET,23,10,1,API_ANOMALY
user-198,2026-09-28 06:45:34.740733,129,541,901,41734,59372,25,21,15,5,HTTP,9,4,13,309,16,35,1,0,1,0,53,1,63.93,42.15,8,15,28,14,679,145,90,0.2626,23899,GET,6,12,1,API_ANOMALY
user-193,2026-09-28 06:46:34.740733,190,540,700,37067,33282,10,82,2,4,DNS,12,7,8,455,17,26,0,1,0,1,42,8,41.99,76.88,6,7,32,14,540,37,30,0.4582,29490,GET,10,12,1,API_ANOMALY
user-008,2026-09-28 06:47:34.740733,82,744,779,144344,38081,20,79,9,7,TCP,28,4,5,434,5,44,1,0,1,0,37,6,34.33,48.55,10,6,11,30,546,77,88,0.5855,22011,GET,21,23,1,API_ANOMALY
user-029,2026-09-28 06:48:34.740733,102,518,468,168452,137803,43,119,5,15,TCP,16,7,10,452,13,19,1,0,1,0,49,7,66.01,65.73,11,11,20,27,392,117,26,0.3731,26694,PUT,28,22,1,API_ANOMALY
user-075,2026-09-28 06:49:34.740733,77,1124,804,128166,86764,52,69,14,10,HTTP,19,3,19,310,17,58,0,1,0,0,46,10,70.0,79.27,12,19,9,7,645,127,22,0.5886,24192,GET,29,16,1,API_ANOMALY
user-157,2026-09-28 06:50:34.740733,116,894,389,65957,30528,26,14,7,10,HTTPS,26,2,15,267,22,38,1,0,0,1,35,7,63.53,71.51,2,16,17,27,724,73,90,0.2836,16294,POST,21,22,1,API_ANOMALY
user-117,2026-09-28 06:51:34.740733,132,1158,603,90436,67007,11,36,6,13,TCP,17,5,14,306,12,52,0,1,1,0,45,5,52.01,60.02,4,11,20,29,300,69,48,0.3203,12794,GET,19,16,1,API_ANOMALY
user-103,2026-09-28 06:52:34.740733,159,809,990,171628,86232,29,125,7,9,HTTPS,29,8,6,456,5,45,1,0,0,0,33,5,37.49,38.39,5,4,34,27,313,81,55,0.2825,12969,GET,23,24,1,API_ANOMALY
user-084,2026-09-28 06:53:34.740733,183,261,800,144555,114942,52,88,15,12,DNS,18,6,7,113,21,30,0,1,1,0,40,5,76.56,37.81,8,18,27,10,427,54,74,0.5765,29581,POST,20,22,1,API_ANOMALY
user-167,2026-09-28 06:54:34.740733,63,657,885,74206,101553,10,78,9,8,HTTP,25,6,16,193,17,16,1,1,1,1,54,14,35.34,51.88,3,17,15,29,400,45,91,0.4608,6491,DELETE,29,13,1,API_ANOMALY
user-040,2026-09-28 06:55:34.740733,110,594,361,78220,151186,48,55,4,10,HTTPS,25,4,9,273,22,40,0,1,0,0,45,11,73.31,55.5,9,19,30,8,662,34,74,0.181,7240,DELETE,23,22,1,API_ANOMALY
user-178,2026-09-28 06:56:34.740733,152,507,370,33676,126040,55,13,5,4,DNS,5,3,11,302,7,30,1,0,0,1,32,2,36.29,60.85,0,17,12,25,344,138,84,0.2887,2108,POST,19,15,1,API_ANOMALY
user-181,2026-09-28 06:57:34.740733,198,413,503,101833,79367,19,116,11,3,HTTPS,23,4,8,401,21,36,0,0,0,2,36,3,71.32,44.38,8,15,8,19,318,111,80,0.4136,4782,PATCH,29,3,1,API_ANOMALY
user-174,2026-09-28 06:58:34.740733,139,852,991,116376,96782,11,173,7,13,SSH,29,7,6,309,11,47,0,0,0,0,62,12,22.84,73.64,9,17,20,25,747,82,48,0.3597,20796,GET,13,22,1,API_ANOMALY
user-058,2026-09-28 06:59:34.740733,135,998,632,117704,107038,59,18,4,11,DNS,26,6,11,105,3,29,0,0,1,0,40,7,50.84,56.97,7,6,25,27,494,114,42,0.3806,12062,PUT,14,21,1,API_ANOMALY
user-004,2026-09-28 07:00:34.740733,202,370,432,179605,83950,59,116,4,5,HTTPS,6,2,7,284,20,15,0,1,0,0,58,7,30.28,36.66,5,15,31,18,245,129,69,0.35,4619,GET,18,19,1,API_ANOMALY
user-146,2026-09-28 07:01:34.740733,91,446,305,136627,107093,17,44,7,3,HTTPS,11,2,4,109,5,12,0,0,0,0,48,5,63.85,41.06,7,14,22,26,555,92,42,0.15,18821,PUT,25,12,1,API_ANOMALY
user-185,2026-09-28 07:02:34.740733,146,1113,454,109150,34998,12,84,3,8,HTTPS,28,8,6,260,23,25,0,0,0,0,37,9,20.86,48.47,5,20,12,8,770,149,44,0.1724,21029,PUT,29,22,1,API_ANOMALY
user-134,2026-09-28 07:03:34.740733,198,815,683,101071,63880,59,172,5,15,SSH,7,2,20,95,25,30,0,0,0,1,38,6,30.66,65.66,11,8,9,10,300,65,94,0.3534,10172,GET,15,18,1,API_ANOMALY
user-108,2026-09-28 07:04:34.740733,118,575,954,52842,71827,58,110,5,7,DNS,6,7,3,354,14,44,0,0,1,1,53,4,22.21,42.57,3,8,27,16,379,127,55,0.2841,28031,POST,24,23,1,API_ANOMALY
user-172,2026-09-28 07:05:34.740733,132,1071,322,69701,87812,34,97,7,3,HTTP,8,5,14,304,14,18,0,0,0,0,58,14,31.75,65.22,2,16,22,25,606,44,62,0.271,18334,GET,15,12,1,API_ANOMALY
user-103,2026-09-28 07:06:34.740733,67,953,256,114797,58878,30,168,5,10,HTTPS,11,5,6,459,15,23,0,0,1,0,34,14,40.5,68.31,5,6,11,7,651,144,31,0.2041,6597,PATCH,22,21,1,API_ANOMALY
user-022,2026-09-28 07:07:34.740733,175,410,528,178723,102426,17,159,4,14,HTTPS,30,1,17,104,20,40,1,0,0,1,50,7,21.44,52.89,12,11,16,7,678,73,57,0.2134,16060,PUT,18,12,1,API_ANOMALY
user-138,2026-09-28 07:08:34.740733,174,491,899,105921,69836,56,111,14,7,SSH,6,7,16,387,10,25,0,0,1,0,52,1,44.01,53.83,3,8,9,8,312,107,52,0.2265,8443,GET,27,12,1,API_ANOMALY
user-009,2026-09-28 07:09:34.740733,141,1169,380,80223,108963,23,158,5,13,HTTP,22,7,18,256,22,21,0,0,0,1,39,0,41.94,37.18,1,16,28,23,215,114,31,0.5344,16879,GET,20,13,1,API_ANOMALY
user-068,2026-09-28 07:10:34.740733,176,324,649,44140,137395,49,154,8,7,TCP,12,3,18,370,16,53,1,0,0,1,56,12,47.26,77.26,0,9,10,16,377,118,88,0.4913,26731,POST,26,2,1,API_ANOMALY
user-051,2026-09-28 07:11:34.740733,159,842,504,67499,105599,60,162,10,3,TCP,10,3,16,115,18,12,1,0,0,2,48,12,60.9,70.49,9,17,15,27,658,123,46,0.5138,9086,PATCH,28,7,1,API_ANOMALY
user-156,2026-09-28 07:12:34.740733,87,461,363,47166,60689,27,152,12,14,HTTPS,13,6,4,103,14,20,0,0,1,0,49,14,37.01,64.09,3,8,9,21,731,78,53,0.4013,27329,GET,18,7,1,API_ANOMALY
user-016,2026-09-28 07:13:34.740733,119,590,694,92274,145562,22,133,4,5,DNS,21,1,7,346,6,31,0,0,1,0,47,8,68.18,55.22,6,19,29,18,454,124,36,0.3599,10747,GET,15,2,1,API_ANOMALY
user-023,2026-09-28 07:14:34.740733,83,500,425,37063,119053,30,61,5,10,HTTPS,21,8,4,350,16,34,1,1,1,0,56,7,63.43,52.76,8,6,9,25,663,91,84,0.2242,17174,POST,30,2,1,API_ANOMALY
user-082,2026-09-28 07:15:34.740733,113,1007,640,81004,101045,35,172,7,9,SSH,6,2,18,76,21,37,0,1,0,0,44,5,71.06,70.28,6,11,20,8,332,131,88,0.5442,29362,PUT,26,23,1,API_ANOMALY
user-149,2026-09-28 07:16:34.740733,64,990,749,146577,118094,47,11,9,5,HTTPS,6,1,15,341,6,18,0,1,1,1,42,9,57.33,42.58,5,7,16,18,620,53,95,0.1963,2955,GET,28,8,1,API_ANOMALY
user-181,2026-09-28 07:17:34.740733,65,306,391,137524,73424,22,164,3,2,DNS,14,1,4,363,7,57,1,1,1,0,45,14,70.04,46.35,9,5,16,21,334,116,31,0.475,25782,POST,25,6,1,API_ANOMALY
user-089,2026-09-28 07:18:34.740733,129,409,391,158856,125251,12,102,3,3,SSH,7,4,8,246,4,30,1,0,0,1,59,6,50.72,39.82,0,5,19,5,559,36,55,0.4231,10867,GET,24,23,1,API_ANOMALY
user-010,2026-09-28 07:19:34.740733,169,1028,652,120761,129790,45,103,8,4,DNS,12,1,18,418,16,19,1,0,0,1,52,8,36.59,72.95,1,16,30,9,238,87,99,0.3891,12677,POST,17,6,1,API_ANOMALY
user-140,2026-09-28 07:20:34.740733,181,776,989,25786,89219,24,46,5,10,HTTPS,8,5,12,347,15,41,1,0,0,0,38,13,27.17,40.37,9,17,15,21,681,63,41,0.4391,10062,POST,12,23,1,API_ANOMALY
user-091,2026-09-28 07:21:34.740733,128,389,652,61181,97497,53,166,11,4,DNS,7,5,7,286,10,36,1,0,1,0,63,1,79.16,57.13,9,6,19,8,410,114,74,0.2541,2384,POST,10,3,1,API_ANOMALY
user-053,2026-09-28 07:22:34.740733,125,524,905,112948,89255,48,128,13,12,SSH,15,2,14,166,8,45,1,0,1,1,29,1,47.62,48.15,1,7,27,18,198,44,91,0.3247,23184,GET,14,12,1,API_ANOMALY
user-002,2026-09-28 07:23:34.740733,82,699,623,35227,122435,40,91,5,11,HTTPS,17,3,9,496,19,10,1,0,0,0,50,0,70.99,39.67,1,8,17,26,334,131,91,0.4492,5719,GET,20,19,1,API_ANOMALY
user-026,2026-09-28 07:24:34.740733,217,308,894,122012,63599,22,108,7,13,HTTPS,21,5,12,456,6,25,1,0,1,0,56,14,46.18,57.06,12,19,29,16,531,110,74,0.5486,6734,POST,9,24,1,API_ANOMALY
user-053,2026-09-28 07:25:34.740733,216,317,395,124388,143774,30,85,5,3,HTTPS,13,3,8,427,22,45,1,0,0,0,42,8,47.71,41.2,8,6,29,17,439,62,71,0.3185,2887,GET,24,18,1,API_ANOMALY
user-032,2026-09-28 07:26:34.740733,199,569,495,45704,144274,27,29,14,13,HTTPS,17,4,15,496,19,11,0,0,1,0,25,9,73.22,55.24,11,15,34,10,648,108,68,0.2899,20533,GET,21,16,1,API_ANOMALY
user-116,2026-09-28 07:27:34.740733,207,1095,1082,87421,104698,41,180,4,8,SSH,8,6,3,444,17,28,1,1,1,0,49,6,31.11,68.06,7,14,23,8,513,114,29,0.3932,13226,PUT,12,14,1,API_ANOMALY
user-126,2026-09-28 07:28:34.740733,133,984,525,75768,101563,24,169,8,3,DNS,14,4,3,396,7,48,0,0,1,1,50,4,24.42,40.65,4,7,15,18,426,78,95,0.2139,11138,GET,7,19,1,API_ANOMALY
user-165,2026-09-28 07:29:34.740733,153,440,668,98845,59079,36,75,10,12,SSH,24,5,16,126,17,44,0,0,1,1,30,7,74.43,61.16,3,13,21,15,497,55,21,0.3028,27046,GET,28,18,1,API_ANOMALY
user-062,2026-09-28 07:30:34.740733,171,873,552,48119,62113,31,112,6,4,HTTPS,18,6,5,42,12,38,0,0,0,0,36,4,52.19,42.71,10,5,19,26,441,100,79,0.3315,8044,GET,26,17,1,API_ANOMALY
user-187,2026-09-28 07:31:34.740733,80,661,798,94613,101396,14,39,12,13,HTTPS,30,1,13,238,4,39,0,1,1,0,52,12,55.89,71.8,7,6,8,20,789,149,35,0.2768,6972,GET,19,16,1,API_ANOMALY
user-165,2026-09-28 07:32:34.740733,96,810,552,146363,68252,46,10,8,3,HTTPS,19,7,11,107,14,12,1,0,1,1,55,12,44.03,47.83,8,9,12,17,570,130,25,0.5338,20912,GET,18,24,1,API_ANOMALY
user-075,2026-09-28 07:33:34.740733,165,507,856,100951,44849,37,154,6,6,HTTP,25,5,9,43,22,37,0,0,0,0,39,7,61.28,48.51,6,16,31,20,341,54,30,0.2574,25115,PUT,9,16,1,API_ANOMALY
user-125,2026-09-28 07:34:34.740733,167,743,263,125595,154380,24,172,11,4,TCP,27,7,10,286,22,13,0,0,0,0,48,13,72.55,34.4,10,13,12,6,652,67,66,0.3662,18883,GET,17,13,1,API_ANOMALY
user-141,2026-09-28 07:35:34.740733,94,1170,835,164874,69170,17,172,14,11,HTTPS,23,2,4,340,13,33,0,1,0,0,44,7,25.84,76.54,12,7,30,8,267,148,67,0.1555,7034,GET,10,14,1,API_ANOMALY
user-065,2026-09-28 07:36:34.740733,208,558,857,56036,69156,19,109,3,7,HTTP,26,8,18,82,7,25,0,0,1,2,53,7,61.66,37.73,3,10,26,29,707,98,93,0.2112,9664,GET,23,8,1,API_ANOMALY
user-006,2026-09-28 07:37:34.740733,117,351,595,128496,34047,43,92,15,5,HTTPS,25,5,9,234,15,31,1,1,0,0,55,3,35.36,67.15,10,12,24,14,717,55,99,0.3217,15410,GET,16,18,1,API_ANOMALY
user-007,2026-09-28 07:38:34.740733,63,744,942,53291,40542,43,47,13,2,TCP,11,4,11,103,14,36,0,0,0,1,28,4,25.5,45.98,10,6,22,13,677,63,68,0.4911,14321,POST,16,22,1,API_ANOMALY
user-198,2026-09-28 07:39:34.740733,72,271,1017,131295,48085,32,179,12,8,DNS,26,3,13,261,17,12,1,0,1,1,37,14,36.55,58.97,8,10,27,18,509,109,31,0.4871,1312,POST,21,19,1,API_ANOMALY
user-110,2026-09-28 07:40:34.740733,175,379,1048,99190,94891,35,34,5,9,SSH,19,7,8,171,22,11,0,0,1,0,41,0,37.0,74.43,9,13,33,6,608,35,61,0.3934,28588,DELETE,17,9,1,API_ANOMALY
user-136,2026-09-28 07:41:34.740733,78,1173,1007,31782,37747,13,52,11,11,HTTPS,6,3,19,239,22,45,1,0,0,3,33,0,61.28,38.52,8,7,33,23,401,71,85,0.306,6207,POST,11,7,1,API_ANOMALY
user-075,2026-09-28 07:42:34.740733,114,506,254,78453,64647,19,143,12,14,HTTP,14,2,15,34,8,25,0,1,0,0,46,8,68.52,55.13,7,8,29,28,219,104,36,0.4289,17122,GET,9,4,1,API_ANOMALY
user-081,2026-09-28 07:43:34.740733,141,497,835,66694,139078,54,113,9,6,DNS,27,6,8,312,7,25,1,0,1,0,34,4,37.96,46.46,4,7,12,25,611,98,48,0.4163,9943,POST,23,7,1,API_ANOMALY
user-155,2026-09-28 07:44:34.740733,67,779,556,127446,139791,23,175,8,6,DNS,13,4,7,222,9,22,1,1,1,1,42,5,69.96,43.07,3,13,33,14,607,102,47,0.3283,27342,GET,6,4,1,API_ANOMALY
user-016,2026-09-28 07:45:34.740733,99,349,1000,166859,92261,47,107,3,13,HTTPS,10,4,12,98,19,27,0,0,0,0,51,14,45.05,67.45,1,20,20,22,743,99,72,0.5244,335,GET,25,5,1,API_ANOMALY
user-077,2026-09-28 07:46:34.740733,184,788,448,136891,50600,57,144,14,13,TCP,12,5,9,437,8,27,1,0,0,0,57,10,57.81,40.76,3,14,21,28,368,44,60,0.1881,24589,GET,17,22,1,API_ANOMALY
user-039,2026-09-28 07:47:34.740733,136,604,694,123609,37901,24,150,13,8,TCP,13,8,16,195,21,60,1,1,1,1,44,12,74.53,35.54,10,18,24,21,749,50,89,0.4585,3143,POST,5,17,1,API_ANOMALY
user-190,2026-09-28 07:48:34.740733,204,429,356,116734,138999,50,82,9,4,HTTPS,24,5,6,29,12,56,0,0,0,0,41,5,46.08,48.86,3,11,23,10,647,115,64,0.1523,20113,GET,11,21,1,API_ANOMALY
user-100,2026-09-28 07:49:34.740733,207,638,399,41247,60370,38,80,5,12,HTTPS,9,4,12,324,3,38,0,0,0,0,46,3,34.43,32.04,5,16,28,8,722,122,61,0.2102,1303,GET,30,23,1,API_ANOMALY
user-126,2026-09-28 07:50:34.740733,213,1121,743,53362,37150,11,25,3,13,HTTPS,24,2,7,393,18,57,0,1,0,0,33,10,61.21,54.78,3,5,27,10,744,104,40,0.1501,11716,POST,21,23,1,API_ANOMALY
user-141,2026-09-28 07:51:34.740733,219,1120,256,89279,120416,45,177,12,4,HTTPS,12,1,6,344,6,21,0,0,0,0,41,0,75.79,41.88,8,11,27,18,439,119,27,0.325,24036,GET,19,9,1,API_ANOMALY
user-042,2026-09-28 07:52:34.740733,175,841,675,176295,44440,51,125,5,9,HTTPS,9,2,19,115,5,54,0,1,1,0,44,9,51.99,49.75,12,13,33,30,577,110,72,0.4399,9100,POST,27,16,1,API_ANOMALY
user-147,2026-09-28 07:53:34.740733,100,345,928,83359,36186,18,39,3,10,SSH,15,3,13,333,23,46,0,0,0,2,48,12,75.27,42.8,10,15,12,26,365,98,31,0.5428,27695,POST,6,17,1,API_ANOMALY
user-039,2026-09-28 07:54:34.740733,121,827,336,27247,43599,12,45,10,8,DNS,25,5,15,291,21,52,1,0,1,2,37,10,76.72,77.41,5,17,10,19,442,104,45,0.5635,22884,GET,26,11,1,API_ANOMALY
user-055,2026-09-28 07:55:34.740733,151,418,511,57037,136416,52,154,11,14,SSH,11,5,8,488,7,52,1,0,1,0,29,6,33.95,72.38,4,6,24,7,300,34,71,0.5942,15190,GET,16,15,1,API_ANOMALY
user-111,2026-09-28 07:56:34.740733,192,397,351,158321,120263,37,141,2,13,HTTP,26,4,14,248,21,51,0,1,1,0,50,11,41.68,40.26,3,9,8,29,527,102,79,0.4475,15688,GET,9,14,1,API_ANOMALY
user-092,2026-09-28 07:57:34.740733,211,474,828,168950,72497,45,174,3,11,DNS,15,7,10,363,12,32,0,0,1,1,41,5,20.96,33.51,6,13,17,27,345,124,100,0.4368,29049,POST,12,23,1,API_ANOMALY
user-039,2026-09-28 07:58:34.740733,91,1162,578,126427,44430,15,155,10,5,DNS,14,4,12,471,8,33,1,1,1,3,42,0,33.98,32.2,9,16,14,13,583,35,35,0.1878,26579,GET,5,12,1,API_ANOMALY
user-110,2026-09-28 07:59:34.740733,96,326,622,96051,76602,14,154,3,2,HTTPS,15,4,13,44,19,16,0,0,0,0,40,6,42.56,32.32,11,20,33,15,185,112,87,0.4008,24731,PATCH,10,20,1,API_ANOMALY
user-054,2026-09-28 08:00:34.740733,110,1067,936,89234,99547,31,114,11,13,TCP,21,7,16,365,21,39,0,0,0,0,50,9,50.24,30.34,5,4,34,18,562,139,75,0.4817,28340,POST,26,22,1,API_ANOMALY
user-080,2026-09-28 08:01:34.740733,124,305,283,115822,100104,53,65,2,5,HTTPS,10,3,18,422,22,54,1,0,0,1,37,5,24.58,30.31,3,13,31,17,255,130,68,0.4021,23852,GET,26,24,1,API_ANOMALY
user-179,2026-09-28 08:02:34.740733,74,333,661,136988,92665,40,48,6,3,HTTPS,23,2,17,32,24,27,0,1,1,0,49,14,25.96,49.64,1,7,21,22,183,74,75,0.3619,19873,GET,9,13,1,API_ANOMALY
user-161,2026-09-28 08:03:34.740733,100,685,686,133682,43348,33,31,15,6,HTTPS,25,8,18,329,3,54,1,0,0,0,26,8,71.86,48.49,0,13,27,18,649,112,47,0.3423,27852,GET,7,14,1,API_ANOMALY
user-164,2026-09-28 08:04:34.740733,135,330,758,73496,36631,56,110,6,9,HTTPS,19,7,7,466,12,40,1,0,0,1,35,12,73.77,78.87,11,12,9,25,200,37,20,0.5009,8551,GET,18,3,1,API_ANOMALY
user-046,2026-09-28 08:05:34.740733,90,1067,884,163285,109383,26,10,13,7,HTTPS,22,3,13,248,9,51,0,0,0,0,38,12,28.84,32.88,4,18,8,15,188,86,70,0.4251,18378,PUT,18,16,1,API_ANOMALY
user-187,2026-09-28 08:06:34.740733,112,354,712,89657,110466,32,12,13,15,HTTPS,21,3,18,484,17,44,0,0,1,0,49,1,44.95,56.64,8,14,20,22,565,79,58,0.2294,9809,DELETE,6,9,1,API_ANOMALY
user-113,2026-09-28 08:07:34.740733,135,1190,695,56112,99136,41,37,6,3,SSH,13,3,4,399,3,46,0,0,1,0,49,13,44.53,79.1,11,5,19,19,501,50,33,0.3211,30000,POST,6,4,1,API_ANOMALY
user-019,2026-09-28 08:08:34.740733,90,947,421,98184,92583,29,109,13,4,HTTPS,9,5,18,68,16,13,0,0,0,2,43,1,47.19,44.4,6,15,34,24,354,114,65,0.3209,7971,POST,11,19,1,API_ANOMALY
user-030,2026-09-28 08:09:34.740733,219,939,684,86321,98420,41,85,8,10,HTTPS,21,2,7,315,13,25,0,1,0,0,51,10,44.91,78.4,7,10,32,27,356,56,35,0.3392,16329,GET,15,20,1,API_ANOMALY
user-070,2026-09-28 08:10:34.740733,147,967,569,144255,34064,49,153,10,5,TCP,11,4,9,288,9,12,1,0,0,1,35,6,35.99,70.65,2,7,9,25,219,118,50,0.3743,20704,POST,28,25,1,API_ANOMALY
user-090,2026-09-28 08:11:34.740733,137,771,972,97481,151531,12,57,12,5,TCP,6,6,19,150,10,58,0,0,1,0,34,0,40.79,75.48,3,8,23,25,275,35,41,0.341,9454,GET,22,5,1,API_ANOMALY
user-193,2026-09-28 08:12:34.740733,96,611,437,70228,87876,22,74,6,5,HTTPS,25,6,15,38,16,15,0,0,0,0,49,4,21.1,33.77,9,13,14,19,636,35,61,0.2996,29664,GET,8,17,1,API_ANOMALY
user-058,2026-09-28 08:13:34.740733,141,635,531,62891,65128,34,89,10,8,HTTPS,16,8,11,431,20,47,1,0,1,0,46,7,47.45,43.79,1,6,35,23,419,127,39,0.3533,19083,GET,29,22,1,API_ANOMALY
user-010,2026-09-28 08:14:34.740733,191,373,995,66277,78298,25,127,12,8,TCP,16,6,6,440,15,18,1,0,0,0,39,5,78.43,55.45,12,5,32,15,648,99,24,0.4219,18462,GET,12,4,1,API_ANOMALY
user-073,2026-09-28 08:15:34.740733,140,698,1089,49359,153741,25,98,15,9,HTTP,29,8,9,56,4,45,0,0,0,0,55,7,22.88,33.43,7,17,17,20,263,142,97,0.4819,19762,GET,10,10,1,API_ANOMALY
user-088,2026-09-28 08:16:34.740733,100,606,950,173078,98188,49,60,13,5,SSH,26,7,5,494,8,19,1,0,0,4,45,12,67.5,53.72,4,6,31,21,436,83,92,0.1554,8732,GET,16,7,1,API_ANOMALY
user-081,2026-09-28 08:17:34.740733,194,703,257,157210,127295,31,56,6,9,HTTPS,7,4,6,70,17,40,1,0,0,0,47,8,77.57,37.1,6,19,17,22,321,101,68,0.5803,12860,GET,26,19,1,API_ANOMALY
user-130,2026-09-28 08:18:34.740733,196,972,417,179669,71931,25,45,6,11,DNS,12,6,17,452,13,27,1,1,1,0,34,10,45.6,78.83,7,8,11,7,320,57,43,0.293,253,GET,17,24,1,API_ANOMALY
user-118,2026-09-28 08:19:34.740733,121,507,360,77946,86154,24,93,10,15,HTTP,5,7,4,371,21,17,0,1,1,0,42,9,65.79,73.49,6,6,34,30,344,87,84,0.355,6525,GET,20,5,1,API_ANOMALY
user-172,2026-09-28 08:20:34.740733,103,429,945,142549,65545,47,64,5,13,HTTPS,29,1,10,154,4,51,0,0,1,1,41,14,72.42,50.94,2,19,10,8,263,44,62,0.2791,21045,GET,13,25,1,API_ANOMALY
user-192,2026-09-28 08:21:34.740733,177,646,869,130337,29099,28,33,4,11,SSH,25,2,15,35,25,24,0,0,0,1,45,4,20.58,56.71,4,12,22,6,451,44,45,0.5729,27795,GET,18,4,1,API_ANOMALY
user-078,2026-09-28 08:22:34.740733,85,437,1016,145740,80976,42,127,10,2,TCP,13,8,7,28,14,41,0,0,0,1,42,6,77.25,54.88,12,15,29,11,523,68,72,0.4506,5463,GET,29,3,1,API_ANOMALY
user-064,2026-09-28 08:23:34.740733,73,298,529,130486,143739,59,39,10,11,TCP,15,7,12,337,12,57,0,0,1,0,48,6,44.42,39.48,3,11,23,16,612,79,93,0.4189,11152,GET,27,3,1,API_ANOMALY
user-143,2026-09-28 08:24:34.740733,152,377,724,168220,72027,36,140,13,6,TCP,20,6,9,136,7,32,0,1,0,0,51,5,38.36,64.37,2,8,13,13,549,120,50,0.2721,6918,POST,19,20,1,API_ANOMALY
user-065,2026-09-28 08:25:34.740733,217,782,1009,170669,117015,41,67,5,5,HTTPS,24,7,13,313,12,16,1,1,1,1,60,9,46.77,46.24,5,8,9,16,651,113,24,0.475,19082,DELETE,8,14,1,API_ANOMALY
user-164,2026-09-28 08:26:34.740733,100,1004,680,147005,146691,27,150,4,9,HTTP,14,2,14,64,18,24,0,1,1,2,50,11,58.46,60.59,3,20,19,30,622,70,95,0.3016,17016,GET,11,19,1,API_ANOMALY
user-139,2026-09-28 08:27:34.740733,139,1025,1068,107614,63058,14,96,3,10,HTTP,25,7,5,393,12,34,1,0,1,1,60,1,25.24,72.48,7,9,23,14,247,137,25,0.5091,25988,PUT,9,24,1,API_ANOMALY
user-001,2026-09-28 08:28:34.740733,154,1075,906,85578,153475,15,103,8,4,SSH,29,6,5,264,16,14,1,1,0,0,55,1,25.21,52.65,9,7,32,19,656,144,25,0.3125,18175,POST,25,13,1,API_ANOMALY
user-176,2026-09-28 08:29:34.740733,156,525,766,118391,142058,10,67,13,14,HTTP,24,7,20,177,23,38,0,0,1,0,57,0,56.84,49.95,1,5,11,13,568,50,75,0.4609,2935,GET,9,19,1,API_ANOMALY
user-133,2026-09-28 08:30:34.740733,105,507,324,116428,78014,25,146,15,9,HTTP,11,7,14,299,15,33,0,0,1,1,42,6,63.79,72.55,4,18,26,26,241,53,24,0.2626,10137,GET,6,5,1,API_ANOMALY
user-075,2026-09-28 08:31:34.740733,191,1104,579,120383,67168,11,23,12,13,HTTPS,15,5,19,298,14,42,0,0,0,0,26,10,65.07,72.99,7,15,10,17,523,106,28,0.3642,6122,POST,29,5,1,API_ANOMALY
user-024,2026-09-28 08:32:34.740733,210,1045,903,94299,113467,26,68,14,15,HTTPS,15,8,4,339,7,49,1,0,0,0,40,1,64.46,51.33,3,10,28,10,236,88,56,0.504,27862,GET,25,14,1,API_ANOMALY
user-140,2026-09-28 08:33:34.740733,212,710,689,96754,26662,41,144,6,5,SSH,7,5,7,415,7,26,0,0,0,0,45,6,56.31,73.49,9,10,13,13,639,117,22,0.189,168,GET,8,5,1,API_ANOMALY
user-060,2026-09-28 08:34:34.740733,153,274,1088,140337,108127,12,155,15,13,HTTP,20,7,13,293,18,31,0,0,1,2,56,11,76.32,57.46,11,6,34,10,492,75,69,0.2365,5857,GET,19,8,1,API_ANOMALY
user-095,2026-09-28 08:35:34.740733,148,817,1025,101193,108726,54,145,9,7,TCP,17,7,6,255,20,32,0,0,0,2,59,3,48.27,47.16,12,5,22,27,304,150,79,0.2311,17275,GET,24,6,1,API_ANOMALY
user-093,2026-09-28 08:36:34.740733,103,552,675,175627,107213,58,19,10,7,HTTP,9,2,8,164,14,42,1,0,1,0,53,0,45.87,56.61,10,20,20,9,355,76,84,0.5555,1562,GET,20,17,1,API_ANOMALY
user-138,2026-09-28 08:37:34.740733,124,1151,284,168163,61964,17,166,8,10,DNS,11,3,2,23,23,23,0,0,1,0,48,6,25.42,70.04,2,6,25,11,552,50,29,0.4445,29394,POST,17,22,1,API_ANOMALY
user-040,2026-09-28 08:38:34.740733,126,313,642,176815,103022,41,142,12,11,HTTP,7,3,9,183,13,52,1,1,0,0,51,2,69.64,44.04,1,10,15,9,280,118,70,0.2923,26696,GET,23,23,1,API_ANOMALY
user-190,2026-09-28 08:39:34.740733,115,975,405,63460,136345,14,154,6,4,HTTPS,22,6,4,76,21,39,1,0,0,0,53,9,47.79,46.79,2,18,25,7,527,116,25,0.496,2721,GET,15,22,1,API_ANOMALY
user-120,2026-09-28 08:40:34.740733,209,758,866,145677,78293,19,52,8,3,SSH,11,6,3,424,10,28,1,0,0,1,42,12,71.84,66.71,3,5,31,8,655,146,63,0.5672,3330,POST,23,9,1,API_ANOMALY
user-097,2026-09-28 08:41:34.740733,201,886,255,129729,118969,16,17,10,5,HTTP,19,5,13,362,24,59,0,0,1,0,49,6,22.04,76.57,9,10,15,26,662,38,42,0.3871,22157,POST,17,12,1,API_ANOMALY
user-090,2026-09-28 08:42:34.740733,79,311,406,57821,48234,30,17,3,8,HTTPS,17,3,10,270,17,11,1,0,1,0,31,10,31.29,68.87,3,13,26,14,483,38,38,0.3667,19038,GET,28,19,1,API_ANOMALY
user-090,2026-09-28 08:43:34.740733,73,528,948,155504,104036,40,15,14,7,TCP,25,2,9,169,24,40,1,1,0,0,44,3,41.02,35.46,2,11,23,12,301,128,28,0.1642,7325,PATCH,26,3,1,API_ANOMALY
user-137,2026-09-28 08:44:34.740733,169,1114,470,132293,54727,49,109,13,6,TCP,17,7,7,403,4,45,1,0,0,1,50,1,34.18,38.04,2,15,32,27,491,62,92,0.5738,15569,GET,28,12,1,API_ANOMALY
user-143,2026-09-28 08:45:34.740733,137,1097,418,143489,105539,56,83,10,7,HTTPS,7,1,3,88,8,46,0,1,1,0,46,0,25.51,52.58,8,9,30,20,528,143,32,0.4571,3687,GET,12,4,1,API_ANOMALY
user-129,2026-09-28 08:46:34.740733,194,469,958,77390,58284,52,132,13,12,HTTPS,5,7,3,156,15,28,0,0,1,1,39,8,36.76,57.01,12,15,23,26,464,44,41,0.1977,10600,POST,29,23,1,API_ANOMALY
user-003,2026-09-28 08:47:34.740733,147,772,936,105081,139081,56,36,4,7,HTTP,28,5,6,142,21,59,0,1,0,1,51,14,33.39,50.12,6,6,26,14,182,135,68,0.4702,13214,POST,14,16,1,API_ANOMALY
user-117,2026-09-28 08:48:34.740733,124,746,297,115188,33388,52,136,12,14,HTTPS,27,5,15,55,15,51,1,0,0,0,35,7,76.27,79.2,8,18,18,25,681,80,87,0.4238,12527,PUT,15,3,1,API_ANOMALY
user-177,2026-09-28 08:49:34.740733,69,1194,563,79726,100979,28,91,6,8,HTTPS,15,6,12,286,23,41,0,0,0,1,43,8,77.62,62.03,9,18,13,20,361,97,54,0.4058,10552,DELETE,26,7,1,API_ANOMALY
user-200,2026-09-28 08:50:34.740733,135,867,405,39081,40077,57,131,5,4,SSH,15,4,13,161,5,51,1,0,0,0,42,11,31.2,37.9,9,19,24,22,594,108,72,0.4419,8318,PATCH,25,13,1,API_ANOMALY
user-140,2026-09-28 08:51:34.740733,173,335,601,46181,120367,48,158,10,3,SSH,25,2,14,288,13,34,1,1,0,0,42,13,40.62,51.69,8,9,24,17,785,83,32,0.2355,9800,POST,13,7,1,API_ANOMALY
user-170,2026-09-28 08:52:34.740733,113,1043,1035,135372,29453,44,164,6,12,TCP,22,3,7,39,14,18,0,1,1,0,49,13,59.12,43.07,8,18,10,8,490,65,38,0.2231,17454,POST,20,6,1,API_ANOMALY
user-122,2026-09-28 08:53:34.740733,129,722,304,33366,125360,25,125,4,7,TCP,28,4,13,429,10,12,0,0,1,0,31,8,52.29,78.17,5,13,11,7,615,128,77,0.2729,12936,PUT,15,24,1,API_ANOMALY
user-172,2026-09-28 08:54:34.740733,203,727,561,165471,39789,47,48,4,10,HTTPS,13,1,2,164,5,51,1,0,0,1,33,9,33.99,58.4,8,19,18,28,360,143,97,0.4922,8608,GET,5,6,1,API_ANOMALY
user-090,2026-09-28 08:55:34.740733,167,765,472,35095,31501,21,157,14,5,HTTP,16,3,12,159,10,52,1,1,0,0,42,10,41.51,62.19,2,5,20,29,726,127,96,0.2136,11827,POST,19,10,1,API_ANOMALY
user-022,2026-09-28 08:56:34.740733,91,251,707,159035,135487,49,127,10,3,HTTPS,21,6,17,415,19,18,1,0,1,0,33,13,31.99,70.73,2,5,18,5,470,146,52,0.2796,5564,DELETE,24,12,1,API_ANOMALY
user-041,2026-09-28 08:57:34.740733,179,498,1019,36525,103555,51,134,8,11,SSH,21,3,11,448,5,60,0,0,1,2,41,13,26.99,54.5,4,12,17,29,694,67,23,0.3227,13302,GET,16,15,1,API_ANOMALY
user-196,2026-09-28 08:58:34.740733,142,931,653,30593,114367,14,46,3,5,HTTPS,29,5,4,26,18,18,1,0,0,1,35,11,58.99,53.98,2,12,29,13,783,34,52,0.2385,726,POST,26,10,1,API_ANOMALY
user-014,2026-09-28 08:59:34.740733,186,515,951,81583,115850,44,124,8,5,HTTPS,8,6,9,285,5,10,0,1,0,1,44,6,25.33,71.52,6,6,18,10,181,54,94,0.4182,8562,GET,30,16,1,API_ANOMALY
user-069,2026-09-28 09:00:34.740733,114,631,364,164758,86148,17,54,14,6,HTTPS,9,3,15,180,23,58,0,1,0,0,42,13,26.09,60.65,3,4,34,20,592,126,63,0.3289,11846,PUT,25,17,1,API_ANOMALY
user-128,2026-09-28 09:01:34.740733,179,285,1029,90111,124530,20,131,14,5,SSH,13,5,10,174,8,24,1,0,0,2,47,3,53.12,50.03,9,4,32,18,455,86,69,0.3168,24402,GET,14,20,1,API_ANOMALY
user-015,2026-09-28 09:02:34.740733,60,815,761,124406,56103,51,169,12,5,HTTPS,11,8,10,84,17,35,0,0,0,1,45,14,31.6,72.96,9,7,10,17,390,57,57,0.387,17770,GET,11,8,1,API_ANOMALY
user-123,2026-09-28 09:03:34.740733,142,854,621,165556,80694,29,18,8,5,SSH,29,8,16,459,17,35,1,0,0,0,50,11,23.42,40.27,5,8,26,23,335,143,72,0.592,18274,GET,5,4,1,API_ANOMALY
user-057,2026-09-28 09:04:34.740733,169,601,306,82589,75865,54,88,6,8,SSH,29,8,14,79,20,46,1,0,0,1,49,14,76.13,56.93,5,4,21,27,663,89,31,0.366,13629,GET,14,20,1,API_ANOMALY
user-111,2026-09-28 09:05:34.740733,131,632,1043,31849,138234,56,122,13,3,HTTP,29,4,10,374,12,54,1,0,0,0,43,13,41.77,40.75,8,12,19,24,484,49,85,0.5679,29765,POST,10,8,1,API_ANOMALY
user-018,2026-09-28 09:06:34.740733,186,321,761,88569,156487,24,96,13,4,HTTP,11,8,19,168,23,13,0,1,0,0,32,12,23.0,78.44,12,13,8,14,470,136,33,0.4585,11804,GET,21,6,1,API_ANOMALY
user-178,2026-09-28 09:07:34.740733,154,1066,379,161953,25212,37,103,14,3,DNS,20,7,9,384,8,40,1,0,0,0,42,10,45.04,33.0,10,17,28,16,365,110,37,0.5343,28882,GET,26,17,1,API_ANOMALY
user-134,2026-09-28 09:08:34.740733,118,959,1038,112816,36083,42,42,10,4,TCP,26,4,11,349,11,39,1,1,0,1,36,0,44.33,75.93,8,16,35,17,506,68,32,0.4656,26232,GET,18,21,1,API_ANOMALY
user-025,2026-09-28 09:09:34.740733,206,981,515,84094,149812,57,176,6,10,SSH,17,2,6,67,25,41,1,0,0,0,53,6,78.37,69.55,9,14,29,26,427,57,98,0.5205,12419,GET,6,13,1,API_ANOMALY
user-003,2026-09-28 09:10:34.740733,160,911,923,36803,61070,29,180,8,13,DNS,6,8,16,493,22,31,1,0,0,2,47,1,62.25,40.19,4,15,10,7,797,141,84,0.3999,6750,GET,8,22,1,API_ANOMALY
user-027,2026-09-28 09:11:34.740733,218,840,802,91825,56840,55,32,3,11,SSH,18,6,13,215,25,13,1,0,0,0,39,14,42.24,66.41,3,14,27,8,364,76,82,0.4915,2150,POST,19,6,1,API_ANOMALY
user-046,2026-09-28 09:12:34.740733,86,315,565,91713,136209,57,157,14,10,DNS,11,7,12,377,12,50,0,0,0,1,34,4,25.76,57.51,6,9,25,22,357,31,48,0.3639,19514,POST,27,11,1,API_ANOMALY
user-040,2026-09-28 09:13:34.740733,157,495,915,85183,105137,45,65,10,6,TCP,15,7,10,171,5,11,0,0,1,0,29,14,28.34,38.8,9,19,11,29,234,45,93,0.4309,27838,POST,9,14,1,API_ANOMALY
user-005,2026-09-28 09:14:34.740733,73,361,716,39230,39721,34,131,8,5,TCP,13,8,14,25,16,37,0,1,1,0,41,2,65.05,56.49,4,17,8,27,309,74,71,0.3325,13037,GET,6,4,1,API_ANOMALY
user-058,2026-09-28 09:15:34.740733,70,474,458,107969,85339,26,32,5,3,HTTPS,11,3,17,61,17,31,1,0,0,0,45,3,48.69,59.78,7,19,9,21,479,65,42,0.2786,15349,GET,6,21,1,API_ANOMALY
user-030,2026-09-28 09:16:34.740733,69,966,735,141369,120715,32,126,14,10,HTTPS,26,5,4,283,10,26,0,1,0,0,31,3,45.31,58.69,3,14,25,23,781,83,54,0.4746,20554,GET,21,4,1,API_ANOMALY
user-068,2026-09-28 09:17:34.740733,99,905,992,157732,146199,55,104,11,10,HTTPS,27,3,20,428,24,58,0,0,0,0,50,12,51.9,67.95,6,13,29,14,609,70,88,0.4379,28535,GET,21,7,1,API_ANOMALY
user-027,2026-09-28 09:18:34.740733,92,1086,928,29334,55742,48,69,5,5,HTTP,22,4,14,176,12,34,0,0,1,1,52,3,44.92,46.03,6,19,25,8,543,92,22,0.3317,22644,POST,26,4,1,API_ANOMALY
user-070,2026-09-28 09:19:34.740733,216,771,1062,163722,145593,32,89,7,7,HTTP,5,6,8,384,7,52,1,0,0,1,33,14,38.39,72.82,2,16,31,20,345,33,39,0.4631,4995,GET,28,25,1,API_ANOMALY
user-196,2026-09-28 09:20:34.740733,176,840,889,42508,102548,23,42,8,4,HTTPS,20,5,16,181,18,37,0,1,1,0,50,1,37.78,37.51,7,13,18,24,608,88,91,0.2768,23877,GET,7,5,1,API_ANOMALY
user-101,2026-09-28 09:21:34.740733,71,386,465,41726,75721,27,179,8,5,HTTPS,28,1,9,188,15,18,0,0,0,0,38,3,33.62,70.28,9,15,31,15,406,37,56,0.4046,23131,DELETE,10,6,1,API_ANOMALY
user-033,2026-09-28 09:22:34.740733,207,493,498,99173,53156,34,168,10,3,HTTPS,15,8,3,258,19,36,0,0,0,1,43,6,21.08,73.28,8,18,18,28,583,77,94,0.2849,19981,GET,15,3,1,API_ANOMALY
user-079,2026-09-28 09:23:34.740733,99,722,745,58842,91064,59,160,7,4,HTTPS,12,4,4,240,4,59,0,0,0,1,32,0,64.94,37.79,3,19,16,11,200,48,95,0.2239,24701,GET,8,12,1,API_ANOMALY
user-023,2026-09-28 09:24:34.740733,70,1116,504,122491,78042,24,115,4,7,HTTPS,19,4,19,403,25,13,1,0,0,0,58,2,29.74,32.4,8,14,10,8,696,147,49,0.2237,7502,GET,23,14,1,API_ANOMALY
user-130,2026-09-28 09:25:34.740733,127,360,1063,81698,136927,56,177,14,12,SSH,13,7,10,124,20,22,1,1,0,0,48,12,25.88,50.39,3,8,15,10,203,66,83,0.2811,19451,GET,10,17,1,API_ANOMALY
user-188,2026-09-28 09:26:34.740733,141,297,275,82076,64740,33,45,6,6,HTTPS,13,2,4,434,3,19,1,0,0,1,40,5,25.36,30.32,9,12,20,20,738,133,46,0.4986,14232,GET,13,25,1,API_ANOMALY
user-200,2026-09-28 09:27:34.740733,89,635,556,122677,107541,11,50,13,15,HTTP,17,3,5,189,13,40,1,0,0,0,38,5,57.69,57.6,4,10,33,29,747,43,82,0.2639,25229,POST,9,7,1,API_ANOMALY
user-094,2026-09-28 09:28:34.740733,148,499,760,112183,36663,49,81,6,4,HTTPS,28,6,2,264,22,59,0,1,1,1,50,6,31.46,75.1,11,17,35,17,786,59,40,0.5295,1554,POST,22,17,1,API_ANOMALY
user-125,2026-09-28 09:29:34.740733,200,1182,863,170338,121008,34,79,4,5,HTTPS,9,2,17,107,17,20,0,0,1,1,42,5,60.6,43.72,9,6,14,20,596,67,34,0.2415,7470,GET,22,18,1,API_ANOMALY
user-196,2026-09-28 09:30:34.740733,217,605,877,155376,127579,22,139,5,11,HTTPS,18,4,5,309,12,42,0,1,1,1,50,13,52.1,31.25,4,17,13,28,550,71,75,0.5153,16895,GET,9,3,1,API_ANOMALY
user-195,2026-09-28 09:31:34.740733,79,269,1003,101505,80054,12,61,7,9,HTTPS,26,2,6,475,11,25,0,1,1,1,49,5,44.74,67.01,12,16,30,12,757,104,34,0.5852,21849,GET,28,8,1,API_ANOMALY
user-184,2026-09-28 09:32:34.740733,218,991,260,34329,97375,41,140,13,14,HTTPS,25,1,14,408,19,38,0,1,1,0,47,5,63.67,71.56,3,7,9,5,402,81,21,0.3388,12761,PATCH,8,16,1,API_ANOMALY
user-086,2026-09-28 09:33:34.740733,128,804,867,51964,93213,31,54,15,13,HTTPS,10,6,13,324,12,29,1,0,0,1,35,7,53.39,31.41,5,20,13,8,734,136,56,0.5725,7538,POST,11,9,1,API_ANOMALY
user-054,2026-09-28 09:34:34.740733,217,405,280,72104,93377,44,162,7,14,TCP,13,5,16,241,22,39,0,0,0,0,48,12,49.59,44.34,5,6,28,17,334,37,34,0.3276,22057,GET,19,6,1,API_ANOMALY
user-085,2026-09-28 09:35:34.740733,68,758,904,30033,128326,48,129,12,11,SSH,29,3,15,455,18,30,1,1,0,1,43,13,41.07,36.57,3,17,22,22,513,123,81,0.3407,25335,GET,17,21,1,API_ANOMALY
user-080,2026-09-28 09:36:34.740733,139,647,639,70209,121940,45,99,8,2,HTTPS,15,2,15,60,10,51,1,0,0,0,28,3,30.1,58.56,5,11,26,22,380,53,45,0.3222,21852,PUT,15,23,1,API_ANOMALY
user-081,2026-09-28 09:37:34.740733,143,1139,811,45307,134098,25,178,11,11,DNS,30,3,18,269,20,46,0,0,0,0,41,3,44.44,37.14,7,7,21,9,509,90,48,0.5281,4969,GET,10,21,1,API_ANOMALY
user-128,2026-09-28 09:38:34.740733,176,507,757,43848,131046,24,113,2,12,HTTP,8,7,6,59,9,35,1,0,0,1,57,11,21.03,75.2,2,11,21,14,645,89,70,0.3303,2022,GET,9,3,1,API_ANOMALY
user-127,2026-09-28 09:39:34.740733,114,547,983,109775,98385,35,106,5,11,HTTPS,9,6,13,167,6,46,1,0,0,0,36,11,78.59,69.62,6,8,10,23,671,43,36,0.2407,433,POST,23,8,1,API_ANOMALY
user-073,2026-09-28 09:40:34.740733,84,1194,520,164500,42090,47,101,13,11,HTTPS,13,7,9,461,22,33,1,1,0,1,59,5,44.19,78.81,11,14,13,12,590,77,54,0.4029,19157,GET,16,18,1,API_ANOMALY
user-060,2026-09-28 09:41:34.740733,141,1111,838,115026,143110,48,110,4,5,HTTPS,29,5,8,340,22,38,0,0,0,0,34,5,36.02,57.24,11,13,21,23,723,139,70,0.4983,10957,PUT,23,3,1,API_ANOMALY
user-136,2026-09-28 09:42:34.740733,70,911,845,66834,97814,32,37,5,8,HTTPS,16,4,6,316,9,47,0,0,0,0,39,11,62.97,49.49,6,9,35,26,232,140,74,0.3504,16707,POST,6,7,1,API_ANOMALY
user-186,2026-09-28 09:43:34.740733,85,553,322,79815,107405,52,55,3,7,HTTPS,23,6,5,49,10,38,0,0,1,0,55,2,60.14,44.64,3,18,26,13,614,120,90,0.5628,25102,GET,24,20,1,API_ANOMALY
user-099,2026-09-28 09:44:34.740733,184,649,456,129492,119130,20,133,9,7,HTTPS,14,3,7,308,15,41,1,0,0,1,37,14,61.82,47.2,8,13,29,12,218,46,35,0.1664,12926,PUT,23,12,1,API_ANOMALY
user-128,2026-09-28 09:45:34.740733,85,1053,270,31278,33783,30,157,10,11,HTTP,14,6,12,138,13,38,1,1,0,0,45,8,69.22,49.64,4,17,35,26,779,49,35,0.2666,2427,GET,6,3,1,API_ANOMALY
user-169,2026-09-28 09:46:34.740733,139,469,783,79783,106500,38,83,9,10,HTTPS,24,2,10,468,4,33,0,0,1,1,39,11,37.73,50.09,10,13,24,26,433,58,99,0.5795,11612,GET,23,12,1,API_ANOMALY
user-107,2026-09-28 09:47:34.740733,105,894,692,174541,117640,13,125,11,8,HTTPS,26,2,11,312,5,55,1,0,0,1,45,13,36.13,75.68,10,19,27,21,624,59,81,0.5091,6731,POST,25,14,1,API_ANOMALY
user-097,2026-09-28 09:48:34.740733,187,1010,387,145051,115304,27,82,5,5,TCP,13,7,10,127,16,12,0,0,0,0,49,3,51.96,34.64,11,16,11,12,576,128,49,0.5478,25710,GET,7,18,1,API_ANOMALY
user-109,2026-09-28 09:49:34.740733,71,938,801,80744,154328,11,69,7,6,HTTPS,16,1,2,93,23,39,1,0,0,1,42,0,35.03,35.72,10,16,30,6,312,150,26,0.3693,29309,POST,8,25,1,API_ANOMALY
user-083,2026-09-28 09:50:34.740733,137,672,979,63730,27287,25,63,7,7,HTTPS,27,4,10,278,9,39,0,0,0,1,49,6,23.0,47.82,5,9,29,19,260,107,67,0.4888,666,POST,26,11,1,API_ANOMALY
user-062,2026-09-28 09:51:34.740733,145,897,606,116931,87039,47,151,5,12,HTTP,13,7,10,487,15,55,1,0,0,0,38,3,60.21,69.45,7,14,21,8,737,137,76,0.3018,23103,DELETE,21,13,1,API_ANOMALY
user-093,2026-09-28 09:52:34.740733,60,1110,980,143725,157620,49,86,8,3,HTTPS,21,5,5,451,23,57,0,0,1,0,59,13,61.11,53.9,4,11,26,6,417,86,91,0.3678,2242,GET,13,14,1,API_ANOMALY
user-010,2026-09-28 09:53:34.740733,110,863,619,35023,77264,38,151,3,8,HTTPS,11,6,17,227,8,13,0,1,1,1,53,7,61.92,52.79,3,5,14,24,314,105,93,0.3074,9871,GET,9,20,1,API_ANOMALY
user-076,2026-09-28 09:54:34.740733,68,604,676,91346,151734,13,41,3,7,DNS,17,1,10,135,16,56,0,1,0,0,47,8,74.16,44.95,1,17,11,20,305,60,41,0.1611,24860,POST,8,25,1,API_ANOMALY
user-025,2026-09-28 09:55:34.740733,182,1171,716,36659,113092,54,84,4,15,HTTPS,29,7,2,100,23,33,0,0,0,2,56,6,75.07,43.89,11,5,18,26,340,49,30,0.2902,6850,POST,26,14,1,API_ANOMALY
user-076,2026-09-28 09:56:34.740733,175,881,383,137358,125123,45,11,10,4,HTTPS,24,5,13,161,22,33,0,0,1,3,39,6,72.28,43.23,10,6,26,23,248,57,88,0.3934,27534,PUT,23,14,1,API_ANOMALY
user-117,2026-09-28 09:57:34.740733,66,459,501,37728,155573,48,106,13,5,HTTPS,21,3,4,253,21,31,0,1,1,1,41,9,39.75,39.6,3,10,32,12,714,85,52,0.1536,14689,GET,18,4,1,API_ANOMALY
user-137,2026-09-28 09:58:34.740733,148,1042,749,40203,69050,34,23,11,3,SSH,11,4,10,332,13,50,0,0,0,0,41,6,43.33,68.45,4,7,21,20,611,89,47,0.3094,23384,GET,20,8,1,API_ANOMALY
user-016,2026-09-28 09:59:34.740733,153,1027,941,112071,130767,59,113,12,14,TCP,9,6,17,381,13,42,1,1,1,1,50,7,25.8,34.07,8,20,9,25,238,93,37,0.2607,11832,GET,19,8,1,API_ANOMALY
user-164,2026-09-28 10:00:34.740733,132,717,490,156135,131781,38,32,8,12,TCP,22,7,17,328,12,36,0,1,1,1,63,3,33.56,76.43,3,14,21,8,447,76,30,0.3549,17556,GET,5,8,1,API_ANOMALY
user-130,2026-09-28 10:01:34.740733,169,343,1036,99088,102683,42,14,15,7,HTTPS,17,5,3,134,24,13,0,0,1,0,50,0,45.9,69.09,2,19,10,20,237,54,30,0.1686,2386,GET,8,24,1,API_ANOMALY
user-100,2026-09-28 10:02:34.740733,172,1155,653,84479,147761,41,123,13,13,HTTPS,6,1,4,296,6,30,0,0,0,1,60,3,61.17,36.68,1,8,9,9,639,54,24,0.524,28016,GET,11,25,1,API_ANOMALY
user-082,2026-09-28 10:03:34.740733,120,551,1077,50765,139761,37,100,2,8,HTTP,16,5,14,477,13,16,0,0,1,0,43,9,53.19,58.57,7,9,17,9,790,147,52,0.1896,5751,GET,17,11,1,API_ANOMALY
user-040,2026-09-28 10:04:34.740733,140,964,961,61671,37505,33,10,14,8,HTTPS,17,5,11,185,14,12,0,1,0,0,51,3,78.88,65.1,11,7,21,12,429,133,60,0.3601,27666,POST,16,19,1,API_ANOMALY
user-034,2026-09-28 10:05:34.740733,104,638,914,107755,30427,27,97,3,9,HTTP,25,8,11,187,15,60,0,1,1,1,48,7,27.23,66.54,5,7,33,16,337,114,48,0.4855,5647,GET,21,6,1,API_ANOMALY
user-197,2026-09-28 10:06:34.740733,155,319,855,105612,34677,50,94,9,14,HTTP,14,2,5,55,21,19,1,0,0,0,39,1,40.33,52.07,10,9,20,29,578,72,56,0.2146,21093,GET,16,2,1,API_ANOMALY
user-191,2026-09-28 10:07:34.740733,80,947,948,136617,108961,35,11,8,6,TCP,23,5,9,375,4,39,1,0,0,0,38,13,71.83,66.62,10,16,16,11,320,76,46,0.508,29198,POST,12,17,1,API_ANOMALY
user-141,2026-09-28 10:08:34.740733,103,882,953,117179,126223,46,49,7,14,HTTPS,20,1,11,462,15,56,1,0,0,0,55,13,55.57,31.89,12,16,22,12,636,134,78,0.3626,9905,POST,12,24,1,API_ANOMALY
user-106,2026-09-28 10:09:34.740733,83,836,604,152025,54436,25,21,13,6,HTTP,15,3,10,425,14,32,1,0,0,1,51,7,47.7,43.92,4,9,24,14,350,144,97,0.5266,837,POST,8,14,1,API_ANOMALY
user-025,2026-09-28 10:10:34.740733,129,955,632,51303,78942,48,143,13,9,HTTPS,11,6,3,27,4,16,1,1,0,2,35,5,45.13,68.55,3,7,13,25,422,105,34,0.31,25989,POST,5,21,1,API_ANOMALY
user-071,2026-09-28 10:11:34.740733,100,573,985,91818,96139,13,30,8,14,HTTPS,20,8,15,81,18,49,1,0,1,0,49,14,22.24,54.41,11,13,24,20,227,54,73,0.3516,17205,POST,12,7,1,API_ANOMALY
user-132,2026-09-28 10:12:34.740733,95,266,539,83263,84804,10,28,14,8,HTTPS,24,5,5,370,4,37,1,0,1,0,40,4,34.09,34.44,0,19,29,13,313,74,76,0.4694,13312,GET,18,22,1,API_ANOMALY
user-133,2026-09-28 10:13:34.740733,82,1080,917,139502,54574,46,119,8,9,HTTPS,20,7,7,399,23,60,1,0,0,0,32,2,69.2,52.17,2,11,12,10,197,73,51,0.2629,9340,GET,19,5,1,API_ANOMALY
user-062,2026-09-28 10:14:34.740733,213,261,1036,51909,65742,32,134,5,11,HTTPS,21,4,19,465,11,53,0,1,0,0,33,5,38.68,60.42,7,12,35,22,452,136,51,0.3917,20303,GET,25,13,1,API_ANOMALY
user-049,2026-09-28 10:15:34.740733,115,1157,371,120068,72250,32,106,2,12,HTTP,6,5,20,188,14,42,0,0,1,0,51,10,72.84,38.24,1,6,26,8,187,75,69,0.5017,11699,GET,18,25,1,API_ANOMALY
user-171,2026-09-28 10:16:34.740733,66,414,346,143594,110027,35,62,4,9,TCP,17,5,9,254,22,26,0,0,1,0,43,3,52.18,44.5,11,12,13,20,745,87,72,0.3465,3738,PUT,12,23,1,API_ANOMALY
user-155,2026-09-28 10:17:34.740733,123,903,741,155681,130817,27,174,9,6,TCP,15,2,13,307,7,38,1,1,0,0,51,12,45.63,49.33,8,8,28,28,443,79,70,0.3482,13374,GET,10,23,1,API_ANOMALY
user-124,2026-09-28 10:18:34.740733,91,267,601,133306,40533,24,58,14,7,DNS,11,2,10,387,22,23,1,0,0,1,41,6,46.44,53.25,10,18,18,13,349,78,67,0.2711,26237,GET,21,20,1,API_ANOMALY
user-023,2026-09-28 10:19:34.740733,185,613,672,60399,103414,23,111,10,6,HTTPS,30,6,8,445,6,44,0,1,0,0,47,3,56.48,36.13,5,5,25,24,616,120,39,0.2163,2607,POST,23,14,1,API_ANOMALY
user-056,2026-09-28 10:20:34.740733,154,920,785,25780,154744,58,175,15,9,SSH,15,7,5,109,8,48,0,1,0,0,42,3,58.38,42.95,6,14,10,21,500,38,51,0.306,7136,POST,29,21,1,API_ANOMALY
user-198,2026-09-28 10:21:34.740733,207,766,643,32296,135868,46,147,10,6,HTTPS,18,6,12,490,10,55,1,0,1,1,52,4,45.02,45.18,7,6,11,23,433,129,46,0.2615,26442,GET,20,2,1,API_ANOMALY
user-168,2026-09-28 10:22:34.740733,132,567,432,88015,56603,38,87,13,2,HTTPS,25,5,16,27,4,12,0,0,1,0,40,6,73.13,40.35,6,16,28,15,290,35,36,0.2202,29279,POST,18,7,1,API_ANOMALY
user-115,2026-09-28 10:23:34.740733,203,623,1068,67091,145634,49,167,9,5,HTTPS,9,4,5,90,3,48,0,1,1,1,43,5,77.55,66.27,0,8,30,26,796,98,23,0.5671,29269,GET,19,10,1,API_ANOMALY
user-139,2026-09-28 10:24:34.740733,193,720,549,41168,36971,31,50,10,12,HTTPS,13,3,17,70,13,32,1,1,0,1,39,1,44.19,73.71,11,5,13,12,738,138,50,0.5169,17127,GET,22,11,1,API_ANOMALY
user-122,2026-09-28 10:25:34.740733,146,875,491,133553,79976,25,22,9,10,DNS,24,5,19,99,3,45,0,0,1,0,44,2,33.51,67.66,8,20,26,24,646,132,93,0.294,22888,GET,15,24,1,API_ANOMALY
user-040,2026-09-28 10:26:34.740733,155,489,691,76531,122464,29,56,12,11,HTTPS,10,4,2,403,24,21,1,0,0,1,28,4,72.42,70.74,8,15,34,6,348,56,91,0.4757,29684,GET,13,16,1,API_ANOMALY
user-176,2026-09-28 10:27:34.740733,82,1089,487,100156,32114,55,86,3,8,HTTP,18,5,10,389,6,35,0,0,0,1,58,10,60.33,59.05,2,14,18,8,206,30,90,0.3199,5116,PATCH,28,3,1,API_ANOMALY
user-027,2026-09-28 10:28:34.740733,197,419,582,96158,82937,57,172,3,3,HTTP,22,3,18,331,20,16,0,1,0,0,55,10,34.03,71.25,3,16,31,15,410,44,27,0.5913,7652,GET,11,18,1,API_ANOMALY
user-191,2026-09-28 10:29:34.740733,161,1122,361,36960,125503,46,151,2,8,DNS,20,4,5,148,21,33,1,0,0,0,56,7,32.81,56.26,2,7,31,20,607,73,37,0.5867,13060,PATCH,20,20,1,API_ANOMALY
user-175,2026-09-28 10:30:34.740733,136,733,735,153444,101369,46,137,5,6,HTTP,20,4,17,23,3,47,1,0,1,0,54,8,79.04,50.38,4,7,23,27,555,131,50,0.447,26728,GET,19,9,1,API_ANOMALY
user-178,2026-09-28 10:31:34.740733,195,1005,862,156030,123195,31,100,13,4,HTTP,10,5,10,330,7,57,1,0,0,2,57,8,71.59,76.05,6,15,8,5,464,134,52,0.3021,11835,GET,17,22,1,API_ANOMALY
user-132,2026-09-28 10:32:34.740733,170,748,839,142893,101043,12,124,15,15,HTTPS,25,6,5,33,10,53,0,1,0,0,36,8,60.44,67.38,4,17,27,9,268,90,25,0.4507,8102,POST,26,24,1,API_ANOMALY
user-158,2026-09-28 10:33:34.740733,100,774,945,177518,65361,20,25,5,10,HTTPS,24,4,6,405,14,31,0,0,0,0,51,7,55.94,55.3,5,9,15,25,219,122,82,0.4671,5293,GET,23,21,1,API_ANOMALY
user-098,2026-09-28 10:34:34.740733,115,1152,1039,167059,94500,32,73,5,12,HTTPS,9,6,4,365,15,33,0,1,0,1,35,1,50.38,68.56,3,13,28,10,222,115,45,0.4668,19300,POST,12,7,1,API_ANOMALY
user-121,2026-09-28 10:35:34.740733,94,1024,612,47904,72310,56,105,3,3,HTTPS,22,3,8,290,18,39,0,1,1,0,49,5,44.06,74.98,7,18,31,23,225,35,42,0.1872,20455,GET,24,17,1,API_ANOMALY
user-180,2026-09-28 10:36:34.740733,149,1061,527,116583,47438,13,12,13,13,HTTPS,20,3,11,99,21,19,0,1,1,1,42,11,33.89,55.07,2,9,14,29,273,46,51,0.4221,3310,POST,11,5,1,API_ANOMALY
user-112,2026-09-28 10:37:34.740733,97,1119,492,170866,44802,20,48,14,8,HTTPS,8,6,3,490,24,42,1,0,1,1,53,7,67.13,68.81,8,17,20,11,415,104,50,0.5335,20968,GET,18,16,1,API_ANOMALY
user-034,2026-09-28 10:38:34.740733,204,693,719,169324,50491,19,106,12,15,DNS,10,1,12,494,13,48,1,0,1,1,36,6,26.14,67.23,3,20,16,29,392,148,32,0.5954,18695,GET,25,3,1,API_ANOMALY
user-153,2026-09-28 10:39:34.740733,151,477,263,68784,51950,31,161,3,5,HTTPS,26,5,11,283,15,54,0,0,1,2,32,0,20.23,78.15,12,15,14,28,275,79,24,0.2697,29475,POST,14,3,1,API_ANOMALY
user-037,2026-09-28 10:40:34.740733,61,679,639,110910,67074,24,86,6,5,HTTPS,21,5,19,252,9,50,0,1,1,0,56,2,28.06,37.05,6,14,25,29,769,62,56,0.5553,2262,GET,28,12,1,API_ANOMALY
user-132,2026-09-28 10:41:34.740733,132,943,732,96017,135724,53,103,6,7,SSH,15,2,8,380,4,23,1,0,1,0,48,5,50.26,38.28,0,11,30,6,762,50,92,0.5188,24957,POST,20,9,1,API_ANOMALY
user-098,2026-09-28 10:42:34.740733,103,1076,323,83961,50956,27,107,7,6,HTTPS,25,6,9,499,3,16,1,0,0,0,51,7,66.98,67.79,8,8,20,27,778,61,55,0.5951,21340,GET,27,14,1,API_ANOMALY
user-068,2026-09-28 10:43:34.740733,137,835,1055,136849,130502,22,148,14,2,TCP,9,4,19,326,24,36,0,0,0,0,58,0,34.61,65.15,12,7,31,19,338,47,76,0.4837,3645,PATCH,12,19,1,API_ANOMALY
user-039,2026-09-28 10:44:34.740733,213,1014,387,159767,48201,23,43,9,8,HTTPS,26,7,15,268,15,37,0,0,0,1,35,9,67.76,38.32,4,8,17,28,790,139,82,0.4549,3689,GET,22,11,1,API_ANOMALY
user-102,2026-09-28 10:45:34.740733,195,752,872,154946,43817,52,168,8,10,HTTPS,19,6,4,354,14,58,0,0,0,1,55,9,53.78,77.09,4,6,26,16,358,112,81,0.1721,4952,GET,29,4,1,API_ANOMALY
user-189,2026-09-28 10:46:34.740733,139,1156,534,131177,110541,13,108,6,13,DNS,10,2,5,244,24,38,0,0,0,2,47,9,45.11,69.82,8,17,27,22,565,110,25,0.4201,19099,GET,28,6,1,API_ANOMALY
user-196,2026-09-28 10:47:34.740733,108,1068,348,108931,44389,11,38,15,15,HTTP,11,7,6,231,4,33,1,1,0,0,32,3,69.64,48.3,10,18,14,28,515,91,65,0.3011,3486,GET,17,16,1,API_ANOMALY
user-008,2026-09-28 10:48:34.740733,90,1077,996,104149,116189,58,76,12,13,HTTPS,15,1,3,124,12,15,1,1,0,0,47,10,54.23,44.36,8,16,9,14,280,107,82,0.3506,1882,DELETE,27,8,1,API_ANOMALY
user-123,2026-09-28 10:49:34.740733,214,872,638,70265,135473,42,21,11,12,HTTP,7,5,11,96,21,40,0,0,0,1,51,11,52.01,73.02,2,8,23,20,192,131,75,0.3832,2082,DELETE,6,16,1,API_ANOMALY
user-087,2026-09-28 10:50:34.740733,95,1080,839,139913,159745,52,156,13,3,HTTPS,27,2,9,132,5,49,0,1,0,0,35,12,63.65,76.69,1,17,30,15,525,44,66,0.5312,5384,GET,22,24,1,API_ANOMALY
user-030,2026-09-28 10:51:34.740733,120,1171,570,119802,74228,31,87,10,5,HTTPS,24,7,13,418,19,11,0,0,1,0,45,1,57.23,66.86,10,13,15,19,319,57,97,0.5315,15795,PUT,23,7,1,API_ANOMALY
user-042,2026-09-28 10:52:34.740733,134,1009,966,67404,90505,49,104,4,12,HTTPS,8,6,7,470,6,15,0,0,1,0,42,10,60.97,50.56,6,16,13,18,547,115,60,0.5013,25115,PUT,13,15,1,API_ANOMALY
user-072,2026-09-28 10:53:34.740733,103,1009,357,141743,73324,37,116,13,13,HTTPS,28,5,10,428,20,47,0,0,0,1,42,10,53.25,60.35,3,4,8,18,297,133,33,0.2695,2446,GET,6,23,1,API_ANOMALY
user-152,2026-09-28 10:54:34.740733,195,469,530,38302,97515,39,83,6,14,HTTPS,17,7,17,437,16,41,1,0,1,0,34,1,42.9,47.2,0,19,28,5,658,133,73,0.378,13052,DELETE,25,11,1,API_ANOMALY
user-012,2026-09-28 10:55:34.740733,217,1200,789,25690,137553,58,51,11,11,TCP,18,6,17,188,8,50,1,0,0,1,46,10,63.21,56.55,10,12,27,28,360,67,78,0.2383,3536,GET,6,3,1,API_ANOMALY
user-181,2026-09-28 10:56:34.740733,108,853,264,165194,82584,26,157,4,9,HTTPS,21,2,12,202,7,55,0,1,1,1,58,2,41.8,51.12,5,12,33,26,450,35,60,0.4473,256,GET,15,22,1,API_ANOMALY
user-179,2026-09-28 10:57:34.740733,133,962,979,138170,130790,35,97,5,5,HTTPS,20,2,13,330,22,45,0,0,1,0,49,8,47.41,69.51,11,5,24,20,297,120,51,0.2914,16154,GET,19,20,1,API_ANOMALY
user-121,2026-09-28 10:58:34.740733,193,549,896,166569,28630,34,68,2,5,SSH,26,4,8,447,23,49,0,0,0,1,56,4,44.63,49.88,9,16,16,7,395,147,36,0.541,8938,POST,15,15,1,API_ANOMALY
user-109,2026-09-28 10:59:34.740733,82,449,487,145326,29609,22,15,14,13,HTTPS,17,2,17,288,25,56,1,0,1,1,56,6,74.75,42.9,2,14,22,26,548,95,62,0.552,10271,PUT,13,9,1,API_ANOMALY
user-031,2026-09-28 11:00:34.740733,111,558,892,153180,46833,35,92,5,8,DNS,12,1,4,447,24,18,0,0,0,1,42,5,69.25,35.33,9,18,15,16,524,45,33,0.3666,25767,GET,19,17,1,API_ANOMALY
user-119,2026-09-28 11:01:34.740733,185,811,513,104264,140389,42,131,8,3,HTTPS,19,2,14,240,17,49,1,0,0,0,36,14,76.48,41.54,11,19,32,16,391,57,40,0.3595,13288,POST,17,17,1,API_ANOMALY
user-107,2026-09-28 11:02:34.740733,205,491,644,58339,109956,37,127,14,11,HTTPS,13,3,10,139,4,54,0,0,0,0,44,1,36.45,63.39,8,15,24,8,484,82,23,0.1702,9893,GET,29,23,1,API_ANOMALY
user-073,2026-09-28 11:03:34.740733,159,1084,637,126590,61979,42,83,11,3,TCP,11,7,12,57,8,38,0,0,1,1,50,0,29.26,55.67,4,6,16,28,459,52,76,0.5347,20345,GET,14,3,1,API_ANOMALY
user-156,2026-09-28 11:04:34.740733,124,911,409,142910,35070,47,20,4,12,HTTPS,30,3,17,234,12,43,0,0,1,0,59,6,74.21,45.07,0,8,29,11,526,72,69,0.4145,2231,DELETE,13,16,1,API_ANOMALY
user-162,2026-09-28 11:05:34.740733,120,1137,1022,101584,141250,29,149,12,4,HTTPS,10,6,17,256,14,22,1,0,0,1,39,4,32.78,44.93,9,10,26,18,480,149,68,0.2727,24076,GET,9,24,1,API_ANOMALY
user-172,2026-09-28 11:06:34.740733,141,740,710,144150,52458,21,33,9,9,HTTP,10,3,9,320,4,56,0,0,1,0,47,0,69.34,47.85,2,12,26,6,282,69,24,0.46,14062,GET,29,8,1,API_ANOMALY
user-114,2026-09-28 11:07:34.740733,185,785,379,170704,150557,41,103,4,5,DNS,26,6,10,296,19,32,1,1,0,0,45,3,34.91,58.2,11,9,20,7,541,148,40,0.3343,134,GET,7,20,1,API_ANOMALY
user-070,2026-09-28 11:08:34.740733,202,501,348,66981,145174,12,59,8,6,HTTP,23,4,3,165,19,20,0,0,1,1,41,12,24.41,66.86,1,17,18,11,755,78,48,0.271,3180,GET,5,15,1,API_ANOMALY
user-051,2026-09-28 11:09:34.740733,178,1101,322,80787,91415,43,45,6,5,SSH,21,6,13,191,4,25,0,1,1,1,34,0,73.71,32.83,3,7,9,10,782,45,47,0.4197,18782,POST,10,19,1,API_ANOMALY
user-007,2026-09-28 11:10:34.740733,165,350,895,137368,106956,10,15,13,4,HTTP,24,2,3,278,18,40,0,1,0,0,41,13,29.87,55.16,6,5,25,21,687,56,40,0.1875,9614,PUT,19,3,1,API_ANOMALY
user-023,2026-09-28 11:11:34.740733,105,770,942,57503,77116,30,114,3,4,HTTPS,20,3,8,181,20,54,0,1,1,0,49,4,68.54,59.55,8,11,21,12,412,121,56,0.2615,3112,GET,17,15,1,API_ANOMALY
user-184,2026-09-28 11:12:34.740733,117,679,288,174203,121707,59,98,15,3,TCP,13,4,17,360,18,46,0,0,1,0,42,1,34.6,74.67,4,5,34,12,729,46,32,0.1819,13736,POST,12,17,1,API_ANOMALY
user-156,2026-09-28 11:13:34.740733,93,1029,865,47014,112183,47,119,8,10,TCP,11,6,17,347,16,24,1,0,1,0,31,0,41.28,30.58,10,15,23,29,470,79,41,0.3114,10181,GET,7,13,1,API_ANOMALY
user-148,2026-09-28 11:14:34.740733,144,363,1073,167391,29775,55,36,9,9,HTTPS,22,2,8,187,20,33,1,0,0,0,40,14,35.9,45.26,5,16,33,27,508,138,72,0.1902,11301,GET,18,3,1,API_ANOMALY
user-101,2026-09-28 11:15:34.740733,117,370,757,106515,37432,38,129,8,2,SSH,17,6,16,44,14,32,1,0,1,0,45,13,59.27,46.29,4,10,13,17,248,97,50,0.2376,3560,GET,27,10,1,API_ANOMALY
user-067,2026-09-28 11:16:34.740733,165,907,373,104188,113733,50,49,3,9,HTTPS,5,1,8,247,3,12,1,0,0,0,51,4,33.18,52.71,1,10,18,16,205,47,71,0.5859,18534,POST,16,12,1,API_ANOMALY
user-169,2026-09-28 11:17:34.740733,183,850,550,59383,67089,26,149,11,9,HTTP,12,7,2,309,5,23,0,0,0,1,46,9,72.5,61.76,9,10,12,15,458,114,60,0.4037,14032,GET,30,7,1,API_ANOMALY
user-128,2026-09-28 11:18:34.740733,218,975,511,108193,148558,44,138,7,7,TCP,9,6,19,168,17,53,0,0,1,1,39,13,60.98,59.29,0,6,33,8,329,89,40,0.503,15138,DELETE,8,11,1,API_ANOMALY
user-090,2026-09-28 11:19:34.740733,151,563,913,129329,47446,54,19,7,6,HTTP,26,4,11,244,8,52,0,1,1,0,40,10,67.99,71.51,0,16,34,19,499,31,98,0.5924,7008,GET,17,9,1,API_ANOMALY
user-006,2026-09-28 11:20:34.740733,120,1097,614,41475,83854,13,132,8,12,HTTPS,26,3,10,60,3,26,0,1,0,0,46,10,69.26,51.6,10,17,11,9,773,118,38,0.2463,4736,DELETE,12,16,1,API_ANOMALY
user-061,2026-09-28 11:21:34.740733,92,690,495,70781,61160,20,46,12,9,HTTPS,10,5,15,229,19,25,1,1,0,0,38,9,57.23,78.55,4,18,35,17,388,108,52,0.5448,5805,GET,17,20,1,API_ANOMALY
user-153,2026-09-28 11:22:34.740733,171,939,375,32022,141849,56,86,14,13,TCP,7,5,3,321,20,33,1,0,0,1,30,7,28.87,75.69,2,18,27,22,618,104,56,0.1725,10956,GET,23,17,1,API_ANOMALY
user-051,2026-09-28 11:23:34.740733,151,1071,556,127043,97637,53,42,12,12,HTTP,25,4,18,60,5,34,0,1,0,0,53,6,48.83,49.09,12,17,20,8,306,86,62,0.5556,1757,POST,22,16,1,API_ANOMALY
user-193,2026-09-28 11:24:34.740733,207,415,429,144310,150323,15,97,14,14,HTTPS,14,4,18,268,25,21,0,0,0,0,35,1,52.75,65.05,5,9,29,7,384,40,28,0.5691,9439,GET,8,20,1,API_ANOMALY
user-039,2026-09-28 11:25:34.740733,197,453,309,122101,98512,29,65,13,11,HTTPS,22,6,3,327,9,12,1,0,1,2,53,11,39.83,38.95,11,14,28,20,475,67,29,0.4458,14302,PUT,12,3,1,API_ANOMALY
user-144,2026-09-28 11:26:34.740733,141,346,951,35396,83129,27,146,5,10,DNS,10,3,16,340,23,17,0,0,0,1,51,11,70.5,48.69,1,19,29,15,597,113,21,0.5047,28236,PUT,29,7,1,API_ANOMALY
user-013,2026-09-28 11:27:34.740733,110,429,838,30353,56903,26,158,9,15,HTTP,6,7,2,188,18,55,1,0,1,0,38,14,33.98,45.98,11,8,21,29,237,60,100,0.572,4361,GET,17,12,1,API_ANOMALY
user-172,2026-09-28 11:28:34.740733,74,369,1034,145351,137722,31,164,15,8,DNS,12,1,4,119,5,32,0,0,0,0,49,12,25.7,71.6,11,8,10,12,300,58,76,0.5623,24694,POST,19,19,1,API_ANOMALY
user-198,2026-09-28 11:29:34.740733,181,1165,711,99846,148982,35,69,9,12,DNS,22,6,4,277,6,26,0,0,0,0,36,1,50.9,47.78,6,19,9,29,590,94,56,0.3833,20419,GET,15,16,1,API_ANOMALY
user-127,2026-09-28 11:30:34.740733,110,715,692,46324,31709,27,114,15,9,HTTP,9,3,11,132,19,12,1,0,0,0,34,13,50.83,38.11,8,14,10,15,343,45,69,0.4136,16101,GET,13,7,1,API_ANOMALY
user-103,2026-09-28 11:31:34.740733,86,983,1085,55770,36865,51,149,6,12,TCP,21,7,18,76,8,42,1,0,0,1,62,6,53.73,59.06,4,6,31,11,481,89,28,0.3604,17689,POST,23,8,1,API_ANOMALY
user-190,2026-09-28 11:32:34.740733,213,950,935,66306,97343,40,112,7,9,SSH,8,6,7,54,8,47,1,0,0,0,58,2,52.85,45.16,5,14,34,8,378,87,53,0.3026,24600,GET,25,9,1,API_ANOMALY
user-041,2026-09-28 11:33:34.740733,213,1192,722,42121,92295,60,20,11,5,HTTPS,17,7,14,49,16,57,1,0,1,0,48,4,78.43,44.89,6,16,24,26,289,91,31,0.3424,12388,PATCH,27,23,1,API_ANOMALY
user-070,2026-09-28 11:34:34.740733,173,803,683,156846,133152,20,54,6,14,TCP,24,6,13,59,16,38,0,0,1,0,30,0,34.64,76.25,11,13,11,17,389,46,24,0.3009,27453,POST,17,12,1,API_ANOMALY
user-059,2026-09-28 11:35:34.740733,201,912,578,124946,123651,12,67,4,8,DNS,19,4,2,255,15,12,1,0,0,0,47,5,77.67,71.82,3,7,14,17,359,64,34,0.2322,17235,PATCH,10,19,1,API_ANOMALY
user-132,2026-09-28 11:36:34.740733,190,638,352,142569,69473,13,55,7,11,DNS,19,4,15,389,7,28,0,0,1,1,35,11,43.5,49.74,8,12,27,6,675,69,76,0.4362,27013,GET,23,3,1,API_ANOMALY
user-176,2026-09-28 11:37:34.740733,64,454,587,140241,36194,17,106,11,5,HTTPS,13,6,10,119,17,38,1,0,0,0,48,10,71.8,31.16,4,11,9,15,667,105,56,0.556,16466,GET,11,9,1,API_ANOMALY
user-074,2026-09-28 11:38:34.740733,62,427,863,63069,45630,16,27,8,3,HTTPS,9,3,16,451,3,57,0,0,0,1,49,8,72.89,47.12,4,14,10,14,286,134,94,0.325,9763,GET,25,21,1,API_ANOMALY
user-182,2026-09-28 11:39:34.740733,190,979,952,88141,79289,29,154,13,3,TCP,30,5,7,90,13,35,1,1,0,0,39,1,23.26,66.95,0,19,28,17,615,83,77,0.2759,16155,POST,13,23,1,API_ANOMALY
user-188,2026-09-28 11:40:34.740733,191,456,767,35501,35529,45,124,5,6,HTTPS,16,6,5,292,11,40,0,1,1,1,46,3,21.36,32.7,8,19,25,5,445,101,61,0.452,17956,GET,24,18,1,API_ANOMALY
user-152,2026-09-28 11:41:34.740733,176,929,346,68388,69262,51,146,2,12,HTTPS,10,7,3,463,5,48,1,0,0,0,30,7,55.51,70.0,10,11,34,13,216,108,47,0.5085,16535,POST,23,24,1,API_ANOMALY
user-186,2026-09-28 11:42:34.740733,220,1167,555,108277,60890,20,26,9,3,SSH,29,5,12,462,6,50,1,0,1,1,38,0,54.99,51.51,2,18,31,11,413,126,39,0.4425,2519,POST,19,3,1,API_ANOMALY
user-003,2026-09-28 11:43:34.740733,76,280,940,128260,99701,25,62,10,3,HTTPS,29,8,16,385,6,55,0,1,1,1,33,14,74.84,71.25,1,5,26,9,627,132,70,0.2928,21020,GET,16,5,1,API_ANOMALY
user-138,2026-09-28 11:44:34.740733,136,358,323,37803,53957,59,50,14,14,TCP,9,6,6,62,4,28,0,1,1,1,46,2,54.27,55.6,4,19,20,27,563,95,44,0.3131,13517,PUT,6,21,1,API_ANOMALY
user-051,2026-09-28 11:45:34.740733,116,707,1030,92211,146090,48,92,12,12,TCP,8,7,11,367,8,54,1,0,0,1,43,8,53.81,49.59,3,15,20,28,358,114,70,0.2593,2660,GET,14,3,1,API_ANOMALY
user-191,2026-09-28 11:46:34.740733,95,1185,476,144892,107277,19,131,14,14,HTTPS,10,7,6,329,4,13,0,0,0,1,54,12,52.88,46.86,6,16,31,18,382,88,34,0.4816,19099,PATCH,14,15,1,API_ANOMALY
user-126,2026-09-28 11:47:34.740733,134,959,664,85777,123200,12,114,9,6,HTTPS,6,8,12,51,12,54,0,0,0,2,52,13,65.3,67.89,5,9,15,10,511,52,53,0.4273,18251,GET,22,21,1,API_ANOMALY
user-033,2026-09-28 11:48:34.740733,201,636,855,124566,142112,56,64,7,12,DNS,8,3,17,174,8,51,1,1,1,0,58,8,21.73,55.28,5,5,19,14,448,107,77,0.2047,15840,GET,9,9,1,API_ANOMALY
user-182,2026-09-28 11:49:34.740733,212,1009,889,97128,85242,51,50,9,11,HTTPS,8,3,9,444,11,58,1,0,0,0,52,2,41.73,61.58,2,9,27,8,609,39,66,0.2557,10245,GET,22,18,1,API_ANOMALY
user-089,2026-09-28 11:50:34.740733,104,888,1082,127277,104968,44,123,13,14,TCP,27,4,16,138,19,53,0,0,1,0,38,0,75.11,45.62,6,10,9,15,774,141,49,0.1558,24649,POST,20,18,1,API_ANOMALY
user-063,2026-09-28 11:51:34.740733,203,719,338,168534,153257,14,65,2,4,SSH,7,2,16,457,15,15,1,0,0,1,43,6,28.44,51.36,9,8,14,28,498,118,28,0.4212,6068,POST,16,3,1,API_ANOMALY
user-114,2026-09-28 11:52:34.740733,219,517,727,171411,96578,28,147,9,5,HTTPS,7,6,9,416,7,30,1,1,0,2,57,6,56.21,36.54,5,4,10,12,187,131,61,0.2682,28591,GET,8,20,1,API_ANOMALY
user-013,2026-09-28 11:53:34.740733,81,361,706,146115,74903,57,122,15,7,HTTPS,15,3,3,254,9,15,1,0,0,0,47,4,71.56,71.99,2,14,29,16,352,55,62,0.2842,20456,PATCH,11,16,1,API_ANOMALY
user-168,2026-09-28 11:54:34.740733,179,419,913,124663,121077,52,126,5,11,DNS,19,5,16,403,6,59,0,0,0,1,36,7,75.29,73.16,10,17,11,11,753,127,89,0.5272,3477,PUT,13,6,1,API_ANOMALY
user-033,2026-09-28 11:55:34.740733,110,988,586,115261,109563,44,86,12,10,TCP,7,5,4,399,15,36,0,0,0,0,37,12,23.45,61.11,5,5,24,17,292,52,68,0.4447,7030,POST,30,23,1,API_ANOMALY
user-063,2026-09-28 11:56:34.740733,80,572,373,66780,154411,24,164,10,9,SSH,7,2,15,253,16,12,0,0,1,1,47,6,71.78,35.5,6,12,15,28,708,124,88,0.5076,18693,DELETE,8,25,1,API_ANOMALY
user-018,2026-09-28 11:57:34.740733,93,312,401,148820,146183,22,144,7,12,HTTPS,16,7,2,176,21,24,0,1,1,1,46,6,63.98,36.72,3,15,22,8,714,69,76,0.5742,12830,GET,27,16,1,API_ANOMALY
user-181,2026-09-28 11:58:34.740733,183,561,273,89485,65800,19,126,12,11,HTTPS,18,2,4,88,18,16,0,0,1,2,35,3,74.31,33.37,11,11,30,15,364,107,29,0.5151,7843,POST,22,9,1,API_ANOMALY
user-015,2026-09-28 11:59:34.740733,148,1186,357,124778,155411,50,78,9,10,HTTPS,15,4,20,337,22,21,1,0,1,1,48,14,39.74,38.13,10,7,31,12,282,109,82,0.3445,5783,POST,10,3,1,API_ANOMALY
user-071,2026-09-28 12:00:34.740733,138,755,423,96895,130206,37,100,2,4,HTTPS,9,4,19,30,10,10,0,0,0,0,43,8,66.54,77.82,3,12,12,14,319,115,23,0.5019,27350,GET,24,10,1,API_ANOMALY
user-171,2026-09-28 12:01:34.740733,178,748,351,144961,97766,33,33,15,14,HTTPS,13,3,6,74,14,13,1,1,1,1,41,4,63.98,34.88,1,9,9,29,280,30,99,0.5347,7008,POST,18,13,1,API_ANOMALY
user-163,2026-09-28 12:02:34.740733,138,1117,772,112782,85333,59,50,4,7,HTTPS,10,7,3,92,16,29,0,0,1,1,43,11,59.12,57.64,1,9,21,15,722,114,98,0.5378,4665,GET,10,11,1,API_ANOMALY
user-102,2026-09-28 12:03:34.740733,68,1181,593,94531,80979,54,22,10,5,TCP,7,3,13,183,18,15,0,0,1,1,38,12,71.5,64.58,5,19,22,23,701,58,44,0.4301,26443,GET,15,13,1,API_ANOMALY
user-029,2026-09-28 12:04:34.740733,187,1035,488,153821,159627,32,12,7,8,HTTPS,14,4,12,456,19,20,1,0,0,0,43,11,77.33,49.27,1,5,18,19,601,92,73,0.2602,13626,GET,5,13,1,API_ANOMALY
user-023,2026-09-28 12:05:34.740733,93,644,394,67219,43206,37,68,8,5,HTTPS,18,2,16,487,24,32,1,0,0,1,50,4,37.63,40.72,7,14,22,27,517,77,70,0.4907,18096,POST,5,10,1,API_ANOMALY
user-034,2026-09-28 12:06:34.740733,189,432,931,98280,137027,55,155,7,8,HTTPS,8,6,15,454,12,32,0,0,1,0,56,1,43.22,78.49,10,5,12,27,307,52,68,0.164,27165,GET,19,15,1,API_ANOMALY
user-188,2026-09-28 12:07:34.740733,99,1079,797,27447,104882,37,12,5,14,HTTP,16,4,16,260,5,21,0,0,1,0,36,4,77.9,43.55,5,6,12,8,336,146,42,0.2756,21512,POST,25,23,1,API_ANOMALY
user-106,2026-09-28 12:08:34.740733,182,741,397,69035,32064,46,76,10,7,HTTPS,12,5,4,347,10,39,1,0,0,0,49,4,20.53,76.96,5,18,21,23,395,111,90,0.182,25498,PATCH,8,13,1,API_ANOMALY
user-060,2026-09-28 12:09:34.740733,155,1156,622,164182,70272,51,130,9,2,HTTPS,5,3,14,370,23,26,1,1,1,1,46,7,53.77,42.55,11,19,22,28,575,74,55,0.5244,432,PATCH,25,10,1,API_ANOMALY
user-035,2026-09-28 12:10:34.740733,88,254,897,52332,53691,12,16,3,6,HTTPS,13,6,9,183,22,15,1,1,1,0,42,14,56.94,39.69,8,17,27,26,537,118,70,0.2336,705,POST,27,25,1,API_ANOMALY
user-012,2026-09-28 12:11:34.740733,195,1126,964,145314,75465,46,63,3,9,HTTPS,29,2,13,186,15,52,1,1,1,0,48,2,45.06,75.76,0,14,30,28,362,66,59,0.339,29108,POST,5,7,1,API_ANOMALY
user-076,2026-09-28 12:12:34.740733,99,289,565,101166,100539,16,136,7,14,HTTPS,26,3,14,197,23,23,0,1,1,1,46,1,36.14,70.63,3,11,14,23,526,123,33,0.5668,26417,POST,21,10,1,API_ANOMALY
user-070,2026-09-28 12:13:34.740733,91,853,294,96135,129598,23,55,11,10,TCP,8,3,15,248,16,42,1,1,0,0,41,5,31.05,45.87,11,7,26,10,580,65,23,0.3022,11016,POST,30,24,1,API_ANOMALY
user-057,2026-09-28 12:14:34.740733,86,925,567,167697,95295,46,23,9,4,HTTP,18,7,6,405,6,11,1,0,0,0,38,4,25.78,47.31,6,19,15,26,247,106,83,0.3137,24545,GET,15,14,1,API_ANOMALY
user-184,2026-09-28 12:15:34.740733,207,664,527,69254,98546,30,180,6,4,TCP,5,2,13,35,23,44,1,0,0,2,50,13,73.72,68.85,6,14,33,29,439,143,96,0.3351,19988,POST,14,18,1,API_ANOMALY
user-161,2026-09-28 12:16:34.740733,182,842,732,103842,102604,57,93,3,5,HTTP,14,2,16,167,22,42,0,0,1,0,32,12,57.2,30.22,9,14,22,28,304,88,94,0.1723,17260,POST,17,13,1,API_ANOMALY
user-061,2026-09-28 12:17:34.740733,81,757,784,150286,64765,20,103,13,12,SSH,7,2,12,80,3,45,1,0,0,0,57,4,36.51,45.95,7,14,19,15,524,46,43,0.2491,6556,GET,7,21,1,API_ANOMALY
user-089,2026-09-28 12:18:34.740733,133,1101,392,111918,68240,40,63,14,11,HTTP,11,5,13,242,8,22,0,0,1,0,46,5,49.69,61.03,0,13,28,20,446,145,93,0.429,28161,GET,8,11,1,API_ANOMALY
user-119,2026-09-28 12:19:34.740733,100,979,713,53811,80402,20,129,3,3,HTTPS,7,5,12,458,11,45,1,0,1,3,36,5,68.52,51.26,8,7,8,27,467,79,79,0.5212,25702,GET,24,16,1,API_ANOMALY
user-175,2026-09-28 12:20:34.740733,163,271,713,140086,92541,17,71,3,7,SSH,6,2,5,377,21,41,0,1,0,1,43,11,23.65,30.99,7,13,16,17,741,42,92,0.1804,5765,GET,29,8,1,API_ANOMALY
user-034,2026-09-28 12:21:34.740733,163,748,411,143487,64434,39,87,11,8,DNS,14,6,9,190,21,49,0,0,0,0,34,7,42.72,79.68,3,11,12,22,415,86,33,0.4317,10972,GET,7,15,1,API_ANOMALY
user-083,2026-09-28 12:22:34.740733,199,725,904,67438,77651,40,149,7,12,TCP,6,3,3,377,13,46,1,1,0,0,43,1,76.28,52.74,6,18,23,8,608,70,95,0.2017,538,GET,27,17,1,API_ANOMALY
user-191,2026-09-28 12:23:34.740733,177,935,905,115034,41716,46,71,13,11,HTTPS,7,2,13,148,5,47,1,0,1,0,31,13,31.78,60.56,5,5,34,13,251,98,82,0.195,15386,GET,27,15,1,API_ANOMALY
user-133,2026-09-28 12:24:34.740733,167,645,499,166700,81120,52,160,2,13,HTTP,6,1,17,316,24,36,0,1,1,0,56,13,34.88,79.7,11,13,22,17,283,81,89,0.3423,29894,POST,5,12,1,API_ANOMALY
user-097,2026-09-28 12:25:34.740733,79,536,349,161463,119327,34,160,6,2,HTTPS,8,3,5,353,17,22,1,0,1,0,37,2,37.56,46.27,9,7,29,29,184,58,88,0.4705,18069,GET,7,9,1,API_ANOMALY
user-145,2026-09-28 12:26:34.740733,99,926,392,63234,77159,46,62,10,12,HTTPS,8,2,7,247,13,26,0,1,0,0,54,12,34.34,76.87,2,5,34,7,606,62,85,0.455,17726,POST,28,19,1,API_ANOMALY
user-109,2026-09-28 12:27:34.740733,179,747,554,78333,77389,30,14,5,12,HTTP,9,5,19,360,12,30,1,0,0,0,30,6,43.19,51.43,2,7,15,27,580,36,96,0.1994,18842,PUT,19,24,1,API_ANOMALY
user-098,2026-09-28 12:28:34.740733,96,603,933,80156,118826,59,64,4,11,HTTP,12,4,18,428,9,36,0,1,0,1,48,11,61.99,45.46,5,4,10,6,209,103,60,0.3311,4555,GET,26,10,1,API_ANOMALY
user-133,2026-09-28 12:29:34.740733,114,261,623,157931,116958,51,43,9,9,HTTPS,26,5,19,178,21,22,0,0,0,0,34,2,64.2,76.53,6,7,17,22,387,92,35,0.5846,20655,PATCH,27,21,1,API_ANOMALY
user-154,2026-09-28 12:30:34.740733,176,1093,620,149246,87172,29,46,12,7,DNS,27,3,5,157,14,33,1,0,1,1,44,7,60.19,33.94,9,17,33,11,728,75,96,0.2265,9146,POST,11,19,1,API_ANOMALY
user-152,2026-09-28 12:31:34.740733,211,784,600,109315,127510,58,133,9,6,HTTPS,18,4,4,167,22,57,0,0,1,0,38,2,68.69,67.23,6,8,13,16,239,36,55,0.4689,744,PUT,19,10,1,API_ANOMALY
user-069,2026-09-28 12:32:34.740733,71,561,903,33561,47256,47,133,8,3,HTTPS,8,8,16,24,12,48,1,1,1,0,47,1,20.46,67.31,7,8,26,7,550,100,80,0.1917,3628,POST,8,6,1,API_ANOMALY
user-142,2026-09-28 12:33:34.740733,139,871,954,154311,128227,23,133,13,5,DNS,6,2,5,428,10,36,1,0,0,0,41,8,46.85,36.08,5,17,14,8,490,114,24,0.2476,27949,GET,11,24,1,API_ANOMALY
user-084,2026-09-28 12:34:34.740733,137,644,1050,34702,68910,46,40,4,14,TCP,13,4,12,373,23,41,1,1,0,2,50,9,58.21,75.17,8,14,29,5,735,92,84,0.5544,10724,GET,28,3,1,API_ANOMALY
user-114,2026-09-28 12:35:34.740733,132,937,681,31339,78759,34,140,4,2,HTTP,27,6,3,231,19,11,0,0,0,2,48,3,65.51,36.61,8,19,15,8,405,106,59,0.4729,28487,PUT,19,12,1,API_ANOMALY
user-019,2026-09-28 12:36:34.740733,160,374,1099,125069,125183,44,12,12,10,HTTPS,21,6,14,402,24,29,0,0,1,1,43,11,50.4,38.74,0,18,29,29,599,137,46,0.1811,8525,POST,10,14,1,API_ANOMALY
user-159,2026-09-28 12:37:34.740733,140,841,995,161343,125469,39,35,14,15,TCP,26,6,11,474,10,44,1,1,1,0,48,7,79.19,31.67,10,13,26,25,296,74,53,0.5602,21533,POST,28,21,1,API_ANOMALY
user-071,2026-09-28 12:38:34.740733,206,624,510,109870,138659,13,122,6,5,HTTPS,22,6,18,332,3,32,1,0,1,1,43,7,56.75,42.04,9,7,25,15,185,55,94,0.2904,29448,GET,23,18,1,API_ANOMALY
user-009,2026-09-28 12:39:34.740733,68,494,251,125343,141842,53,87,7,9,SSH,25,2,3,353,5,59,0,0,1,0,37,2,52.93,75.12,10,12,32,20,736,76,83,0.5314,4268,GET,21,18,1,API_ANOMALY
user-002,2026-09-28 12:40:34.740733,190,299,538,169277,49631,38,11,9,3,SSH,23,4,15,347,16,58,0,0,0,1,42,6,45.71,34.92,0,10,27,15,723,81,69,0.5779,27782,GET,9,9,1,API_ANOMALY
user-169,2026-09-28 12:41:34.740733,83,1021,337,123940,27549,26,51,11,13,HTTPS,7,6,19,155,20,27,0,0,0,0,47,8,61.5,63.79,0,11,29,20,272,86,43,0.4946,19053,PUT,12,15,1,API_ANOMALY
user-042,2026-09-28 12:42:34.740733,86,830,860,126428,114874,25,61,3,14,HTTPS,15,6,15,164,15,53,1,0,0,0,45,5,79.77,79.73,1,12,18,28,642,88,28,0.3358,19041,POST,25,16,1,API_ANOMALY
user-095,2026-09-28 12:43:34.740733,188,792,960,114361,61214,37,40,2,6,HTTPS,20,1,9,414,18,40,0,0,1,0,32,3,28.82,75.86,4,7,29,13,482,48,73,0.5504,5297,POST,18,12,1,API_ANOMALY
user-082,2026-09-28 12:44:34.740733,97,417,870,87389,84344,34,146,5,5,SSH,28,1,15,286,17,14,0,0,1,0,44,6,39.69,78.85,7,19,27,9,245,107,87,0.3286,21778,PUT,19,10,1,API_ANOMALY
user-033,2026-09-28 12:45:34.740733,78,1132,1000,106716,42674,44,12,9,9,SSH,19,6,5,134,7,11,1,0,0,1,34,14,42.14,42.09,4,12,13,5,543,121,99,0.2802,5722,PUT,18,5,1,API_ANOMALY
user-169,2026-09-28 12:46:34.740733,81,1002,448,175888,93930,49,83,4,8,HTTPS,6,6,4,427,3,49,1,0,1,0,55,5,67.18,48.42,8,13,9,25,302,145,49,0.5782,22483,GET,18,21,1,API_ANOMALY
user-063,2026-09-28 12:47:34.740733,134,406,827,80101,39148,54,20,8,9,SSH,13,2,12,491,12,12,0,1,1,0,48,11,32.28,42.72,6,14,8,6,245,145,76,0.1741,27834,POST,11,17,1,API_ANOMALY
user-114,2026-09-28 12:48:34.740733,194,1159,789,133606,74413,59,98,6,15,HTTPS,7,8,7,128,4,53,0,1,0,0,43,6,62.53,59.33,12,20,17,7,420,89,76,0.5568,15888,GET,6,23,1,API_ANOMALY
user-099,2026-09-28 12:49:34.740733,192,771,742,113064,153308,18,18,14,9,TCP,23,7,10,470,7,24,0,1,1,0,36,5,25.6,58.77,9,7,16,11,407,88,72,0.4514,6449,PUT,27,16,1,API_ANOMALY
user-181,2026-09-28 12:50:34.740733,67,835,706,81865,141982,36,64,11,4,DNS,14,2,18,61,6,38,1,0,1,1,35,8,71.2,67.25,9,10,33,27,402,68,61,0.461,16300,GET,7,21,1,API_ANOMALY
user-119,2026-09-28 12:51:34.740733,107,304,872,124500,99286,26,110,8,13,TCP,29,5,13,112,25,52,1,0,0,0,41,2,44.35,58.4,12,10,32,13,774,120,42,0.5121,12347,POST,24,8,1,API_ANOMALY
user-039,2026-09-28 12:52:34.740733,143,902,667,122211,145625,31,105,12,11,HTTPS,15,6,3,411,6,22,0,0,1,1,55,6,75.82,57.75,2,4,10,17,188,35,80,0.1576,27444,GET,21,13,1,API_ANOMALY
user-085,2026-09-28 12:53:34.740733,101,863,339,121125,101503,29,115,2,4,HTTPS,26,4,11,287,7,23,0,0,0,2,40,0,29.74,37.92,5,16,12,15,317,130,34,0.5075,14000,DELETE,13,13,1,API_ANOMALY
user-103,2026-09-28 12:54:34.740733,132,369,523,67440,157697,54,147,2,6,TCP,23,3,20,159,4,52,1,0,1,2,30,13,65.23,79.05,1,20,17,27,600,50,88,0.3925,15362,PUT,26,12,1,API_ANOMALY
user-177,2026-09-28 12:55:34.740733,127,352,564,37379,108577,24,128,6,8,HTTPS,22,3,10,178,16,24,1,0,0,0,45,12,23.98,44.53,9,11,9,24,365,72,21,0.209,9113,GET,26,22,1,API_ANOMALY
user-180,2026-09-28 12:56:34.740733,129,758,263,93868,50893,43,119,12,13,HTTP,22,2,13,367,6,56,1,1,0,0,45,1,31.73,56.7,8,19,16,25,705,130,85,0.3156,17009,GET,6,23,1,API_ANOMALY
user-004,2026-09-28 12:57:34.740733,94,264,728,140550,116154,31,167,4,6,DNS,22,5,3,492,19,46,1,0,0,0,43,3,61.82,70.74,12,7,28,19,507,83,84,0.2979,17947,PUT,16,2,1,API_ANOMALY
user-118,2026-09-28 12:58:34.740733,147,992,430,102683,138815,20,141,13,9,HTTPS,12,5,16,339,5,44,1,0,0,1,46,5,42.97,44.78,1,5,34,20,293,133,94,0.2484,5291,POST,18,13,1,API_ANOMALY
user-132,2026-09-28 12:59:34.740733,111,892,891,100926,94817,50,98,8,3,TCP,9,4,4,319,23,41,0,1,0,0,34,14,22.94,46.24,3,15,17,9,568,51,61,0.5346,10473,GET,24,25,1,API_ANOMALY
user-177,2026-09-28 13:00:34.740733,86,1154,415,32697,60503,17,36,3,10,HTTPS,9,8,15,174,16,17,1,0,0,0,45,11,71.89,53.99,5,4,28,21,471,123,92,0.4134,16463,POST,8,12,1,API_ANOMALY
user-126,2026-09-28 13:01:34.740733,161,297,972,42689,33532,52,11,14,11,HTTPS,5,5,11,144,14,46,0,0,0,2,51,12,48.87,71.67,6,17,12,21,288,101,43,0.406,15456,GET,19,11,1,API_ANOMALY
user-138,2026-09-28 13:02:34.740733,70,860,691,70886,154118,23,30,5,5,HTTPS,26,3,14,225,20,32,1,1,1,0,45,10,70.08,38.57,0,13,24,18,713,75,27,0.4483,15828,GET,16,4,1,API_ANOMALY
user-166,2026-09-28 13:03:34.740733,115,300,1045,49131,75972,47,19,8,4,DNS,5,5,11,452,19,38,1,0,0,1,50,4,68.75,70.77,9,17,23,18,585,95,82,0.4962,4654,PUT,17,9,1,API_ANOMALY
user-178,2026-09-28 13:04:34.740733,203,957,387,26401,47180,11,152,15,12,HTTPS,20,5,13,49,17,26,0,0,0,0,36,6,48.35,57.8,7,9,20,14,337,111,86,0.5878,12583,POST,10,10,1,API_ANOMALY
user-162,2026-09-28 13:05:34.740733,134,1160,557,98091,76313,27,119,12,13,HTTP,22,1,16,475,21,58,0,1,1,0,55,14,62.69,45.3,10,6,34,30,462,144,98,0.4895,25520,GET,17,3,1,API_ANOMALY
user-170,2026-09-28 13:06:34.740733,83,802,688,80269,57036,32,160,3,6,HTTPS,23,6,12,97,18,29,0,0,0,0,45,9,52.59,44.34,1,13,27,23,287,86,51,0.3161,19000,GET,26,8,1,API_ANOMALY
user-114,2026-09-28 13:07:34.740733,165,1002,1034,29893,33227,13,80,14,8,TCP,18,5,2,166,12,33,1,0,0,0,36,11,52.03,58.29,4,5,20,30,223,106,55,0.2357,18681,GET,15,24,1,API_ANOMALY
user-096,2026-09-28 13:08:34.740733,182,670,273,35090,74920,25,62,9,12,HTTPS,10,4,16,206,4,56,0,1,0,0,37,5,21.35,73.12,6,9,20,21,264,95,64,0.5445,19539,GET,11,10,1,API_ANOMALY
user-154,2026-09-28 13:09:34.740733,204,525,840,28044,33125,55,158,13,7,HTTP,9,6,20,148,7,28,1,1,1,1,46,9,27.4,66.99,2,16,15,25,438,66,27,0.2592,15013,POST,10,2,1,API_ANOMALY
user-093,2026-09-28 13:10:34.740733,75,622,572,117271,106289,56,12,3,14,SSH,24,1,5,216,15,38,1,1,1,0,42,8,27.84,44.02,11,13,21,12,289,63,71,0.3979,6869,POST,9,18,1,API_ANOMALY
user-098,2026-09-28 13:11:34.740733,165,508,330,91229,109990,38,90,9,4,TCP,15,4,6,108,24,54,0,0,0,0,42,2,65.49,31.45,5,13,14,11,461,60,99,0.4223,18738,GET,11,4,1,API_ANOMALY
user-127,2026-09-28 13:12:34.740733,90,1120,619,122406,67147,48,177,9,11,HTTPS,6,4,11,229,8,32,1,0,1,0,51,14,35.57,37.28,3,18,15,16,183,33,73,0.2792,4840,GET,21,12,1,API_ANOMALY
user-030,2026-09-28 13:13:34.740733,170,1149,712,94003,28695,37,17,3,14,SSH,17,2,19,213,23,13,0,0,0,0,38,8,73.32,37.74,8,12,28,28,391,105,95,0.1531,2538,GET,27,21,1,API_ANOMALY
user-069,2026-09-28 13:14:34.740733,173,1075,593,60893,56832,36,56,9,11,SSH,10,2,7,92,19,13,0,1,0,1,59,3,74.73,44.53,9,8,34,28,192,120,97,0.3822,529,DELETE,17,17,1,API_ANOMALY
user-052,2026-09-28 13:15:34.740733,213,604,994,140809,124722,59,91,7,10,SSH,14,6,14,467,19,46,1,1,0,1,45,12,52.36,62.4,5,9,8,26,553,79,23,0.5342,15010,PUT,15,24,1,API_ANOMALY
user-106,2026-09-28 13:16:34.740733,199,346,272,140431,32349,27,99,2,10,DNS,22,4,9,484,21,21,1,0,1,0,31,13,69.82,59.29,1,7,21,18,692,40,92,0.5677,3298,POST,20,17,1,API_ANOMALY
user-014,2026-09-28 13:17:34.740733,215,1013,292,27633,146941,56,149,10,3,HTTP,18,5,15,203,23,25,0,0,1,0,45,9,29.61,56.64,1,4,27,13,746,112,81,0.3816,20857,GET,18,15,1,API_ANOMALY
user-013,2026-09-28 13:18:34.740733,129,574,1046,41684,120267,25,133,10,7,HTTPS,30,5,16,388,10,50,0,1,1,1,49,12,21.72,48.92,10,7,14,11,272,63,75,0.1772,6887,GET,30,12,1,API_ANOMALY
user-095,2026-09-28 13:19:34.740733,207,1128,932,141152,145579,24,51,6,6,HTTPS,27,6,16,178,4,34,1,0,0,1,32,11,48.0,42.92,1,12,19,28,637,88,82,0.4292,5431,GET,27,23,1,API_ANOMALY
user-016,2026-09-28 13:20:34.740733,125,768,1043,145633,158038,11,56,10,13,HTTP,16,4,11,27,4,14,0,1,1,0,44,0,66.83,33.45,8,11,20,25,591,113,86,0.5,2094,GET,6,25,1,API_ANOMALY
user-141,2026-09-28 13:21:34.740733,68,371,634,93200,71124,42,86,3,3,TCP,6,7,17,31,10,59,0,0,0,1,39,0,68.41,68.79,9,19,13,9,410,58,72,0.4233,13853,GET,13,4,1,API_ANOMALY
user-067,2026-09-28 13:22:34.740733,186,330,706,95925,111995,23,96,11,10,SSH,21,2,19,260,10,17,0,1,0,0,29,3,60.44,56.58,3,7,14,14,327,143,44,0.4027,7213,GET,14,24,1,API_ANOMALY
user-013,2026-09-28 13:23:34.740733,102,723,382,123210,122187,41,102,9,13,HTTP,10,3,10,295,11,56,1,0,0,1,63,7,20.38,39.5,5,19,30,12,371,126,41,0.4754,564,GET,8,6,1,API_ANOMALY
user-081,2026-09-28 13:24:34.740733,165,771,587,149026,113873,33,84,15,5,HTTP,30,6,5,130,3,24,1,1,0,1,44,10,39.18,44.27,9,8,23,20,382,132,43,0.5183,7741,GET,30,10,1,API_ANOMALY
user-002,2026-09-28 13:25:34.740733,118,690,284,54877,105712,21,166,15,8,HTTPS,7,4,18,403,12,59,0,0,0,1,56,9,34.17,54.52,2,17,17,29,329,83,89,0.2467,6469,PATCH,18,5,1,API_ANOMALY
user-058,2026-09-28 13:26:34.740733,181,1001,910,101113,140847,32,39,15,8,HTTPS,15,7,18,50,8,32,0,0,1,0,55,14,71.2,64.76,1,15,17,16,346,55,59,0.3489,29402,GET,29,22,1,API_ANOMALY
user-083,2026-09-28 13:27:34.740733,70,716,342,131772,100708,38,48,8,5,HTTPS,16,2,10,259,17,43,0,0,0,0,58,7,62.42,65.3,11,6,12,20,690,134,54,0.2315,15196,GET,7,9,1,API_ANOMALY
user-154,2026-09-28 13:28:34.740733,67,761,688,87199,149873,56,65,8,4,SSH,29,6,15,64,6,25,0,0,0,0,60,9,71.76,40.38,3,16,11,26,620,131,45,0.4099,7879,GET,8,20,1,API_ANOMALY
user-171,2026-09-28 13:29:34.740733,113,255,287,169145,61285,52,138,15,11,HTTPS,25,1,4,493,17,46,1,0,1,1,48,9,57.74,62.96,2,17,34,9,527,76,68,0.3873,20210,GET,28,3,1,API_ANOMALY
user-075,2026-09-28 13:30:34.740733,76,613,497,166908,69745,48,42,10,13,TCP,22,7,5,237,6,31,0,1,0,0,40,6,61.55,58.3,11,6,29,9,562,140,35,0.4044,17541,POST,19,11,1,API_ANOMALY
user-124,2026-09-28 13:31:34.740733,113,1084,320,160816,126172,36,75,14,12,HTTP,26,8,4,79,12,55,0,0,0,1,57,5,51.04,67.37,6,6,33,12,484,42,68,0.2115,23855,GET,17,5,1,API_ANOMALY
user-158,2026-09-28 13:32:34.740733,148,734,800,75782,31861,42,28,15,4,HTTP,7,7,17,150,12,22,1,1,1,0,35,2,49.84,70.68,8,8,23,14,724,103,35,0.1651,8351,POST,15,24,1,API_ANOMALY
user-191,2026-09-28 13:33:34.740733,124,339,767,80255,74697,41,80,11,6,HTTPS,21,7,16,387,19,12,1,0,0,0,44,8,40.7,30.17,12,10,29,11,358,79,79,0.514,1981,PUT,10,4,1,API_ANOMALY
user-040,2026-09-28 13:34:34.740733,118,724,867,82676,158153,28,67,5,9,SSH,20,7,6,306,10,50,1,1,0,0,43,5,48.94,58.32,11,19,33,17,568,47,24,0.3084,24018,PATCH,21,7,1,API_ANOMALY
user-188,2026-09-28 13:35:34.740733,132,616,315,159531,142392,48,16,5,7,HTTPS,21,4,5,333,7,57,0,0,0,1,43,1,38.86,41.87,2,17,23,13,595,88,39,0.504,15844,POST,18,9,1,API_ANOMALY
user-031,2026-09-28 13:36:34.740733,88,798,293,96630,39490,18,155,4,13,HTTPS,13,5,16,500,14,16,1,0,0,1,35,8,69.93,49.52,5,20,15,7,526,73,77,0.5642,5545,PUT,23,7,1,API_ANOMALY
user-169,2026-09-28 13:37:34.740733,110,425,811,144762,127707,52,137,6,3,HTTP,20,6,15,332,15,57,1,1,0,1,37,3,67.29,60.56,12,9,30,8,408,131,58,0.3036,14157,GET,18,7,1,API_ANOMALY
user-159,2026-09-28 13:38:34.740733,198,705,1098,73681,125016,31,26,14,12,HTTPS,28,6,19,479,20,19,0,1,1,1,55,0,33.88,42.64,5,9,31,6,318,143,54,0.367,9748,POST,21,10,1,API_ANOMALY
user-007,2026-09-28 13:39:34.740733,110,688,1022,174827,102043,28,141,14,10,HTTP,20,3,2,217,6,21,0,1,0,0,56,4,41.58,61.53,7,5,17,6,790,46,73,0.3283,2975,GET,27,14,1,API_ANOMALY
user-194,2026-09-28 13:40:34.740733,151,1004,613,34503,63441,36,167,12,6,HTTPS,6,3,16,270,10,54,0,0,0,1,38,1,20.61,53.85,1,13,21,16,479,90,26,0.3175,19702,GET,12,23,1,API_ANOMALY
user-149,2026-09-28 13:41:34.740733,218,671,591,176277,108432,42,95,4,8,HTTP,23,2,7,408,13,24,1,0,0,0,31,1,78.42,79.81,2,5,30,27,243,100,79,0.5983,29590,POST,27,20,1,API_ANOMALY
user-152,2026-09-28 13:42:34.740733,61,1093,1058,132454,53715,56,151,12,6,SSH,9,6,16,465,21,42,0,0,0,0,61,7,41.38,40.68,0,15,23,13,615,30,65,0.2002,9626,PUT,15,22,1,API_ANOMALY
user-016,2026-09-28 13:43:34.740733,142,277,542,76629,110652,38,162,8,8,HTTP,14,6,12,144,4,47,1,0,0,0,32,7,29.44,71.65,0,9,23,23,595,84,82,0.4718,15804,PUT,28,8,1,API_ANOMALY
user-106,2026-09-28 13:44:34.740733,188,543,741,108182,96171,25,163,2,12,HTTPS,16,5,5,100,14,32,1,1,1,0,50,14,56.49,39.93,1,6,15,15,788,131,75,0.263,18189,GET,25,18,1,API_ANOMALY
user-083,2026-09-28 13:45:34.740733,202,862,657,115651,54919,53,72,8,11,DNS,23,4,17,32,11,48,1,1,0,1,43,0,61.16,46.63,0,19,30,17,352,143,55,0.3518,21761,GET,30,7,1,API_ANOMALY
user-084,2026-09-28 13:46:34.740733,183,316,511,116569,39928,38,34,15,9,TCP,26,4,11,202,18,32,0,0,0,0,51,11,35.4,35.22,11,15,35,26,380,40,87,0.4171,4970,PUT,24,25,1,API_ANOMALY
user-138,2026-09-28 13:47:34.740733,211,283,917,122233,51766,38,108,13,10,HTTPS,29,5,20,316,24,16,1,0,0,0,49,8,68.8,38.52,9,4,26,25,220,141,71,0.4502,3377,GET,21,25,1,API_ANOMALY
user-148,2026-09-28 13:48:34.740733,158,259,884,44386,84180,39,13,8,12,TCP,25,5,9,390,19,25,1,0,1,1,36,1,53.82,39.25,0,20,17,21,350,65,29,0.403,16806,GET,28,14,1,API_ANOMALY
user-167,2026-09-28 13:49:34.740733,78,733,695,96595,34506,28,93,7,6,SSH,24,6,8,45,19,13,0,1,0,0,62,13,22.45,54.65,9,16,27,22,562,147,76,0.1574,544,DELETE,23,22,1,API_ANOMALY
user-126,2026-09-28 13:50:34.740733,123,871,1075,166211,79599,41,132,13,13,HTTPS,18,1,13,448,19,23,0,0,0,1,35,11,56.71,60.86,1,19,13,27,460,53,70,0.2055,19667,GET,7,11,1,API_ANOMALY
user-102,2026-09-28 13:51:34.740733,100,650,478,81543,145406,11,117,11,9,HTTP,5,8,11,283,15,15,1,0,0,1,50,2,56.66,79.33,9,20,14,10,380,94,44,0.4891,17459,POST,26,8,1,API_ANOMALY
user-102,2026-09-28 13:52:34.740733,163,383,914,91511,105517,51,166,5,5,DNS,18,3,6,413,21,17,0,0,1,1,42,1,42.73,56.28,7,7,35,18,414,93,42,0.4959,16390,GET,29,15,1,API_ANOMALY
user-184,2026-09-28 13:53:34.740733,70,432,339,39915,29494,48,53,4,2,TCP,23,3,13,53,4,57,0,1,1,1,38,9,36.87,51.15,5,13,34,15,652,45,75,0.2077,13368,POST,21,16,1,API_ANOMALY
user-102,2026-09-28 13:54:34.740733,129,354,1069,105636,80910,46,153,8,7,SSH,25,5,4,319,11,58,1,0,1,1,43,14,60.23,55.06,10,13,34,8,388,48,80,0.4243,12706,PUT,28,19,1,API_ANOMALY
user-084,2026-09-28 13:55:34.740733,110,564,779,141887,148893,54,28,9,4,HTTPS,25,5,7,224,5,41,0,1,1,0,37,7,27.93,48.91,5,10,18,17,536,111,21,0.3493,12658,GET,12,5,1,API_ANOMALY
user-039,2026-09-28 13:56:34.740733,63,704,541,133785,148752,40,119,11,14,TCP,29,5,13,464,8,48,0,0,0,0,31,1,24.6,56.16,11,13,11,16,434,104,41,0.2774,11939,GET,29,3,1,API_ANOMALY
user-032,2026-09-28 13:57:34.740733,193,1196,455,108229,59190,12,122,10,7,HTTP,8,6,8,171,13,50,0,1,0,0,41,0,35.69,77.72,5,13,35,23,765,139,23,0.2026,16159,GET,23,9,1,API_ANOMALY
user-049,2026-09-28 13:58:34.740733,198,1109,441,158665,151839,15,78,3,12,HTTP,26,4,2,323,21,52,0,0,1,2,35,5,54.88,42.06,2,6,10,22,627,148,68,0.4042,18771,GET,11,4,1,API_ANOMALY
user-078,2026-09-28 13:59:34.740733,87,265,719,135075,153048,26,46,5,9,TCP,27,6,10,362,23,11,1,0,0,0,27,6,58.69,53.27,3,14,9,29,781,109,99,0.2041,6744,POST,21,6,1,API_ANOMALY
user-051,2026-09-28 14:00:34.740733,76,661,661,140344,124446,41,87,6,9,SSH,15,5,2,325,11,42,1,0,1,0,41,14,60.82,54.26,1,15,9,16,762,128,90,0.2996,20093,POST,15,17,1,API_ANOMALY
user-177,2026-09-28 14:01:34.740733,103,756,856,41645,129628,59,14,14,5,HTTP,19,6,9,317,9,42,0,0,0,0,39,6,73.43,34.86,5,4,11,26,499,34,73,0.2906,2239,GET,27,15,1,API_ANOMALY
user-132,2026-09-28 14:02:34.740733,173,1137,992,68265,99939,54,12,9,6,HTTPS,26,5,13,120,16,42,0,0,1,0,41,2,68.34,41.43,0,19,22,13,430,88,51,0.1518,5026,POST,11,15,1,API_ANOMALY
user-144,2026-09-28 14:03:34.740733,134,341,415,34228,54407,44,145,14,3,HTTPS,11,4,17,319,13,42,0,0,1,0,58,4,73.15,33.33,1,12,19,8,388,70,77,0.4297,12556,PUT,16,15,1,API_ANOMALY
user-184,2026-09-28 14:04:34.740733,135,1026,842,142780,73013,46,118,3,5,TCP,11,8,11,180,22,20,0,0,0,1,52,9,54.92,67.86,1,5,15,7,428,85,67,0.3878,21861,GET,30,9,1,API_ANOMALY
user-143,2026-09-28 14:05:34.740733,213,761,1023,27961,146881,24,165,12,7,HTTPS,21,2,6,335,17,31,0,1,0,0,36,9,71.53,72.79,6,19,33,18,193,106,65,0.3694,18237,GET,5,20,1,API_ANOMALY
user-067,2026-09-28 14:06:34.740733,113,275,288,35958,69097,55,16,13,13,DNS,26,6,6,264,12,57,0,0,0,1,43,10,70.22,43.23,9,15,22,11,757,124,89,0.4013,17336,POST,29,23,1,API_ANOMALY
user-001,2026-09-28 14:07:34.740733,207,1001,267,129757,158906,43,109,5,7,DNS,27,7,6,66,18,50,0,0,0,0,27,8,27.65,47.07,4,4,16,21,510,95,73,0.5751,24240,GET,8,20,1,API_ANOMALY
user-087,2026-09-28 14:08:34.740733,151,541,727,59725,149512,49,115,14,7,HTTPS,13,5,10,429,23,28,1,0,1,0,41,2,24.52,55.36,7,12,15,14,328,85,30,0.1619,26568,GET,6,21,1,API_ANOMALY
user-133,2026-09-28 14:09:34.740733,198,508,685,163112,140887,10,43,14,4,HTTPS,22,6,10,35,16,60,1,1,0,1,32,8,77.19,45.42,2,10,21,16,595,90,42,0.2799,8339,GET,25,14,1,API_ANOMALY
user-045,2026-09-28 14:10:34.740733,186,883,866,96757,128039,33,16,9,14,TCP,14,2,20,252,21,42,1,0,0,0,27,14,74.11,77.19,5,19,24,8,324,141,82,0.348,17679,POST,30,14,1,API_ANOMALY
user-061,2026-09-28 14:11:34.740733,92,512,729,132612,98768,34,83,5,12,TCP,11,6,15,81,22,13,0,0,1,2,48,12,23.1,61.93,9,7,17,10,684,126,25,0.3175,15354,GET,15,10,1,API_ANOMALY
user-172,2026-09-28 14:12:34.740733,182,935,696,82751,93081,14,149,9,4,TCP,14,3,3,458,7,26,0,0,0,0,57,13,69.43,53.26,11,12,13,11,325,63,56,0.1973,26125,POST,19,8,1,API_ANOMALY
user-194,2026-09-28 14:13:34.740733,206,1131,901,152038,127355,33,163,4,8,HTTPS,27,1,14,210,5,28,0,0,0,0,33,0,50.61,57.14,10,15,13,11,532,48,25,0.2119,27616,GET,7,3,1,API_ANOMALY
user-128,2026-09-28 14:14:34.740733,99,754,524,50561,99273,57,99,12,6,HTTPS,24,5,9,220,22,15,0,0,0,1,46,12,68.08,58.4,5,11,27,16,433,108,71,0.1637,11792,PATCH,22,4,1,API_ANOMALY
user-014,2026-09-28 14:15:34.740733,140,304,1038,82589,39799,39,21,2,10,HTTPS,12,2,9,258,22,21,1,1,0,1,51,9,32.24,44.66,11,9,24,25,282,108,84,0.3128,12109,GET,11,11,1,API_ANOMALY
user-074,2026-09-28 14:16:34.740733,186,647,553,95229,46386,44,129,2,2,HTTPS,6,5,20,498,10,15,0,0,1,0,40,4,63.92,78.78,5,8,26,7,689,121,44,0.2042,23310,GET,15,7,1,API_ANOMALY
user-144,2026-09-28 14:17:34.740733,178,543,439,167507,141626,33,61,11,6,HTTPS,9,3,12,112,15,28,1,0,0,0,45,2,29.18,44.97,1,9,18,30,270,35,28,0.2093,16180,GET,13,12,1,API_ANOMALY
user-154,2026-09-28 14:18:34.740733,142,754,510,133258,54985,43,75,10,7,HTTPS,13,1,2,148,9,29,1,1,0,0,59,0,43.42,58.85,1,8,19,10,289,85,44,0.2487,25445,GET,21,18,1,API_ANOMALY
user-141,2026-09-28 14:19:34.740733,193,699,470,136908,96293,11,174,3,14,DNS,14,2,8,294,16,25,1,0,0,0,46,0,28.41,53.88,9,4,30,19,453,69,76,0.3522,26976,GET,6,24,1,API_ANOMALY
user-175,2026-09-28 14:20:34.740733,158,764,537,110163,52969,14,111,4,6,TCP,15,8,19,61,24,27,1,0,1,1,55,7,72.37,78.38,7,9,34,9,218,70,73,0.2129,7011,PUT,24,7,1,API_ANOMALY
user-064,2026-09-28 14:21:34.740733,141,313,638,42367,112629,27,55,11,15,TCP,15,7,5,247,11,50,1,0,0,2,43,5,56.39,41.77,6,7,32,22,311,148,57,0.5258,13756,DELETE,18,18,1,API_ANOMALY
user-071,2026-09-28 14:22:34.740733,184,815,690,68289,115995,49,41,9,14,SSH,17,4,6,254,25,50,0,0,0,0,44,12,35.42,46.07,1,12,28,11,534,93,30,0.1857,8935,PUT,8,18,1,API_ANOMALY
user-192,2026-09-28 14:23:34.740733,73,654,428,37921,156288,30,179,12,11,TCP,23,7,15,295,23,53,1,0,1,1,42,7,57.62,46.38,6,14,18,7,468,52,38,0.3562,23726,GET,27,16,1,API_ANOMALY
user-035,2026-09-28 14:24:34.740733,162,1132,283,32246,65313,15,143,14,14,HTTPS,7,4,8,157,9,16,1,0,1,0,48,8,55.76,75.48,12,9,12,19,617,46,86,0.532,12048,GET,18,13,1,API_ANOMALY
user-168,2026-09-28 14:25:34.740733,118,1121,939,147935,57047,34,66,10,14,DNS,8,3,10,347,15,18,0,0,1,0,45,12,69.37,40.93,1,4,16,29,430,43,93,0.2105,16396,PUT,21,23,1,API_ANOMALY
user-097,2026-09-28 14:26:34.740733,207,1078,863,118499,51225,11,109,6,3,SSH,29,4,9,44,21,21,1,0,0,2,28,6,79.77,56.62,3,5,15,27,624,108,50,0.3522,21089,POST,30,22,1,API_ANOMALY
user-075,2026-09-28 14:27:34.740733,141,852,438,136969,97859,40,22,9,9,TCP,24,6,9,148,5,19,0,0,0,0,62,8,55.34,59.72,4,19,31,12,302,98,23,0.5814,23230,GET,29,4,1,API_ANOMALY
user-108,2026-09-28 14:28:34.740733,141,407,650,71605,115969,57,98,14,10,HTTPS,27,7,6,193,19,43,1,0,0,2,46,10,51.37,36.1,2,7,21,29,460,70,44,0.5909,27737,GET,6,10,1,API_ANOMALY
user-100,2026-09-28 14:29:34.740733,68,300,330,98862,39202,57,87,9,11,HTTPS,27,7,16,147,16,13,1,1,1,0,61,7,67.85,65.07,6,14,22,15,776,116,48,0.5192,7646,GET,18,17,1,API_ANOMALY
user-060,2026-09-28 14:30:34.740733,165,378,988,165033,44865,15,147,13,13,SSH,22,6,11,136,8,13,0,0,0,2,63,2,71.31,52.18,10,17,33,22,281,78,91,0.2575,9345,POST,14,22,1,API_ANOMALY
user-055,2026-09-28 14:31:34.740733,118,412,263,97084,62025,55,39,11,7,HTTPS,14,5,18,326,23,27,0,0,0,0,62,7,76.58,46.88,5,17,21,7,778,132,42,0.4054,16834,GET,15,13,1,API_ANOMALY
user-199,2026-09-28 14:32:34.740733,68,632,998,93931,54754,39,100,13,4,HTTPS,27,8,6,354,19,23,1,1,0,1,55,9,69.65,63.18,2,18,29,14,743,146,96,0.5381,19800,GET,17,6,1,API_ANOMALY
user-003,2026-09-28 14:33:34.740733,148,542,1079,174099,126275,53,124,6,14,HTTP,28,2,19,325,12,25,0,0,1,0,47,4,53.88,71.62,9,8,17,15,558,113,92,0.2646,16905,GET,28,16,1,API_ANOMALY
user-069,2026-09-28 14:34:34.740733,96,335,746,45619,77606,12,60,14,12,TCP,29,4,14,468,17,48,0,1,1,1,42,5,27.3,61.32,8,9,29,11,236,117,31,0.2479,13464,GET,29,23,1,API_ANOMALY
user-075,2026-09-28 14:35:34.740733,77,1060,820,108754,64136,49,104,9,3,TCP,7,6,16,232,21,34,0,0,1,0,50,0,41.54,53.02,1,10,28,16,450,135,54,0.3656,27837,POST,25,20,1,API_ANOMALY
user-138,2026-09-28 14:36:34.740733,77,899,448,164778,155549,40,137,9,5,HTTPS,16,8,3,37,8,12,0,1,1,0,42,1,79.89,68.2,1,14,28,18,704,84,36,0.3923,22085,GET,13,3,1,API_ANOMALY
user-049,2026-09-28 14:37:34.740733,188,1024,488,100900,42967,56,134,11,15,HTTPS,24,2,7,284,25,37,1,1,0,0,47,2,45.24,43.14,1,5,33,6,661,66,92,0.2773,23186,GET,16,9,1,API_ANOMALY
user-178,2026-09-28 14:38:34.740733,105,902,830,108103,62372,45,130,13,8,HTTPS,11,7,13,195,13,30,1,0,1,1,53,7,69.69,44.56,8,20,11,7,618,94,40,0.4432,25539,GET,23,6,1,API_ANOMALY
user-135,2026-09-28 14:39:34.740733,198,367,790,108099,96731,27,45,11,11,HTTPS,25,6,4,247,14,29,0,1,0,0,57,8,76.7,62.03,11,8,21,24,557,101,64,0.1858,15502,DELETE,28,16,1,API_ANOMALY
user-184,2026-09-28 14:40:34.740733,110,1186,968,55848,136756,59,111,2,3,TCP,16,1,9,306,5,56,1,0,1,0,49,3,57.53,70.63,4,5,11,13,656,145,96,0.3971,21842,GET,8,7,1,API_ANOMALY
user-149,2026-09-28 14:41:34.740733,214,980,254,74674,147138,30,160,4,11,HTTPS,16,5,13,492,16,42,0,1,0,0,51,12,26.02,71.63,0,14,28,6,237,82,38,0.2219,4339,GET,9,17,1,API_ANOMALY
user-010,2026-09-28 14:42:34.740733,184,722,675,160308,38361,20,72,4,12,HTTPS,22,4,10,416,6,59,1,1,1,1,28,8,78.19,35.36,6,8,11,23,312,84,39,0.4136,27466,GET,11,6,1,API_ANOMALY
user-174,2026-09-28 14:43:34.740733,127,1171,483,43061,47161,39,81,14,6,HTTP,10,1,4,488,25,39,0,0,1,0,50,3,77.56,35.48,10,10,13,29,714,136,74,0.4998,18993,POST,8,20,1,API_ANOMALY
user-191,2026-09-28 14:44:34.740733,189,906,478,145951,47955,42,36,10,3,HTTPS,9,5,17,142,9,59,1,0,0,2,41,8,31.29,62.31,7,15,18,17,632,140,89,0.5612,121,GET,11,3,1,API_ANOMALY
user-151,2026-09-28 14:45:34.740733,64,951,369,115427,152097,27,166,6,7,HTTPS,14,7,14,125,20,48,1,1,0,0,36,7,50.11,63.06,9,20,13,25,630,74,95,0.1724,18607,GET,30,8,1,API_ANOMALY
user-057,2026-09-28 14:46:34.740733,71,994,731,138895,115420,42,75,7,13,SSH,13,1,6,394,5,15,1,1,1,1,49,11,71.41,46.4,7,16,33,29,321,88,93,0.1666,22192,GET,26,12,1,API_ANOMALY
user-084,2026-09-28 14:47:34.740733,121,866,715,159886,149326,59,31,14,3,HTTPS,20,2,16,203,17,43,1,1,0,0,40,13,73.89,60.22,6,10,23,28,431,95,84,0.2905,15130,GET,11,10,1,API_ANOMALY
user-165,2026-09-28 14:48:34.740733,84,683,281,120226,75526,22,18,7,3,HTTPS,25,5,12,56,19,13,0,0,1,2,35,8,25.84,45.53,6,6,19,7,338,51,79,0.2608,228,GET,15,22,1,API_ANOMALY
user-200,2026-09-28 14:49:34.740733,163,282,772,81629,93149,47,122,10,13,SSH,15,1,4,240,22,21,0,0,1,0,40,10,55.92,72.39,8,7,30,17,471,33,38,0.5333,6216,GET,19,18,1,API_ANOMALY
user-072,2026-09-28 14:50:34.740733,95,824,423,160664,59267,40,99,12,11,HTTP,24,6,11,286,13,57,0,1,1,0,51,1,20.24,65.15,2,7,23,28,345,45,69,0.4732,20483,GET,18,11,1,API_ANOMALY
user-050,2026-09-28 14:51:34.740733,153,1149,404,142679,119833,19,155,13,14,HTTPS,18,8,10,421,22,59,1,0,0,0,44,8,66.12,53.09,0,16,27,13,745,76,91,0.4656,9145,GET,22,22,1,API_ANOMALY
user-127,2026-09-28 14:52:34.740733,136,453,330,82447,109803,46,66,2,5,SSH,9,8,13,124,17,48,1,1,0,0,47,4,77.54,76.09,11,19,21,17,644,96,97,0.3035,12345,POST,28,10,1,API_ANOMALY
user-107,2026-09-28 14:53:34.740733,99,553,845,123118,118528,50,110,13,12,SSH,13,5,17,164,20,38,1,0,1,0,48,14,31.21,31.04,3,11,28,20,775,32,100,0.4786,21015,PUT,29,13,1,API_ANOMALY
user-137,2026-09-28 14:54:34.740733,111,917,650,115323,52181,19,143,11,5,HTTPS,29,2,18,132,12,27,1,0,0,0,42,14,29.29,46.51,4,12,20,19,325,127,90,0.3684,14127,GET,11,20,1,API_ANOMALY
user-133,2026-09-28 14:55:34.740733,194,1085,764,57424,43569,40,20,14,10,SSH,13,6,8,478,19,53,0,0,0,0,38,12,21.03,46.44,3,5,35,17,699,56,68,0.4391,11847,GET,22,15,1,API_ANOMALY
user-137,2026-09-28 14:56:34.740733,209,820,1034,87515,136302,41,135,14,5,HTTP,28,5,9,194,9,45,0,0,1,1,32,2,61.65,47.44,4,6,26,14,428,107,90,0.4246,21459,POST,22,24,1,API_ANOMALY
user-051,2026-09-28 14:57:34.740733,201,417,378,139174,155077,58,122,3,15,DNS,27,8,6,213,22,23,1,1,1,0,44,6,35.48,56.06,10,7,28,20,297,48,50,0.5895,25986,GET,17,7,1,API_ANOMALY
user-177,2026-09-28 14:58:34.740733,190,258,539,49616,43152,12,145,4,14,HTTPS,9,2,14,52,7,29,1,0,0,1,47,0,35.09,46.71,3,4,27,25,307,141,46,0.4103,15712,GET,5,9,1,API_ANOMALY
user-060,2026-09-28 14:59:34.740733,86,1104,1043,52576,41304,20,84,12,14,HTTPS,29,2,17,416,15,21,0,0,1,0,33,12,68.21,75.87,0,13,11,7,377,33,70,0.5802,3160,POST,14,16,1,API_ANOMALY
user-075,2026-09-28 15:00:34.740733,153,971,402,135513,102682,58,99,13,11,HTTPS,24,3,15,396,14,37,1,0,1,1,52,0,77.85,40.56,9,18,28,16,798,85,22,0.2687,9579,GET,12,17,1,API_ANOMALY
user-008,2026-09-28 15:01:34.740733,210,700,426,30714,121535,58,18,14,6,HTTP,25,2,6,68,18,15,0,1,0,0,43,3,62.4,61.9,9,13,34,17,696,131,67,0.307,27540,PUT,5,6,1,API_ANOMALY
user-093,2026-09-28 15:02:34.740733,209,669,576,128964,78049,34,13,2,11,TCP,22,1,9,379,7,42,1,1,0,0,51,12,23.38,41.01,1,11,16,16,571,150,35,0.2716,26953,GET,9,18,1,API_ANOMALY
user-138,2026-09-28 15:03:34.740733,162,1058,756,43219,50860,35,177,3,9,HTTPS,15,2,12,247,8,56,0,1,0,1,50,9,51.96,78.26,3,10,13,5,475,58,22,0.5261,10189,GET,5,11,1,API_ANOMALY
user-002,2026-09-28 15:04:34.740733,219,950,930,175472,133147,43,47,7,4,HTTPS,26,1,2,480,22,31,0,0,1,0,31,13,54.81,44.68,10,12,15,7,516,112,76,0.1592,1834,GET,28,13,1,API_ANOMALY
user-095,2026-09-28 15:05:34.740733,165,826,352,92450,132869,25,174,13,4,TCP,10,6,10,135,9,13,1,0,1,0,41,13,31.58,38.43,3,14,10,27,537,83,71,0.5797,26727,POST,18,11,1,API_ANOMALY
user-063,2026-09-28 15:06:34.740733,70,1167,1098,71873,136790,17,20,15,9,HTTPS,10,4,10,261,11,11,1,0,1,0,53,11,21.23,34.43,0,11,26,6,374,55,29,0.418,4684,GET,17,10,1,API_ANOMALY
user-055,2026-09-28 15:07:34.740733,84,405,953,98486,132561,49,53,8,9,HTTPS,17,8,9,115,21,47,1,0,1,1,57,13,35.75,68.72,10,10,24,9,406,128,54,0.5993,25894,POST,21,16,1,API_ANOMALY
user-168,2026-09-28 15:08:34.740733,131,835,469,174120,78931,58,15,13,13,HTTPS,9,8,18,295,21,59,0,0,1,1,47,7,44.93,79.69,2,5,17,11,344,113,90,0.4802,12460,GET,28,24,1,API_ANOMALY
user-151,2026-09-28 15:09:34.740733,191,650,622,89542,63611,37,103,4,5,SSH,9,3,16,212,13,11,0,0,0,0,53,10,37.89,61.77,1,9,24,22,576,119,34,0.4792,27285,GET,25,22,1,API_ANOMALY
user-002,2026-09-28 15:10:34.740733,70,944,988,84320,67048,50,66,4,5,TCP,24,7,9,468,14,23,0,0,0,0,52,14,51.09,59.3,9,15,22,12,465,41,46,0.3444,18574,PUT,22,11,1,API_ANOMALY
user-047,2026-09-28 15:11:34.740733,146,518,627,63006,106108,39,87,13,11,DNS,23,8,10,153,17,59,1,0,1,0,32,2,32.34,64.06,7,18,21,12,430,80,95,0.1934,23118,GET,8,20,1,API_ANOMALY
user-199,2026-09-28 15:12:34.740733,181,1165,599,87819,53105,47,59,8,4,HTTPS,12,8,17,242,5,51,1,0,0,1,47,14,77.22,52.36,8,17,31,25,695,54,60,0.4184,4394,PUT,8,10,1,API_ANOMALY
user-134,2026-09-28 15:13:34.740733,187,804,710,54194,62050,51,101,7,10,HTTPS,23,6,19,475,25,52,0,1,0,1,58,12,58.88,51.35,7,11,15,29,452,119,99,0.5727,9558,GET,9,17,1,API_ANOMALY
user-193,2026-09-28 15:14:34.740733,105,447,397,45205,47187,31,66,13,3,HTTPS,26,8,4,361,5,48,1,0,0,2,44,10,50.06,79.21,10,8,21,17,770,136,43,0.5852,19467,GET,22,13,1,API_ANOMALY
user-129,2026-09-28 15:15:34.740733,162,936,675,173534,26444,15,160,5,9,HTTPS,12,2,3,287,24,27,0,1,0,1,53,9,79.22,31.85,4,8,13,18,730,138,71,0.5207,5863,GET,6,17,1,API_ANOMALY
user-027,2026-09-28 15:16:34.740733,186,1004,638,28630,154238,31,108,3,8,HTTPS,14,3,7,118,19,58,1,1,0,1,36,4,48.73,66.19,1,17,30,18,242,123,41,0.4508,24121,GET,25,2,1,API_ANOMALY
user-019,2026-09-28 15:17:34.740733,99,1026,885,51698,26508,37,143,14,8,DNS,29,1,15,393,12,20,0,0,0,0,50,5,27.33,74.58,6,14,34,6,319,61,41,0.2487,795,GET,10,24,1,API_ANOMALY
user-178,2026-09-28 15:18:34.740733,187,834,393,146054,82313,35,85,7,3,HTTPS,11,5,8,42,5,34,1,0,1,1,42,12,74.93,63.18,5,6,34,28,180,144,62,0.1595,7640,PUT,9,8,1,API_ANOMALY
user-153,2026-09-28 15:19:34.740733,64,933,955,86068,121700,48,132,5,13,TCP,8,8,11,290,15,56,1,1,0,0,51,2,44.84,46.04,3,17,34,23,614,136,71,0.2672,1834,GET,16,20,1,API_ANOMALY
user-122,2026-09-28 15:20:34.740733,135,1133,906,168169,58053,42,50,13,8,SSH,26,1,16,209,21,18,1,1,0,1,50,9,37.17,39.12,12,16,32,12,674,118,50,0.2642,28558,POST,15,10,1,API_ANOMALY
user-175,2026-09-28 15:21:34.740733,82,291,725,133857,118066,32,146,12,14,HTTPS,13,6,18,318,11,58,0,0,0,0,56,2,26.84,62.35,7,15,18,23,450,123,47,0.5739,8210,GET,21,24,1,API_ANOMALY
user-072,2026-09-28 15:22:34.740733,124,1008,588,116689,122891,41,10,6,14,TCP,24,3,4,375,4,24,1,0,1,1,32,5,38.88,37.98,11,12,30,30,500,115,79,0.178,18609,GET,23,18,1,API_ANOMALY
user-154,2026-09-28 15:23:34.740733,129,321,657,172234,111370,30,154,5,11,HTTPS,30,1,15,193,21,10,1,0,0,0,43,6,76.37,40.85,10,7,21,26,657,125,67,0.2223,10076,GET,17,11,1,API_ANOMALY
user-016,2026-09-28 15:24:34.740733,208,745,251,167193,72236,43,80,12,12,HTTP,10,8,16,447,25,21,0,0,1,0,42,12,66.24,65.98,6,14,16,9,575,70,34,0.3518,26793,GET,15,12,1,API_ANOMALY
user-032,2026-09-28 15:25:34.740733,184,452,1100,103150,67443,52,16,2,10,TCP,22,3,10,88,7,59,0,0,0,0,44,8,54.41,72.28,12,18,11,28,272,53,85,0.1986,16455,POST,11,16,1,API_ANOMALY
user-077,2026-09-28 15:26:34.740733,195,318,638,95139,103182,18,52,9,11,HTTPS,27,7,10,35,24,21,0,0,0,1,37,4,69.69,68.48,10,19,26,8,439,62,92,0.5223,26589,GET,20,7,1,API_ANOMALY
user-116,2026-09-28 15:27:34.740733,202,493,329,142579,73362,14,106,3,11,HTTPS,10,5,6,181,18,32,1,1,1,0,52,14,73.12,65.55,0,7,27,9,689,103,28,0.3725,5342,PUT,6,19,1,API_ANOMALY
user-052,2026-09-28 15:28:34.740733,129,1136,371,168708,123019,35,91,4,7,TCP,10,5,12,339,4,10,1,0,1,1,45,11,51.29,70.43,4,7,25,9,535,81,96,0.1701,24982,GET,21,17,1,API_ANOMALY
user-173,2026-09-28 15:29:34.740733,159,822,407,158406,124348,53,174,3,6,HTTPS,13,4,9,46,23,44,0,1,0,0,43,14,22.19,49.48,11,7,10,28,391,125,25,0.2351,24812,POST,12,23,1,API_ANOMALY
user-002,2026-09-28 15:30:34.740733,127,437,994,151918,80974,15,174,2,4,HTTP,29,4,8,442,17,44,1,1,0,1,37,12,29.91,49.43,1,13,18,5,768,49,34,0.3764,25333,GET,18,14,1,API_ANOMALY
user-026,2026-09-28 15:31:34.740733,67,345,477,154321,100793,55,164,12,10,TCP,22,4,4,146,12,58,0,0,1,3,48,4,52.67,40.08,2,5,17,12,719,38,83,0.4341,7928,GET,23,5,1,API_ANOMALY
user-155,2026-09-28 15:32:34.740733,151,395,578,145364,55559,31,104,6,12,HTTPS,22,2,9,445,13,31,0,0,0,1,54,0,43.14,79.71,10,15,32,6,594,59,60,0.318,236,GET,28,12,1,API_ANOMALY
user-030,2026-09-28 15:33:34.740733,180,253,1050,152263,31161,42,94,12,13,HTTP,27,1,7,151,13,28,0,0,0,0,35,11,52.12,58.34,9,5,13,6,435,146,34,0.2205,5458,PUT,28,18,1,API_ANOMALY
user-073,2026-09-28 15:34:34.740733,178,997,1012,124722,133185,37,178,13,4,HTTPS,12,5,17,408,18,13,0,1,1,2,48,6,64.67,52.37,11,19,25,24,210,100,33,0.4598,22000,GET,14,25,1,API_ANOMALY
user-181,2026-09-28 15:35:34.740733,105,1142,286,162631,151609,20,24,5,5,HTTP,24,7,9,97,23,25,1,0,1,0,54,14,26.16,35.18,11,12,22,25,746,101,90,0.1942,25144,POST,5,4,1,API_ANOMALY
user-159,2026-09-28 15:36:34.740733,165,314,885,116386,35692,55,80,11,9,HTTPS,11,8,5,321,12,16,1,0,0,1,30,5,74.66,67.62,5,7,9,24,463,141,42,0.5098,27629,PATCH,11,15,1,API_ANOMALY
user-095,2026-09-28 15:37:34.740733,175,720,484,58930,154271,48,46,8,14,HTTPS,13,5,18,403,7,10,0,0,0,0,48,10,20.97,56.71,11,19,20,27,769,103,95,0.5076,12713,GET,9,3,1,API_ANOMALY
user-044,2026-09-28 15:38:34.740733,134,537,532,29049,87960,14,68,12,4,DNS,20,6,6,153,7,16,0,1,1,0,56,10,69.37,52.86,9,11,14,6,529,118,37,0.4112,13900,GET,18,3,1,API_ANOMALY
user-104,2026-09-28 15:39:34.740733,67,510,535,47078,152489,12,11,13,8,TCP,17,3,19,242,7,46,0,1,1,1,37,8,58.25,49.53,8,17,21,20,621,73,49,0.3301,5293,POST,17,16,1,API_ANOMALY
user-134,2026-09-28 15:40:34.740733,125,315,408,77571,107182,23,30,7,4,TCP,29,2,5,172,3,22,1,0,1,0,48,13,68.55,53.38,2,20,33,15,524,117,69,0.3867,13952,POST,22,14,1,API_ANOMALY
user-125,2026-09-28 15:41:34.740733,212,828,1068,58751,106960,42,119,6,5,HTTPS,20,7,3,498,9,31,0,0,1,1,43,0,34.0,42.35,4,19,29,24,658,148,75,0.2754,15724,GET,17,20,1,API_ANOMALY
user-025,2026-09-28 15:42:34.740733,88,776,475,36445,119307,31,60,2,14,TCP,20,5,16,418,19,41,0,1,0,1,36,1,55.7,35.72,8,16,18,29,439,89,74,0.1969,23278,GET,13,9,1,API_ANOMALY
user-167,2026-09-28 15:43:34.740733,96,1068,265,161354,96608,55,20,14,12,HTTPS,28,4,18,369,17,53,1,0,0,1,47,2,77.03,45.49,9,16,30,22,773,128,23,0.4209,14547,GET,11,14,1,API_ANOMALY
user-036,2026-09-28 15:44:34.740733,208,824,505,110658,82820,29,155,2,7,SSH,16,3,13,391,14,30,0,0,0,0,58,14,51.43,43.28,6,7,21,23,715,35,57,0.2397,22567,PATCH,5,11,1,API_ANOMALY
user-154,2026-09-28 15:45:34.740733,189,910,999,122629,151237,35,15,6,9,DNS,23,8,16,470,6,59,1,1,0,0,44,13,42.73,36.47,11,10,14,26,295,86,95,0.2095,29400,GET,23,4,1,API_ANOMALY
user-187,2026-09-28 15:46:34.740733,129,1188,807,66441,38006,39,67,5,5,SSH,10,2,8,462,6,56,0,0,0,0,48,11,60.76,33.57,2,11,28,22,215,136,77,0.396,2447,GET,28,22,1,API_ANOMALY
user-119,2026-09-28 15:47:34.740733,143,1085,659,120586,44922,11,36,15,3,HTTPS,25,7,5,196,13,24,1,1,1,1,31,6,59.57,52.98,9,9,27,19,188,52,42,0.5417,13997,POST,26,17,1,API_ANOMALY
user-117,2026-09-28 15:48:34.740733,177,337,253,155775,54391,13,17,7,9,HTTPS,7,7,13,167,8,22,1,0,1,0,44,13,69.29,32.2,1,14,18,11,470,45,66,0.3353,26059,POST,25,24,1,API_ANOMALY
user-194,2026-09-28 15:49:34.740733,122,1152,640,108738,28093,59,110,7,3,HTTP,23,2,9,459,8,28,0,1,1,0,54,10,45.34,31.65,6,15,23,18,429,51,67,0.5926,14471,GET,14,16,1,API_ANOMALY
user-111,2026-09-28 15:50:34.740733,159,1025,672,166974,94280,25,20,6,15,HTTP,16,5,8,438,24,52,1,0,1,0,36,6,55.97,74.07,6,11,10,23,427,35,100,0.2691,23284,PUT,13,17,1,API_ANOMALY
user-182,2026-09-28 15:51:34.740733,166,1033,994,50804,43124,23,147,3,15,HTTP,21,3,4,112,20,20,0,0,0,1,34,3,53.34,78.86,11,15,12,30,491,88,100,0.2071,1227,GET,15,3,1,API_ANOMALY
user-049,2026-09-28 15:52:34.740733,171,529,959,116614,138050,22,143,12,11,HTTPS,17,1,19,482,6,37,1,0,0,0,40,13,30.51,49.38,3,11,13,8,785,79,28,0.1955,13185,GET,19,22,1,API_ANOMALY
user-062,2026-09-28 15:53:34.740733,184,1103,625,178813,117074,22,176,3,4,HTTP,19,1,4,326,7,10,1,0,0,0,44,13,70.13,63.9,10,7,32,8,356,88,65,0.467,18345,POST,8,20,1,API_ANOMALY
user-057,2026-09-28 15:54:34.740733,203,689,553,174397,125152,36,132,11,2,HTTPS,14,6,18,173,5,25,1,0,0,1,47,9,51.62,50.91,10,14,29,17,767,38,89,0.4968,685,POST,24,15,1,API_ANOMALY
user-118,2026-09-28 15:55:34.740733,204,1191,1001,48828,105544,19,34,12,15,TCP,18,7,3,116,13,25,0,1,1,1,38,3,20.68,46.22,3,4,17,28,569,84,28,0.3145,654,GET,8,24,1,API_ANOMALY
user-078,2026-09-28 15:56:34.740733,86,913,345,62162,156248,16,14,4,8,HTTPS,9,8,3,210,8,48,1,0,1,0,56,12,55.14,77.32,5,9,23,23,744,39,67,0.3832,27552,PATCH,7,2,1,API_ANOMALY
user-054,2026-09-28 15:57:34.740733,108,870,368,51828,157096,17,151,12,9,DNS,10,4,17,327,24,17,1,0,1,0,45,0,31.07,44.32,6,17,19,19,527,87,100,0.1646,10806,GET,5,5,1,API_ANOMALY
user-072,2026-09-28 15:58:34.740733,108,1137,515,47191,30370,45,99,5,12,HTTPS,11,2,12,29,17,58,1,1,0,0,42,11,76.92,71.38,11,7,23,22,279,136,77,0.4861,24974,DELETE,16,17,1,API_ANOMALY
user-009,2026-09-28 15:59:34.740733,89,1036,590,141780,96281,34,148,8,13,SSH,16,4,15,176,24,45,1,0,0,0,42,6,27.05,47.94,0,7,34,28,695,109,20,0.1724,7865,DELETE,23,10,1,API_ANOMALY
user-155,2026-09-28 16:00:34.740733,108,543,515,40016,141227,35,113,6,9,HTTPS,21,8,4,24,22,23,1,0,0,1,41,5,55.75,74.32,3,5,13,17,726,66,40,0.3738,26287,GET,9,5,1,API_ANOMALY
user-028,2026-09-28 16:01:34.740733,78,744,279,115163,92174,42,13,2,6,HTTPS,25,2,3,302,12,42,1,0,1,1,51,12,33.42,58.2,1,13,30,13,716,123,51,0.4274,16710,POST,11,6,1,API_ANOMALY
user-194,2026-09-28 16:02:34.740733,152,433,1071,34905,30904,24,18,5,10,HTTP,6,2,15,496,10,55,1,0,1,0,51,2,46.49,54.24,9,7,14,30,616,143,45,0.4654,4191,POST,18,11,1,API_ANOMALY
user-004,2026-09-28 16:03:34.740733,159,947,303,69579,67222,19,68,14,5,DNS,7,2,6,116,16,36,1,0,1,0,40,11,74.09,56.67,8,12,12,10,530,89,57,0.1617,3706,GET,7,18,1,API_ANOMALY
user-200,2026-09-28 16:04:34.740733,113,544,324,97861,48960,37,72,3,14,HTTPS,25,6,3,296,14,27,0,0,1,1,59,5,24.22,58.14,2,19,29,18,698,40,55,0.4297,10507,PUT,6,21,1,API_ANOMALY
user-095,2026-09-28 16:05:34.740733,175,743,800,95544,115590,22,24,7,9,HTTPS,11,2,2,352,15,52,1,0,0,1,41,9,21.75,62.3,10,6,22,8,649,136,58,0.5268,6517,PUT,27,16,1,API_ANOMALY
user-078,2026-09-28 16:06:34.740733,182,291,774,35086,130485,41,97,7,5,HTTP,9,2,3,64,23,32,0,0,1,2,33,13,45.47,43.83,0,13,34,17,389,109,53,0.4268,11032,DELETE,13,12,1,API_ANOMALY
user-055,2026-09-28 16:07:34.740733,95,1079,300,101860,140651,26,129,2,4,DNS,25,6,15,248,20,37,0,0,0,0,43,8,62.11,52.15,2,19,10,11,622,84,33,0.3495,22843,GET,14,16,1,API_ANOMALY
user-004,2026-09-28 16:08:34.740733,80,660,308,117353,106837,50,128,12,5,HTTP,14,7,2,228,14,21,1,0,0,0,58,14,72.16,48.61,4,15,22,14,406,108,45,0.3873,940,POST,20,21,1,API_ANOMALY
user-140,2026-09-28 16:09:34.740733,161,899,276,61493,38636,56,53,4,7,HTTPS,23,4,12,358,15,24,1,0,1,1,48,8,66.78,44.84,10,9,15,7,462,136,23,0.3767,10244,GET,22,21,1,API_ANOMALY
user-049,2026-09-28 16:10:34.740733,202,1195,775,160480,120273,56,63,3,15,HTTPS,24,4,11,340,13,34,0,0,0,0,52,0,22.28,61.66,3,13,33,18,484,114,63,0.3089,8252,GET,16,19,1,API_ANOMALY
user-155,2026-09-28 16:11:34.740733,200,1132,424,108085,30178,51,158,15,14,HTTP,17,5,19,189,22,26,0,0,0,1,47,9,29.83,74.43,11,6,23,13,363,142,71,0.4219,8808,GET,12,3,1,API_ANOMALY
user-183,2026-09-28 16:12:34.740733,67,385,627,142650,133184,53,73,9,3,HTTPS,9,4,2,235,20,29,1,1,1,1,54,5,74.38,71.89,3,16,32,14,533,68,30,0.3699,1428,GET,27,22,1,API_ANOMALY
user-077,2026-09-28 16:13:34.740733,66,399,672,177219,43924,48,72,9,8,HTTPS,18,3,11,359,6,35,1,0,1,0,33,4,34.54,57.73,7,11,8,17,626,149,26,0.166,29977,POST,8,9,1,API_ANOMALY
user-071,2026-09-28 16:14:34.740733,73,602,845,156863,91000,50,79,5,11,HTTP,16,6,5,184,22,15,1,0,0,0,47,1,79.5,55.76,10,20,15,29,325,146,41,0.2597,17158,PATCH,6,18,1,API_ANOMALY
user-111,2026-09-28 16:15:34.740733,126,556,793,25195,74883,45,33,5,10,TCP,14,7,14,121,17,54,1,0,1,0,54,10,64.33,42.28,9,6,24,16,596,96,50,0.4096,11270,POST,12,11,1,API_ANOMALY
user-136,2026-09-28 16:16:34.740733,80,972,966,129167,53453,19,63,13,3,HTTPS,19,5,16,44,10,53,0,1,1,0,50,13,68.39,64.89,10,4,32,28,632,78,83,0.385,21332,GET,13,21,1,API_ANOMALY
user-196,2026-09-28 16:17:34.740733,171,887,980,155352,157922,55,170,13,8,DNS,12,2,4,187,17,54,1,0,0,1,50,8,76.18,78.97,3,12,24,9,398,98,96,0.3556,7862,GET,8,23,1,API_ANOMALY
user-096,2026-09-28 16:18:34.740733,125,529,510,34955,109815,44,55,9,12,HTTP,5,7,2,426,4,22,0,0,1,0,44,10,34.41,74.99,5,14,16,23,349,30,66,0.2316,12173,GET,14,16,1,API_ANOMALY
user-097,2026-09-28 16:19:34.740733,188,919,518,30978,44221,23,118,14,4,HTTPS,28,2,5,305,12,58,0,0,1,0,43,3,64.5,35.05,3,12,23,12,754,134,74,0.2317,243,GET,12,16,1,API_ANOMALY
user-060,2026-09-28 16:20:34.740733,88,644,637,65813,85292,17,113,3,8,HTTPS,19,3,5,374,24,46,0,0,1,1,48,6,75.3,58.68,2,16,22,18,518,73,71,0.2601,19079,POST,23,24,1,API_ANOMALY
user-146,2026-09-28 16:21:34.740733,68,973,281,111587,101510,19,69,6,15,TCP,23,7,12,433,14,34,1,0,1,0,37,12,56.24,60.78,10,17,32,18,410,109,61,0.2534,17699,GET,8,16,1,API_ANOMALY
user-044,2026-09-28 16:22:34.740733,134,1164,426,62773,107039,36,177,8,8,SSH,19,8,14,249,4,24,0,0,0,0,37,10,24.49,74.36,6,8,34,17,448,130,71,0.3136,13659,POST,25,14,1,API_ANOMALY
user-019,2026-09-28 16:23:34.740733,182,926,958,143946,107676,50,135,14,7,HTTP,8,7,11,197,17,50,1,0,0,0,47,13,41.66,65.77,2,17,25,12,276,62,99,0.2691,26154,GET,13,20,1,API_ANOMALY
user-166,2026-09-28 16:24:34.740733,68,836,877,28757,155197,17,54,13,13,DNS,13,7,8,171,19,40,0,0,0,0,45,7,32.56,40.54,8,9,31,14,387,108,83,0.3091,13484,PUT,5,2,1,API_ANOMALY
user-086,2026-09-28 16:25:34.740733,93,641,547,166767,65930,35,88,5,9,HTTPS,16,4,3,251,5,48,1,1,0,1,37,7,21.26,79.2,11,7,26,19,655,60,25,0.1767,2018,GET,17,12,1,API_ANOMALY
user-054,2026-09-28 16:26:34.740733,149,983,421,166345,29644,14,75,14,13,HTTPS,29,3,16,49,14,43,1,1,0,1,50,6,22.15,58.01,6,6,24,22,437,62,85,0.4895,16565,POST,22,25,1,API_ANOMALY
user-189,2026-09-28 16:27:34.740733,61,441,476,95868,33800,28,107,12,10,HTTPS,22,6,20,467,19,37,0,0,1,1,38,3,28.29,33.99,5,7,10,17,781,112,37,0.467,7266,GET,24,12,1,API_ANOMALY
user-079,2026-09-28 16:28:34.740733,126,544,369,133290,147722,47,56,5,13,HTTPS,10,7,3,56,4,11,1,0,0,0,60,0,39.94,37.3,1,6,17,25,382,35,68,0.2416,1243,GET,16,16,1,API_ANOMALY
user-022,2026-09-28 16:29:34.740733,66,393,301,71530,73919,56,83,13,3,HTTP,25,4,18,141,8,25,0,1,0,1,40,13,20.15,51.24,11,8,21,8,319,138,35,0.5188,21142,POST,29,7,1,API_ANOMALY
user-044,2026-09-28 16:30:34.740733,145,469,717,89656,155018,30,104,13,4,HTTPS,25,4,16,197,19,36,0,0,0,0,43,9,65.95,63.18,7,6,24,19,636,146,96,0.2235,3404,GET,6,18,1,API_ANOMALY
user-092,2026-09-28 16:31:34.740733,130,394,531,160107,152671,27,13,3,7,HTTPS,15,5,12,66,10,32,1,1,1,0,47,14,20.28,78.73,11,14,23,26,562,134,72,0.2952,28808,POST,17,9,1,API_ANOMALY
user-199,2026-09-28 16:32:34.740733,82,642,1067,56115,136865,42,81,15,6,HTTP,20,5,6,100,3,27,1,0,0,0,40,12,25.97,62.71,5,13,11,17,771,132,62,0.5961,25842,POST,7,17,1,API_ANOMALY
user-001,2026-09-28 16:33:34.740733,127,500,717,168944,43475,45,71,8,9,SSH,6,3,14,107,19,16,0,0,0,1,44,12,41.84,59.92,5,5,13,26,713,35,40,0.1557,13820,GET,27,18,1,API_ANOMALY
user-008,2026-09-28 16:34:34.740733,150,314,540,179715,95217,40,72,6,15,TCP,29,2,9,158,9,10,0,0,0,1,52,11,33.57,72.47,7,12,15,28,786,101,92,0.2983,7525,POST,21,6,1,API_ANOMALY
user-176,2026-09-28 16:35:34.740733,192,692,447,176488,149494,37,180,9,8,TCP,11,8,9,144,3,18,0,1,0,1,36,7,51.52,39.51,5,14,16,29,263,145,61,0.3818,21350,DELETE,8,21,1,API_ANOMALY
user-143,2026-09-28 16:36:34.740733,132,760,868,42196,58693,11,113,7,9,HTTP,22,2,13,91,18,28,0,1,0,0,59,10,41.02,64.6,5,10,28,17,279,89,35,0.5467,6262,PUT,13,21,1,API_ANOMALY
user-174,2026-09-28 16:37:34.740733,154,783,784,71710,99888,17,166,12,13,HTTPS,14,5,8,180,13,47,0,0,1,0,48,2,33.23,56.89,5,8,20,20,393,124,49,0.3444,15257,GET,6,17,1,API_ANOMALY
user-045,2026-09-28 16:38:34.740733,176,595,1041,93945,76235,52,89,8,8,HTTPS,17,3,5,281,15,12,1,1,0,0,36,9,42.69,79.66,11,15,22,28,505,135,24,0.4547,12445,GET,11,3,1,API_ANOMALY
user-088,2026-09-28 16:39:34.740733,152,717,704,131157,105142,24,147,10,11,HTTPS,7,7,16,308,14,55,0,1,1,0,27,6,60.87,67.97,9,10,31,10,782,42,55,0.1609,23961,POST,12,22,1,API_ANOMALY
user-086,2026-09-28 16:40:34.740733,61,350,309,63005,159511,40,144,5,14,HTTPS,23,6,4,49,15,10,1,0,0,1,45,13,27.31,63.41,11,10,30,17,665,97,48,0.3891,9888,GET,10,3,1,API_ANOMALY
