user_id,timestamp,requests_per_minute,packets_sent,packets_received,bytes_sent,bytes_received,connection_count,connection_duration,unique_ports,unique_ips,protocol,destination_count,login_attempts,failed_logins,session_duration,files_accessed,resources_accessed,unusual_login_time,new_device,new_ip,privilege_changes,process_count,new_processes,cpu_usage,memory_usage,file_modifications,executable_count,system_connections,unusual_process_activity,api_requests,request_frequency,endpoint_count,error_rate,response_size,http_methods,unusual_endpoints,authentication_failures,label,attack_type
user-161,2026-09-28 00:01:35.430048,92,697,1711,106500,408403,39,114,25,8,HTTP,19,6,4,440,58,24,0,0,0,1,48,12,68.18,64.86,25,13,53,13,222,51,30,0.0811,16303,POST,11,8,1,UNKNOWN_ANOMALY
user-023,2026-09-28 00:02:35.430048,132,486,1499,108710,423246,14,196,14,28,HTTPS,24,10,7,349,57,14,0,1,0,1,68,12,81.69,53.6,27,30,32,6,230,28,43,0.0741,13593,GET,6,10,1,UNKNOWN_ANOMALY
user-043,2026-09-28 00:03:35.430048,118,535,661,85737,202345,18,289,22,25,HTTP,26,6,4,525,72,19,0,0,0,0,57,8,82.39,85.75,42,29,35,7,100,42,50,0.1775,12706,GET,7,9,1,UNKNOWN_ANOMALY
user-073,2026-09-28 00:04:35.430048,117,644,954,150658,263944,29,391,19,15,HTTPS,29,11,5,195,29,34,1,0,0,2,60,12,76.98,53.69,42,12,41,10,115,12,16,0.2376,15619,GET,4,11,1,UNKNOWN_ANOMALY
user-012,2026-09-28 00:05:35.430048,105,637,1630,65256,338832,30,254,11,23,TCP,40,7,4,253,56,10,1,0,0,2,74,8,63.02,42.07,26,26,25,5,211,36,31,0.2212,1940,PUT,5,11,1,UNKNOWN_ANOMALY
user-185,2026-09-28 00:06:35.430048,114,640,1471,158452,440971,35,47,18,29,TCP,20,8,4,541,26,35,1,1,0,1,59,5,80.65,88.59,39,18,65,10,196,54,29,0.2478,16508,PATCH,6,3,1,UNKNOWN_ANOMALY
user-083,2026-09-28 00:07:35.430048,114,612,1208,63905,348634,16,252,27,13,TCP,16,5,10,678,43,37,0,1,0,2,60,10,63.25,79.37,12,34,16,4,200,41,13,0.1521,7453,GET,12,3,1,UNKNOWN_ANOMALY
user-127,2026-09-28 00:08:35.430048,130,573,1701,85918,163485,40,187,12,21,TCP,25,10,3,569,51,33,0,0,1,0,52,2,70.31,34.82,26,32,11,3,124,59,35,0.1283,13291,GET,15,10,1,UNKNOWN_ANOMALY
user-107,2026-09-28 00:09:35.430048,111,531,1508,125548,285736,25,359,24,17,HTTPS,16,5,7,183,62,31,0,1,1,1,51,14,82.06,83.04,15,11,69,3,132,34,35,0.2106,14170,GET,8,10,1,UNKNOWN_ANOMALY
user-072,2026-09-28 00:10:35.430048,96,699,1561,135339,216942,34,79,16,18,HTTPS,15,4,12,235,45,18,1,0,0,1,64,11,81.92,53.71,16,23,18,4,86,45,15,0.1799,12872,POST,12,9,1,UNKNOWN_ANOMALY
user-101,2026-09-28 00:11:35.430048,84,710,1074,157328,231295,27,186,20,9,DNS,19,10,4,489,43,14,0,0,0,1,51,1,80.85,80.98,21,31,46,11,222,41,32,0.0641,10276,POST,11,8,1,UNKNOWN_ANOMALY
user-154,2026-09-28 00:12:35.430048,93,723,932,53209,393581,30,332,11,27,SSH,23,9,8,317,21,15,0,0,1,0,36,7,68.5,85.98,20,17,34,15,149,15,25,0.189,3055,GET,5,11,1,UNKNOWN_ANOMALY
user-071,2026-09-28 00:13:35.430048,99,704,783,79538,226883,22,133,23,13,HTTPS,13,4,8,446,32,14,0,1,0,4,45,3,68.08,46.15,27,17,70,9,105,29,51,0.216,4237,PUT,4,9,1,UNKNOWN_ANOMALY
user-107,2026-09-28 00:14:35.430048,97,744,1726,144029,331993,19,67,16,29,HTTPS,38,7,7,744,23,35,1,0,1,0,63,3,60.74,38.12,33,16,49,11,216,59,18,0.0681,13882,GET,6,9,1,UNKNOWN_ANOMALY
user-068,2026-09-28 00:15:35.430048,99,410,1719,60684,341561,15,74,18,23,HTTP,12,7,9,863,79,24,0,0,1,1,53,12,48.22,32.97,11,17,20,5,104,48,29,0.2366,1924,GET,3,9,1,UNKNOWN_ANOMALY
user-052,2026-09-28 00:16:35.430048,105,688,1153,63016,400098,28,401,26,12,HTTP,17,5,8,815,67,23,0,0,0,1,68,8,48.34,45.09,45,27,15,5,183,20,54,0.1142,15128,GET,14,9,1,UNKNOWN_ANOMALY
user-002,2026-09-28 00:17:35.430048,78,403,1322,98603,309930,32,241,19,27,HTTPS,42,6,10,279,27,10,0,0,0,1,64,9,75.92,51.76,39,23,37,11,228,55,21,0.1374,6530,GET,6,2,1,UNKNOWN_ANOMALY
user-003,2026-09-28 00:18:35.430048,134,747,1404,159821,303335,12,53,12,20,HTTPS,16,12,4,385,23,27,1,0,1,0,31,3,70.07,46.15,16,17,32,5,151,41,35,0.0715,17493,POST,13,3,1,UNKNOWN_ANOMALY
user-107,2026-09-28 00:19:35.430048,78,638,1440,58324,375037,20,39,23,15,HTTP,33,12,12,744,65,25,1,0,1,3,39,1,56.08,87.56,19,26,10,6,180,51,51,0.0605,6783,PUT,9,8,1,UNKNOWN_ANOMALY
user-048,2026-09-28 00:20:35.430048,130,803,911,143309,383631,17,303,14,26,HTTPS,30,12,11,185,42,27,1,1,1,1,39,12,81.29,55.37,21,13,33,14,187,46,52,0.1342,9616,GET,6,8,1,UNKNOWN_ANOMALY
user-184,2026-09-28 00:21:35.430048,110,590,1797,157068,261169,14,115,15,27,HTTPS,33,6,5,597,61,22,1,0,0,0,53,11,72.23,80.05,23,10,41,11,99,33,17,0.0516,14560,POST,3,7,1,UNKNOWN_ANOMALY
user-163,2026-09-28 00:22:35.430048,80,753,1497,84357,311468,44,322,15,9,HTTP,30,8,10,233,74,40,0,0,1,1,49,3,59.66,63.92,11,24,46,11,118,39,40,0.2108,5275,POST,3,11,1,UNKNOWN_ANOMALY
user-041,2026-09-28 00:23:35.430048,86,544,1245,144341,383691,22,201,28,10,HTTP,43,8,7,678,39,26,1,0,1,4,47,5,82.14,40.62,41,30,47,5,207,52,30,0.1512,10128,GET,12,4,1,UNKNOWN_ANOMALY
user-132,2026-09-28 00:24:35.430048,112,542,694,126176,287834,26,217,28,21,HTTPS,30,11,10,877,79,30,1,1,0,0,48,7,82.65,82.77,12,21,44,10,251,20,42,0.129,3894,GET,9,11,1,UNKNOWN_ANOMALY
user-147,2026-09-28 00:25:35.430048,113,606,1588,158169,131342,20,28,22,30,HTTP,15,7,5,104,54,9,1,1,1,4,66,4,78.11,22.08,38,33,40,11,94,41,25,0.1733,1078,GET,3,6,1,UNKNOWN_ANOMALY
user-076,2026-09-28 00:26:35.430048,132,763,1626,91871,360143,33,146,26,27,HTTPS,24,6,6,543,68,41,0,1,0,1,56,4,87.29,65.15,12,22,10,10,75,28,20,0.2206,15374,GET,12,3,1,UNKNOWN_ANOMALY
user-053,2026-09-28 00:27:35.430048,82,443,1770,121920,262211,35,330,26,13,HTTP,30,7,4,184,60,30,0,1,0,1,34,6,67.37,22.3,12,24,10,14,99,54,24,0.1259,14788,POST,7,9,1,UNKNOWN_ANOMALY
user-064,2026-09-28 00:28:35.430048,78,508,1545,139632,426814,14,159,25,15,HTTPS,17,9,9,179,70,37,1,0,0,3,32,10,65.14,24.92,32,20,61,7,131,14,36,0.2011,14224,GET,2,8,1,UNKNOWN_ANOMALY
user-094,2026-09-28 00:29:35.430048,92,457,744,63979,307182,12,49,17,11,HTTPS,20,10,6,745,65,9,1,0,0,3,59,7,46.28,89.73,29,13,45,12,257,59,21,0.1964,8557,GET,14,10,1,UNKNOWN_ANOMALY
user-173,2026-09-28 00:30:35.430048,79,612,640,153478,396682,35,386,16,11,HTTP,19,9,8,661,54,40,0,0,0,1,60,4,56.36,36.54,42,26,56,7,99,40,18,0.1548,10449,PUT,6,3,1,UNKNOWN_ANOMALY
user-165,2026-09-28 00:31:35.430048,132,637,1607,94632,190546,42,304,14,25,HTTP,13,9,7,473,35,9,1,0,1,0,49,14,67.67,84.25,34,26,57,7,157,20,47,0.1109,3958,GET,11,9,1,UNKNOWN_ANOMALY
user-070,2026-09-28 00:32:35.430048,92,353,626,60287,155475,27,53,10,9,HTTPS,21,5,9,759,58,38,1,0,0,0,39,5,88.11,79.73,21,11,16,13,153,24,41,0.1513,12415,GET,2,5,1,UNKNOWN_ANOMALY
user-157,2026-09-28 00:33:35.430048,133,532,803,157092,316668,36,381,25,22,HTTPS,28,6,11,878,24,8,1,0,0,0,64,14,51.45,25.92,11,9,11,7,140,47,40,0.09,687,PUT,11,7,1,UNKNOWN_ANOMALY
user-008,2026-09-28 00:34:35.430048,120,741,748,149539,258541,36,237,19,26,DNS,34,4,9,486,39,19,0,0,0,1,44,5,68.67,76.27,45,16,26,7,73,30,32,0.2367,5007,GET,8,4,1,UNKNOWN_ANOMALY
user-038,2026-09-28 00:35:35.430048,81,796,1285,119416,231429,20,307,16,30,SSH,21,10,8,560,30,22,0,0,0,0,46,3,77.58,82.45,44,26,65,3,224,14,42,0.1838,14557,GET,3,7,1,UNKNOWN_ANOMALY
user-047,2026-09-28 00:36:35.430048,112,533,1275,106663,154081,13,229,18,10,HTTPS,35,4,7,825,61,14,0,0,1,0,60,11,60.81,83.41,44,24,39,15,260,56,54,0.2165,15523,PUT,10,4,1,UNKNOWN_ANOMALY
user-112,2026-09-28 00:37:35.430048,120,730,1184,94764,374357,39,286,25,15,TCP,26,12,7,359,49,43,0,0,1,2,31,6,76.7,30.25,33,26,46,5,208,14,16,0.1686,3652,POST,9,5,1,UNKNOWN_ANOMALY
user-159,2026-09-28 00:38:35.430048,116,474,766,134381,382777,29,349,20,30,HTTP,38,9,9,381,56,34,1,0,1,1,57,13,64.96,55.81,45,14,28,7,221,45,39,0.0633,6652,POST,9,4,1,UNKNOWN_ANOMALY
user-163,2026-09-28 00:39:35.430048,85,790,916,116017,258150,37,186,25,29,DNS,22,9,3,458,67,12,0,0,0,1,70,8,72.27,70.89,27,17,52,8,120,21,30,0.1937,10496,DELETE,3,3,1,UNKNOWN_ANOMALY
user-163,2026-09-28 00:40:35.430048,133,456,937,84815,232977,32,287,18,25,HTTP,45,7,4,577,32,43,0,0,0,1,58,8,81.11,88.36,27,31,25,2,99,54,29,0.1804,958,POST,2,3,1,UNKNOWN_ANOMALY
user-066,2026-09-28 00:41:35.430048,80,792,629,130011,223451,40,155,8,14,HTTPS,19,8,12,227,24,13,0,1,1,2,58,7,86.21,71.56,16,11,28,8,77,51,40,0.1643,10065,GET,8,8,1,UNKNOWN_ANOMALY
user-087,2026-09-28 00:42:35.430048,126,615,1552,61248,365081,20,240,15,11,HTTPS,18,8,8,305,76,11,0,0,0,1,48,3,47.47,71.1,35,19,40,7,101,47,32,0.2223,9438,POST,10,1,1,UNKNOWN_ANOMALY
user-086,2026-09-28 00:43:35.430048,128,771,1158,77515,449961,34,240,12,25,HTTP,25,11,11,654,23,24,0,0,0,2,38,8,52.69,68.33,28,9,62,6,180,38,13,0.179,13476,GET,12,7,1,UNKNOWN_ANOMALY
user-038,2026-09-28 00:44:35.430048,101,496,947,101705,122743,29,177,9,27,DNS,21,8,9,135,76,42,0,0,0,1,63,9,88.55,53.13,27,31,23,7,193,59,46,0.2435,13670,POST,13,10,1,UNKNOWN_ANOMALY
user-194,2026-09-28 00:45:35.430048,92,382,760,85846,307760,24,338,14,30,TCP,36,8,12,287,62,42,1,0,1,2,72,14,81.78,71.06,19,25,39,5,123,31,24,0.0635,3538,GET,11,7,1,UNKNOWN_ANOMALY
user-171,2026-09-28 00:46:35.430048,82,435,1701,95379,121175,16,406,20,21,TCP,39,9,10,575,48,10,0,1,1,2,41,1,49.43,82.39,12,23,69,4,256,25,41,0.1932,13561,GET,10,6,1,UNKNOWN_ANOMALY
user-161,2026-09-28 00:47:35.430048,129,537,1149,139305,303990,20,311,10,19,SSH,30,11,8,596,77,34,0,0,1,2,42,13,49.28,91.72,35,30,18,13,219,59,29,0.1527,5617,PUT,7,7,1,UNKNOWN_ANOMALY
user-058,2026-09-28 00:48:35.430048,119,495,1418,57196,134926,30,226,25,10,TCP,31,7,8,105,66,16,0,1,1,2,58,10,75.2,73.89,38,9,38,8,133,58,54,0.07,11146,DELETE,10,3,1,UNKNOWN_ANOMALY
user-069,2026-09-28 00:49:35.430048,92,470,976,129716,265215,25,306,13,24,SSH,23,9,6,505,63,29,1,0,0,1,56,3,43.2,22.49,39,21,16,7,236,60,31,0.1471,8501,GET,6,2,1,UNKNOWN_ANOMALY
user-053,2026-09-28 00:50:35.430048,76,658,877,120942,196653,40,114,16,18,DNS,17,11,8,231,26,27,0,0,1,1,41,2,62.7,55.63,13,16,37,9,189,35,54,0.1531,14969,GET,9,3,1,UNKNOWN_ANOMALY
user-119,2026-09-28 00:51:35.430048,125,648,1070,131399,145615,31,156,26,12,HTTPS,37,8,4,696,25,41,0,1,1,4,62,5,57.46,42.18,24,27,41,11,194,52,27,0.1247,9165,GET,11,6,1,UNKNOWN_ANOMALY
user-029,2026-09-28 00:52:35.430048,104,768,1631,84702,169673,26,100,23,15,HTTPS,26,7,11,201,50,20,1,0,0,1,39,2,87.4,61.57,23,27,68,12,171,60,35,0.1145,12629,GET,15,8,1,UNKNOWN_ANOMALY
user-069,2026-09-28 00:53:35.430048,110,609,1202,87250,289623,38,114,15,14,HTTPS,28,10,10,175,54,32,1,1,0,4,63,3,75.11,87.45,21,22,60,6,77,43,27,0.242,12749,POST,2,8,1,UNKNOWN_ANOMALY
user-169,2026-09-28 00:54:35.430048,115,769,649,148660,401421,38,187,14,10,SSH,41,8,11,194,26,14,1,0,1,1,63,1,60.91,31.11,35,35,38,10,179,50,15,0.2475,13506,POST,9,1,1,UNKNOWN_ANOMALY
user-142,2026-09-28 00:55:35.430048,122,830,1243,110913,410864,16,113,22,9,HTTPS,44,4,6,260,22,28,1,0,1,1,68,5,71.02,80.88,10,13,22,5,172,23,55,0.1162,11591,GET,4,6,1,UNKNOWN_ANOMALY
user-104,2026-09-28 00:56:35.430048,115,452,942,109554,375931,21,196,11,26,SSH,25,7,7,629,23,22,1,1,1,1,37,8,48.81,45.38,24,11,23,8,157,35,44,0.1375,10856,GET,8,11,1,UNKNOWN_ANOMALY
user-144,2026-09-28 00:57:35.430048,133,371,795,67806,246131,27,320,9,20,HTTPS,16,11,8,82,37,15,0,0,0,1,43,4,89.13,86.0,14,34,61,7,256,41,45,0.1278,2141,GET,15,8,1,UNKNOWN_ANOMALY
user-105,2026-09-28 00:58:35.430048,77,541,1417,62541,293628,27,79,18,14,HTTPS,40,8,6,368,35,17,1,0,0,2,57,4,73.78,84.45,43,21,34,5,76,55,33,0.1195,12491,PATCH,4,3,1,UNKNOWN_ANOMALY
user-023,2026-09-28 00:59:35.430048,132,721,1252,105649,449528,19,116,24,13,SSH,42,8,10,134,63,37,0,0,0,0,49,4,77.86,86.96,30,19,25,9,240,15,23,0.2404,14508,GET,4,3,1,UNKNOWN_ANOMALY
user-131,2026-09-28 01:00:35.430048,135,576,1336,141218,415416,28,103,12,25,TCP,27,8,4,622,61,38,1,1,1,0,62,10,59.06,33.17,28,13,44,2,168,35,20,0.2142,8835,PUT,10,4,1,UNKNOWN_ANOMALY
user-043,2026-09-28 01:01:35.430048,129,471,1147,109900,403019,17,59,10,16,SSH,33,5,10,254,41,15,1,0,0,0,66,8,76.91,71.92,41,26,24,11,212,49,32,0.1886,17218,GET,10,2,1,UNKNOWN_ANOMALY
user-173,2026-09-28 01:02:35.430048,111,625,1668,157140,269018,34,29,18,18,HTTPS,21,11,8,712,34,43,1,1,0,1,36,14,73.4,89.89,42,35,64,13,214,14,42,0.1033,16219,PUT,3,3,1,UNKNOWN_ANOMALY
user-120,2026-09-28 01:03:35.430048,117,709,1798,89651,248536,41,44,15,12,TCP,28,10,7,691,61,26,0,0,0,0,52,11,67.53,55.22,32,16,44,8,190,35,46,0.2298,12194,POST,10,6,1,UNKNOWN_ANOMALY
user-049,2026-09-28 01:04:35.430048,94,439,831,107837,339740,30,395,15,29,SSH,23,11,10,529,64,39,1,1,0,1,68,5,43.41,45.32,33,14,45,6,173,39,31,0.1178,9256,POST,13,11,1,UNKNOWN_ANOMALY
user-001,2026-09-28 01:05:35.430048,108,453,1347,58305,317567,43,157,9,27,HTTPS,16,5,10,494,78,10,0,0,0,2,55,6,79.37,85.32,18,23,13,14,201,20,50,0.0598,572,GET,3,5,1,UNKNOWN_ANOMALY
user-127,2026-09-28 01:06:35.430048,96,831,1723,131907,290630,31,250,8,15,HTTPS,28,11,8,401,54,44,0,0,0,2,54,8,64.15,24.03,16,29,17,10,104,22,32,0.1612,11454,POST,8,8,1,UNKNOWN_ANOMALY
user-092,2026-09-28 01:07:35.430048,107,588,846,51354,263457,41,96,20,22,HTTPS,25,9,4,254,30,10,1,1,0,2,51,4,75.44,55.21,44,31,70,2,165,29,48,0.2393,12583,GET,7,3,1,UNKNOWN_ANOMALY
user-077,2026-09-28 01:08:35.430048,135,355,1728,52611,305117,16,57,25,10,HTTPS,41,12,8,881,55,10,1,0,0,0,47,3,49.46,23.3,21,16,50,9,162,54,35,0.2134,12981,GET,6,10,1,UNKNOWN_ANOMALY
user-038,2026-09-28 01:09:35.430048,84,578,1482,103703,372138,36,358,16,23,HTTPS,18,7,6,146,41,13,0,1,0,2,61,12,52.17,30.95,22,21,25,13,154,32,17,0.1397,14407,GET,13,1,1,UNKNOWN_ANOMALY
user-127,2026-09-28 01:10:35.430048,87,816,1451,87837,269212,14,319,11,21,SSH,43,7,7,295,51,10,1,1,1,1,66,12,78.83,84.47,29,30,60,12,144,24,20,0.2446,16622,GET,4,11,1,UNKNOWN_ANOMALY
user-129,2026-09-28 01:11:35.430048,108,845,604,69412,387962,21,357,20,26,HTTP,40,4,9,581,36,22,0,0,0,0,54,3,78.25,44.01,11,25,48,6,165,25,15,0.1342,8349,PUT,10,6,1,UNKNOWN_ANOMALY
user-078,2026-09-28 01:12:35.430048,89,433,1495,109420,437739,41,82,18,11,HTTPS,19,6,4,91,41,44,1,1,1,0,62,2,86.97,44.96,14,31,66,6,73,27,13,0.1267,10535,GET,8,1,1,UNKNOWN_ANOMALY
user-052,2026-09-28 01:13:35.430048,112,788,1349,91584,179455,22,132,11,16,HTTP,26,11,11,693,79,35,0,0,1,1,54,11,81.56,22.2,10,24,60,8,164,45,41,0.1151,4976,GET,12,3,1,UNKNOWN_ANOMALY
user-070,2026-09-28 01:14:35.430048,129,619,1546,109971,309919,26,42,9,22,SSH,38,11,5,577,26,42,1,0,0,0,57,0,75.79,89.8,43,25,23,3,243,56,32,0.2074,10125,GET,7,2,1,UNKNOWN_ANOMALY
user-151,2026-09-28 01:15:35.430048,117,734,1341,52349,342610,23,218,12,20,HTTPS,44,6,7,589,30,41,0,0,0,1,53,14,43.35,36.38,24,11,61,12,148,50,55,0.1786,8587,GET,7,3,1,UNKNOWN_ANOMALY
user-162,2026-09-28 01:16:35.430048,90,530,644,115736,427926,43,387,17,20,HTTPS,41,11,7,524,79,14,1,0,0,0,52,4,55.21,48.14,35,15,40,13,254,18,40,0.2252,3883,GET,12,1,1,UNKNOWN_ANOMALY
user-138,2026-09-28 01:17:35.430048,131,690,724,117012,201589,28,234,17,13,TCP,40,6,11,468,71,37,0,1,0,1,59,12,78.26,61.96,17,12,26,12,72,57,31,0.1492,3320,GET,14,4,1,UNKNOWN_ANOMALY
user-034,2026-09-28 01:18:35.430048,130,453,653,62047,364722,42,325,9,30,TCP,20,6,7,509,47,20,0,1,1,1,45,0,85.21,84.12,39,32,22,3,93,30,34,0.1855,739,PATCH,2,3,1,UNKNOWN_ANOMALY
user-155,2026-09-28 01:19:35.430048,104,674,1384,81266,136866,36,320,24,29,HTTPS,18,5,5,572,77,36,0,0,0,0,73,13,82.59,24.94,44,34,56,3,106,48,15,0.1877,3667,PUT,3,3,1,UNKNOWN_ANOMALY
user-162,2026-09-28 01:20:35.430048,113,813,928,142744,163146,29,329,17,24,TCP,36,12,6,349,33,29,0,1,1,0,38,13,86.3,85.52,32,15,70,9,95,38,28,0.113,6358,PUT,8,2,1,UNKNOWN_ANOMALY
user-030,2026-09-28 01:21:35.430048,89,701,1265,147051,266234,42,402,26,15,HTTPS,15,8,7,577,49,32,0,0,0,1,58,4,82.26,54.58,41,31,54,13,129,39,16,0.1995,725,GET,14,12,1,UNKNOWN_ANOMALY
user-165,2026-09-28 01:22:35.430048,87,635,770,97964,381167,33,288,20,18,HTTPS,38,9,9,139,26,40,0,1,1,0,60,13,88.89,70.73,23,20,14,10,94,24,43,0.2211,5461,POST,7,11,1,UNKNOWN_ANOMALY
user-022,2026-09-28 01:23:35.430048,82,728,901,144101,166623,43,345,25,26,HTTPS,34,8,5,721,40,36,0,0,0,1,44,6,72.83,28.97,21,27,53,4,142,46,45,0.183,14122,POST,14,7,1,UNKNOWN_ANOMALY
user-117,2026-09-28 01:24:35.430048,129,415,861,86679,385684,17,137,20,17,HTTPS,18,5,7,705,57,12,1,1,1,3,43,0,79.08,85.7,26,30,37,3,205,23,24,0.246,6148,GET,11,2,1,UNKNOWN_ANOMALY
user-093,2026-09-28 01:25:35.430048,105,610,1533,80988,419108,26,368,13,19,HTTP,16,6,10,383,23,43,0,0,0,0,54,5,41.65,22.56,39,34,19,14,192,44,15,0.1405,2274,GET,5,9,1,UNKNOWN_ANOMALY
user-132,2026-09-28 01:26:35.430048,93,545,1445,138836,399852,21,51,26,11,HTTPS,23,10,8,271,24,17,1,0,1,1,78,1,70.74,56.59,28,29,38,7,224,49,18,0.1825,2170,DELETE,4,3,1,UNKNOWN_ANOMALY
user-064,2026-09-28 01:27:35.430048,87,565,682,119673,269584,23,134,25,14,HTTP,25,8,5,608,32,13,1,0,1,2,49,9,58.89,22.3,17,34,40,11,220,42,47,0.2125,658,GET,4,4,1,UNKNOWN_ANOMALY
user-142,2026-09-28 01:28:35.430048,116,451,1276,77195,260743,29,129,20,19,HTTPS,19,5,7,847,57,24,1,0,0,1,66,12,80.25,79.35,37,27,28,7,111,31,54,0.1308,1283,POST,5,11,1,UNKNOWN_ANOMALY
user-055,2026-09-28 01:29:35.430048,89,351,627,98733,395920,20,177,22,22,HTTP,40,12,7,304,73,24,0,0,1,2,38,7,42.25,42.06,44,16,42,12,145,47,55,0.1837,14426,POST,5,6,1,UNKNOWN_ANOMALY
user-093,2026-09-28 01:30:35.430048,109,553,802,75829,405943,36,419,12,19,HTTPS,31,7,6,523,45,36,0,0,1,0,46,11,45.73,43.75,32,14,35,15,185,27,37,0.1662,12980,GET,12,6,1,UNKNOWN_ANOMALY
user-195,2026-09-28 01:31:35.430048,99,353,858,98699,169627,29,173,24,20,HTTPS,40,10,11,801,73,31,0,0,1,0,66,12,63.14,39.19,16,27,30,2,70,50,44,0.2231,5693,POST,13,8,1,UNKNOWN_ANOMALY
user-121,2026-09-28 01:32:35.430048,129,787,1202,132181,282487,37,392,25,21,HTTPS,18,8,8,794,68,42,1,0,0,0,58,11,41.59,38.56,21,26,47,12,219,50,23,0.1003,17185,GET,9,4,1,UNKNOWN_ANOMALY
user-024,2026-09-28 01:33:35.430048,110,482,1030,125927,213129,42,104,13,23,SSH,45,9,12,171,23,16,1,0,1,0,74,0,58.88,45.69,10,11,65,14,225,38,47,0.1853,17619,GET,8,6,1,UNKNOWN_ANOMALY
user-147,2026-09-28 01:34:35.430048,119,453,1509,125702,406088,17,203,20,18,DNS,28,8,4,537,30,15,1,0,1,2,76,8,84.22,63.15,11,9,49,7,97,46,51,0.1773,3857,GET,6,8,1,UNKNOWN_ANOMALY
user-142,2026-09-28 01:35:35.430048,135,737,945,91713,144965,14,374,19,16,TCP,23,7,10,603,25,42,1,0,0,1,41,12,49.96,86.36,39,17,62,13,215,38,35,0.094,5606,GET,5,8,1,UNKNOWN_ANOMALY
user-070,2026-09-28 01:36:35.430048,100,521,1100,114334,120356,42,322,13,29,HTTPS,36,5,11,791,28,42,1,0,1,3,48,11,63.29,38.07,25,8,28,6,246,35,13,0.2433,13787,GET,4,3,1,UNKNOWN_ANOMALY
user-109,2026-09-28 01:37:35.430048,117,362,623,74930,254541,43,184,12,11,HTTPS,18,8,10,151,51,20,0,1,0,1,38,7,81.87,38.42,40,23,32,12,72,18,15,0.1192,9408,GET,4,10,1,UNKNOWN_ANOMALY
user-192,2026-09-28 01:38:35.430048,125,787,604,148172,171746,19,61,20,20,HTTP,19,8,5,98,36,34,1,0,1,2,49,12,67.12,50.1,14,11,23,4,195,54,38,0.0757,7643,POST,10,11,1,UNKNOWN_ANOMALY
user-182,2026-09-28 01:39:35.430048,112,542,962,52719,246193,41,275,11,10,HTTPS,14,6,5,746,72,17,1,1,0,1,59,6,40.24,73.1,27,24,12,11,170,19,54,0.1781,1045,GET,11,3,1,UNKNOWN_ANOMALY
user-154,2026-09-28 01:40:35.430048,101,733,741,106348,365834,19,261,22,26,HTTPS,38,12,7,316,61,42,0,1,1,0,59,1,82.76,26.65,34,16,16,13,147,20,42,0.1754,3036,GET,13,5,1,UNKNOWN_ANOMALY
user-125,2026-09-28 01:41:35.430048,115,536,1398,110860,148691,23,351,11,20,TCP,25,8,9,319,63,42,1,1,0,0,60,1,66.97,64.75,17,26,65,10,132,59,53,0.2032,11378,DELETE,14,11,1,UNKNOWN_ANOMALY
user-146,2026-09-28 01:42:35.430048,129,637,648,67112,305196,18,319,24,14,HTTPS,18,6,11,660,44,20,1,1,0,1,41,2,74.2,51.51,43,34,32,7,170,33,50,0.1893,7310,GET,4,3,1,UNKNOWN_ANOMALY
user-048,2026-09-28 01:43:35.430048,89,627,842,143270,410701,16,95,23,17,HTTPS,29,6,11,177,37,34,1,1,0,4,44,0,81.48,54.5,27,29,44,5,109,15,28,0.0869,6349,GET,7,9,1,UNKNOWN_ANOMALY
user-050,2026-09-28 01:44:35.430048,117,718,1076,58982,198042,23,256,14,17,HTTPS,17,11,4,226,57,24,0,1,0,0,47,2,66.16,21.42,44,21,25,3,123,60,55,0.1937,4577,POST,9,6,1,UNKNOWN_ANOMALY
user-149,2026-09-28 01:45:35.430048,92,440,880,149372,338176,26,183,19,29,SSH,28,10,8,890,21,41,0,1,0,3,52,7,41.15,80.37,15,16,63,5,250,56,41,0.1922,12740,GET,15,9,1,UNKNOWN_ANOMALY
user-032,2026-09-28 01:46:35.430048,129,473,689,106175,216839,42,108,27,13,TCP,29,4,4,543,46,19,1,0,1,2,32,14,73.41,85.67,36,11,50,13,71,28,25,0.2085,6186,GET,13,5,1,UNKNOWN_ANOMALY
user-025,2026-09-28 01:47:35.430048,128,694,1164,136706,190929,42,78,15,8,HTTPS,19,11,11,596,27,37,1,0,0,0,47,12,41.79,40.14,44,9,10,2,168,32,32,0.2002,1532,GET,7,12,1,UNKNOWN_ANOMALY
user-120,2026-09-28 01:48:35.430048,109,681,844,58040,257103,39,251,12,19,TCP,19,4,11,661,57,41,1,1,0,0,70,7,80.03,65.53,32,10,32,14,80,12,52,0.2251,15561,POST,4,7,1,UNKNOWN_ANOMALY
user-145,2026-09-28 01:49:35.430048,109,501,1361,115656,201500,44,361,14,18,HTTPS,24,6,7,292,35,24,0,1,0,3,45,7,89.84,53.88,43,27,45,13,171,12,54,0.2137,7904,POST,13,8,1,UNKNOWN_ANOMALY
user-151,2026-09-28 01:50:35.430048,91,736,1243,120302,319563,26,324,11,29,HTTPS,27,10,5,798,35,45,0,1,0,0,65,5,69.65,85.86,12,27,27,8,180,49,28,0.1948,13875,GET,4,8,1,UNKNOWN_ANOMALY
user-002,2026-09-28 01:51:35.430048,101,639,1214,73764,328321,44,409,11,27,HTTPS,17,6,7,167,65,10,1,1,0,1,71,11,85.36,71.87,13,23,63,12,116,14,19,0.1337,2550,GET,13,9,1,UNKNOWN_ANOMALY
user-194,2026-09-28 01:52:35.430048,80,697,831,136254,201739,17,134,20,21,HTTPS,28,11,7,597,49,26,1,0,0,1,54,2,63.54,51.14,23,12,55,7,70,50,51,0.1497,9009,GET,12,10,1,UNKNOWN_ANOMALY
user-194,2026-09-28 01:53:35.430048,123,666,1642,67939,210407,32,100,20,29,SSH,24,12,6,731,69,37,1,0,1,1,49,0,73.55,30.79,30,26,60,9,85,34,14,0.1322,15892,GET,7,4,1,UNKNOWN_ANOMALY
user-113,2026-09-28 01:54:35.430048,118,619,1131,141671,183497,34,283,18,19,HTTP,43,12,10,686,36,22,1,1,0,0,43,7,77.99,41.8,37,26,69,3,201,42,43,0.0865,16731,DELETE,13,11,1,UNKNOWN_ANOMALY
user-068,2026-09-28 01:55:35.430048,110,740,1458,112730,323505,28,105,10,9,TCP,20,10,10,861,64,22,0,1,1,0,48,9,60.52,82.94,23,24,26,14,77,14,22,0.0966,15107,GET,3,4,1,UNKNOWN_ANOMALY
user-019,2026-09-28 01:56:35.430048,112,422,1690,54662,217342,16,360,26,21,HTTP,39,7,11,193,56,22,0,0,0,1,50,1,41.51,63.32,34,23,64,3,257,52,26,0.1869,11083,GET,6,7,1,UNKNOWN_ANOMALY
user-038,2026-09-28 01:57:35.430048,120,634,1674,68217,132291,39,217,22,16,SSH,32,7,7,816,61,27,1,0,0,0,54,8,43.54,21.6,20,33,26,12,71,43,52,0.1362,7099,GET,13,4,1,UNKNOWN_ANOMALY
user-126,2026-09-28 01:58:35.430048,101,826,1720,60421,216055,23,154,23,21,HTTPS,39,7,9,448,34,35,1,1,0,2,75,1,75.89,48.96,11,10,11,11,258,24,39,0.1732,11886,GET,13,7,1,UNKNOWN_ANOMALY
user-081,2026-09-28 01:59:35.430048,110,381,902,78138,324723,31,211,12,9,TCP,39,9,5,705,38,35,0,1,1,0,45,4,78.01,78.87,30,9,27,14,248,37,53,0.0773,9485,POST,9,11,1,UNKNOWN_ANOMALY
user-092,2026-09-28 02:00:35.430048,111,728,1569,139883,142462,23,201,26,27,SSH,39,10,6,784,36,32,0,0,0,1,40,3,61.1,42.42,23,11,18,6,118,59,55,0.1019,4266,GET,11,1,1,UNKNOWN_ANOMALY
user-131,2026-09-28 02:01:35.430048,120,665,992,105548,122700,36,311,8,17,HTTPS,43,11,5,191,52,31,1,0,1,4,60,0,64.73,76.81,41,17,31,9,202,21,31,0.1091,3898,GET,3,9,1,UNKNOWN_ANOMALY
user-146,2026-09-28 02:02:35.430048,128,621,1039,70325,134615,20,343,17,10,HTTP,32,7,6,263,23,40,0,0,0,0,59,6,56.15,82.93,14,14,47,6,196,60,32,0.0583,3019,POST,13,7,1,UNKNOWN_ANOMALY
user-158,2026-09-28 02:03:35.430048,102,437,1738,59829,368373,21,332,14,14,HTTP,18,5,8,898,53,26,0,0,0,2,73,12,63.87,44.64,44,33,15,15,130,31,15,0.0605,10515,GET,13,2,1,UNKNOWN_ANOMALY
user-184,2026-09-28 02:04:35.430048,85,787,1581,94305,120076,33,342,25,12,HTTPS,43,11,4,314,47,37,1,0,0,3,56,6,78.54,76.84,22,25,17,5,76,24,15,0.1793,1383,GET,2,7,1,UNKNOWN_ANOMALY
user-153,2026-09-28 02:05:35.430048,78,612,1037,94383,282069,37,75,16,24,HTTPS,17,11,5,530,52,36,0,1,1,2,57,5,84.44,37.64,21,22,33,4,119,35,26,0.1715,9625,POST,4,11,1,UNKNOWN_ANOMALY
user-183,2026-09-28 02:06:35.430048,85,682,957,94568,236661,35,227,18,9,TCP,23,6,5,605,27,16,0,0,1,1,52,4,74.16,52.97,44,30,34,3,197,50,35,0.173,6758,POST,11,6,1,UNKNOWN_ANOMALY
user-063,2026-09-28 02:07:35.430048,111,690,1269,108647,297108,20,124,11,9,HTTP,18,8,4,869,27,37,0,1,0,0,45,14,89.74,76.67,41,10,39,12,73,44,50,0.2004,8368,PUT,3,12,1,UNKNOWN_ANOMALY
user-150,2026-09-28 02:08:35.430048,87,828,1762,120622,259004,14,283,27,10,HTTPS,23,12,5,139,71,11,0,0,1,1,56,10,64.4,67.33,21,19,52,14,165,46,46,0.2313,14808,PATCH,3,5,1,UNKNOWN_ANOMALY
user-043,2026-09-28 02:09:35.430048,85,591,1128,109535,253274,21,110,14,10,HTTPS,38,10,10,854,33,21,0,1,1,1,50,4,48.56,39.1,12,32,32,3,147,40,16,0.2332,11797,POST,15,10,1,UNKNOWN_ANOMALY
user-147,2026-09-28 02:10:35.430048,110,473,1442,130169,384754,13,239,23,10,HTTP,15,6,5,263,75,23,0,0,0,0,33,13,60.36,85.4,23,24,35,9,192,25,33,0.0704,14714,DELETE,15,4,1,UNKNOWN_ANOMALY
user-145,2026-09-28 02:11:35.430048,101,420,1628,119525,439460,12,80,18,29,HTTPS,36,11,4,394,76,28,0,1,0,0,62,2,79.15,61.49,11,27,41,3,144,27,21,0.1301,11356,GET,14,10,1,UNKNOWN_ANOMALY
user-021,2026-09-28 02:12:35.430048,131,643,1650,50678,238227,33,267,17,14,HTTPS,20,9,6,715,20,45,0,0,1,1,65,1,70.29,67.23,22,22,48,2,227,60,36,0.0925,12084,PUT,9,5,1,UNKNOWN_ANOMALY
user-169,2026-09-28 02:13:35.430048,135,499,1355,67900,241950,32,116,10,28,HTTPS,38,11,10,433,52,25,0,0,1,2,46,10,59.55,63.67,30,23,43,5,230,23,18,0.1782,6610,PUT,6,4,1,UNKNOWN_ANOMALY
user-004,2026-09-28 02:14:35.430048,86,791,1745,108740,150488,41,301,17,29,TCP,37,5,3,771,26,13,1,0,0,1,52,0,74.65,63.98,44,14,48,9,190,27,22,0.2356,17687,POST,11,10,1,UNKNOWN_ANOMALY
user-117,2026-09-28 02:15:35.430048,90,448,1223,158226,273322,39,401,15,9,HTTPS,16,11,6,684,71,24,0,0,0,1,59,4,73.5,82.04,36,19,26,4,158,28,25,0.0894,2805,POST,5,10,1,UNKNOWN_ANOMALY
user-192,2026-09-28 02:16:35.430048,95,410,1306,148046,345674,20,170,25,11,DNS,21,7,7,255,75,24,0,1,1,2,65,10,46.35,28.99,37,18,48,3,138,39,50,0.1325,4483,POST,3,10,1,UNKNOWN_ANOMALY
user-040,2026-09-28 02:17:35.430048,79,355,821,66130,292899,44,308,13,16,DNS,32,6,5,453,69,17,0,0,0,0,29,5,75.87,63.1,36,30,57,14,243,53,14,0.125,17810,POST,5,5,1,UNKNOWN_ANOMALY
user-194,2026-09-28 02:18:35.430048,76,573,979,88201,238865,15,304,24,27,HTTPS,21,5,4,692,39,15,0,0,1,3,59,4,78.22,89.45,16,17,48,6,253,56,31,0.1101,10135,GET,5,11,1,UNKNOWN_ANOMALY
user-177,2026-09-28 02:19:35.430048,109,665,1203,118116,418674,26,226,10,11,DNS,30,10,4,501,42,14,1,0,0,0,49,1,72.58,89.49,14,31,34,5,161,24,15,0.1046,16340,GET,4,11,1,UNKNOWN_ANOMALY
user-061,2026-09-28 02:20:35.430048,123,435,1714,60633,367315,22,95,25,16,HTTPS,32,8,9,164,28,11,1,1,1,0,64,11,85.39,74.17,32,22,43,4,162,38,25,0.1676,7762,GET,9,6,1,UNKNOWN_ANOMALY
user-181,2026-09-28 02:21:35.430048,117,397,1296,103235,223663,33,240,26,27,TCP,42,6,8,568,64,36,1,1,0,2,65,8,68.35,70.04,37,20,53,13,93,53,13,0.1858,1130,GET,11,8,1,UNKNOWN_ANOMALY
user-010,2026-09-28 02:22:35.430048,112,483,702,127404,164745,15,301,14,19,HTTPS,37,7,9,86,46,27,0,0,1,0,64,13,84.92,74.61,20,29,43,14,223,26,51,0.1022,6040,GET,8,4,1,UNKNOWN_ANOMALY
user-026,2026-09-28 02:23:35.430048,109,679,1667,96256,401874,42,51,27,22,SSH,38,10,10,822,61,19,0,1,1,1,38,9,50.78,90.55,31,24,50,11,177,15,52,0.1637,9602,PATCH,12,8,1,UNKNOWN_ANOMALY
user-150,2026-09-28 02:24:35.430048,119,609,754,106600,402935,26,209,26,9,TCP,43,9,8,199,49,33,0,0,0,6,56,10,84.3,84.01,25,31,35,3,255,25,26,0.1493,17610,PUT,5,2,1,UNKNOWN_ANOMALY
user-141,2026-09-28 02:25:35.430048,99,633,1283,128663,162440,40,128,15,21,HTTPS,26,9,9,299,58,10,1,0,0,1,64,1,85.12,31.76,12,32,37,9,125,48,31,0.2066,12196,POST,11,8,1,UNKNOWN_ANOMALY
user-107,2026-09-28 02:26:35.430048,125,502,1391,95495,377143,13,177,15,9,TCP,13,7,7,600,66,29,0,0,0,1,44,5,47.93,85.31,41,11,13,15,192,43,19,0.0595,10539,POST,12,4,1,UNKNOWN_ANOMALY
user-168,2026-09-28 02:27:35.430048,94,388,1616,149598,416791,39,403,13,29,DNS,24,10,4,359,65,11,1,1,0,0,49,0,89.91,36.05,24,16,55,9,238,42,29,0.0742,880,GET,7,3,1,UNKNOWN_ANOMALY
user-185,2026-09-28 02:28:35.430048,95,422,730,72007,233868,38,106,19,30,TCP,15,6,11,358,27,42,1,1,0,1,66,7,61.55,25.55,30,32,55,3,156,39,34,0.1382,3127,GET,8,10,1,UNKNOWN_ANOMALY
user-003,2026-09-28 02:29:35.430048,102,627,742,100160,270690,15,136,9,13,SSH,30,7,10,828,21,38,1,1,1,2,52,9,46.6,62.81,25,28,34,11,154,59,50,0.1726,8645,GET,2,5,1,UNKNOWN_ANOMALY
user-112,2026-09-28 02:30:35.430048,93,780,1282,87853,363096,26,142,26,8,HTTPS,26,11,7,381,68,29,1,0,0,0,50,1,76.09,24.46,13,16,29,3,177,35,26,0.2302,11683,POST,14,4,1,UNKNOWN_ANOMALY
user-113,2026-09-28 02:31:35.430048,119,542,791,56273,354985,31,339,23,13,HTTPS,24,9,8,702,46,40,0,0,1,2,62,4,49.09,56.77,20,29,15,4,236,35,24,0.2235,1135,GET,14,8,1,UNKNOWN_ANOMALY
user-182,2026-09-28 02:32:35.430048,79,409,703,129278,426417,20,279,16,16,SSH,38,9,3,544,69,36,1,0,0,1,49,1,52.78,72.75,35,15,31,13,187,45,49,0.0716,4173,DELETE,4,3,1,UNKNOWN_ANOMALY
user-103,2026-09-28 02:33:35.430048,90,628,1285,64994,194417,27,337,24,29,HTTPS,20,11,8,823,34,39,1,0,0,2,46,9,63.14,43.75,34,16,60,9,123,29,20,0.0728,9489,POST,9,9,1,UNKNOWN_ANOMALY
user-182,2026-09-28 02:34:35.430048,90,793,1077,77785,267468,12,399,19,27,TCP,34,8,7,411,76,8,1,0,0,2,57,7,76.5,88.93,29,21,55,4,240,28,17,0.0897,12282,POST,3,6,1,UNKNOWN_ANOMALY
user-033,2026-09-28 02:35:35.430048,111,621,677,123099,373619,18,233,22,25,HTTPS,15,7,4,583,50,37,0,1,0,0,58,9,72.36,72.91,17,20,46,3,111,14,26,0.2397,13022,GET,9,7,1,UNKNOWN_ANOMALY
user-080,2026-09-28 02:36:35.430048,105,798,620,53393,219360,21,23,28,9,HTTPS,32,6,11,195,75,37,1,1,0,0,54,10,73.81,83.63,38,10,56,14,78,12,49,0.2008,1861,POST,11,7,1,UNKNOWN_ANOMALY
user-037,2026-09-28 02:37:35.430048,91,703,1215,69838,369527,41,47,26,30,TCP,44,10,10,177,73,17,0,0,0,3,55,4,52.28,20.14,39,15,39,3,227,50,42,0.0638,12307,GET,7,9,1,UNKNOWN_ANOMALY
user-119,2026-09-28 02:38:35.430048,92,671,667,54951,183329,43,173,10,20,SSH,32,10,5,192,25,42,0,0,0,1,62,1,76.14,23.38,33,32,22,3,71,22,28,0.1159,13308,GET,5,2,1,UNKNOWN_ANOMALY
user-107,2026-09-28 02:39:35.430048,104,518,1652,100121,199800,33,357,23,13,DNS,15,11,5,197,34,14,0,0,0,2,52,6,83.34,33.58,33,23,42,7,150,41,31,0.1,4711,GET,12,1,1,UNKNOWN_ANOMALY
user-143,2026-09-28 02:40:35.430048,117,687,1627,118189,175154,36,403,18,10,HTTPS,41,12,4,423,71,24,1,0,1,1,40,1,50.52,30.84,19,18,52,4,196,32,17,0.2163,12645,POST,7,9,1,UNKNOWN_ANOMALY
user-045,2026-09-28 02:41:35.430048,77,735,1538,159075,377268,39,394,24,17,HTTPS,31,12,7,888,69,11,1,0,1,0,50,0,61.52,74.06,37,29,27,9,161,19,55,0.1843,14964,GET,14,2,1,UNKNOWN_ANOMALY
user-179,2026-09-28 02:42:35.430048,99,423,1778,81933,297498,39,276,22,27,DNS,26,12,7,210,41,24,0,0,1,1,69,9,66.95,55.11,44,16,24,14,247,43,12,0.2494,6339,GET,3,1,1,UNKNOWN_ANOMALY
user-021,2026-09-28 02:43:35.430048,109,742,709,124712,428572,37,313,9,14,DNS,43,9,10,725,26,42,1,0,0,0,58,0,62.55,44.07,41,23,23,3,139,37,44,0.1321,16502,GET,8,7,1,UNKNOWN_ANOMALY
user-172,2026-09-28 02:44:35.430048,124,746,1387,57174,335853,21,267,20,27,HTTPS,15,11,6,866,54,13,0,0,1,1,47,0,55.86,32.15,41,30,19,11,199,55,32,0.1606,575,PUT,6,9,1,UNKNOWN_ANOMALY
user-103,2026-09-28 02:45:35.430048,129,654,974,151287,123843,13,135,17,29,TCP,27,8,10,482,50,33,1,0,1,0,54,7,49.77,57.62,40,19,54,6,221,16,41,0.2349,10122,DELETE,14,2,1,UNKNOWN_ANOMALY
user-063,2026-09-28 02:46:35.430048,104,431,1465,77824,425701,21,269,16,14,HTTPS,44,7,9,890,25,12,1,1,0,1,63,2,53.36,23.73,27,35,65,5,241,41,36,0.1941,9019,POST,8,8,1,UNKNOWN_ANOMALY
user-138,2026-09-28 02:47:35.430048,85,483,1488,119029,308876,41,218,16,24,HTTPS,39,10,5,694,54,16,1,0,0,2,44,7,62.59,55.71,42,24,30,12,255,42,25,0.1335,10017,GET,8,5,1,UNKNOWN_ANOMALY
user-145,2026-09-28 02:48:35.430048,89,767,624,81233,405446,20,128,19,23,HTTP,43,4,6,393,59,41,1,0,0,1,63,4,79.77,54.17,11,20,49,6,240,21,14,0.0649,13402,GET,3,7,1,UNKNOWN_ANOMALY
user-168,2026-09-28 02:49:35.430048,85,567,674,116285,224903,20,231,11,25,HTTPS,29,7,6,87,76,11,0,0,1,4,48,1,73.59,86.63,15,28,27,2,162,30,15,0.2449,2574,POST,10,10,1,UNKNOWN_ANOMALY
user-128,2026-09-28 02:50:35.430048,90,755,1294,102807,249639,34,238,23,15,TCP,30,7,9,690,55,19,0,1,0,0,47,4,81.23,28.99,12,23,21,14,164,16,17,0.0614,9916,POST,5,9,1,UNKNOWN_ANOMALY
user-052,2026-09-28 02:51:35.430048,131,772,1227,102856,408762,42,106,26,19,SSH,19,11,10,549,53,21,0,0,1,2,35,6,89.11,90.6,17,17,56,14,245,13,25,0.137,7560,DELETE,5,3,1,UNKNOWN_ANOMALY
user-180,2026-09-28 02:52:35.430048,88,361,861,116563,229344,12,354,26,17,SSH,25,5,12,105,26,16,1,0,0,2,57,4,88.47,20.79,42,34,46,11,71,21,26,0.105,10077,POST,4,11,1,UNKNOWN_ANOMALY
user-031,2026-09-28 02:53:35.430048,96,350,1283,154095,424797,40,419,17,8,HTTPS,23,7,9,450,28,28,0,0,0,0,70,14,70.06,64.37,24,15,40,15,216,14,21,0.1102,11151,GET,14,3,1,UNKNOWN_ANOMALY
user-185,2026-09-28 02:54:35.430048,90,833,1671,129752,314435,44,363,11,15,HTTPS,18,5,11,404,67,21,0,0,0,0,58,2,40.03,76.0,33,33,39,4,185,42,13,0.1808,10661,PUT,13,2,1,UNKNOWN_ANOMALY
user-170,2026-09-28 02:55:35.430048,100,635,1709,119029,342483,16,115,13,30,SSH,27,6,12,387,66,18,1,0,1,1,59,7,73.55,71.03,30,35,34,4,227,27,51,0.1572,5028,POST,9,1,1,UNKNOWN_ANOMALY
user-048,2026-09-28 02:56:35.430048,85,498,1792,106877,242307,12,408,18,21,DNS,32,5,9,652,39,28,1,0,0,2,65,0,74.76,85.97,39,32,19,8,91,45,15,0.2169,7407,GET,13,6,1,UNKNOWN_ANOMALY
user-003,2026-09-28 02:57:35.430048,113,688,1629,127501,168897,17,229,19,26,HTTPS,33,10,7,390,67,21,0,1,1,1,60,8,45.75,22.2,39,20,62,12,253,31,32,0.069,7120,GET,5,8,1,UNKNOWN_ANOMALY
user-111,2026-09-28 02:58:35.430048,130,740,1768,50249,146753,38,53,26,25,HTTPS,32,9,7,413,52,28,1,0,0,0,54,13,54.26,33.25,14,25,26,6,212,28,41,0.1936,17955,GET,13,11,1,UNKNOWN_ANOMALY
user-039,2026-09-28 02:59:35.430048,99,385,1114,154389,191203,37,271,24,22,HTTPS,42,12,10,722,73,22,1,0,0,3,60,5,79.12,55.1,16,19,19,8,163,33,25,0.0701,8897,PATCH,10,5,1,UNKNOWN_ANOMALY
user-148,2026-09-28 03:00:35.430048,127,521,827,105017,428431,32,326,14,27,HTTP,15,5,6,836,30,35,1,0,0,1,58,7,61.28,42.19,42,18,57,3,213,44,44,0.1219,5333,POST,7,3,1,UNKNOWN_ANOMALY
user-167,2026-09-28 03:01:35.430048,88,560,904,92266,359306,30,264,9,16,HTTPS,40,6,3,724,68,11,1,1,0,2,69,6,65.27,20.89,26,28,41,13,156,49,22,0.2026,9574,GET,8,6,1,UNKNOWN_ANOMALY
user-115,2026-09-28 03:02:35.430048,124,469,1617,54184,165225,31,329,20,11,DNS,22,5,10,486,69,22,1,0,0,0,35,5,76.12,46.5,29,9,31,7,90,58,26,0.051,14778,GET,10,2,1,UNKNOWN_ANOMALY
user-131,2026-09-28 03:03:35.430048,93,603,1700,103285,447987,19,89,16,28,SSH,27,7,10,350,24,16,0,0,1,4,56,4,88.86,32.85,42,19,12,12,207,44,39,0.0574,9923,POST,5,8,1,UNKNOWN_ANOMALY
user-076,2026-09-28 03:04:35.430048,80,817,1057,155594,379344,34,267,13,17,HTTPS,23,4,10,634,41,10,0,0,1,0,47,7,75.63,68.7,19,20,51,14,195,13,43,0.124,14090,GET,3,11,1,UNKNOWN_ANOMALY
user-088,2026-09-28 03:05:35.430048,123,403,1490,125012,250502,28,258,27,29,HTTP,21,11,9,740,60,23,1,1,1,2,37,8,47.75,85.21,26,19,61,13,207,36,29,0.219,11482,DELETE,7,11,1,UNKNOWN_ANOMALY
user-029,2026-09-28 03:06:35.430048,131,683,1209,122709,426345,22,410,16,29,DNS,28,7,6,503,79,24,1,0,0,0,43,6,54.73,47.86,41,33,32,8,205,15,52,0.1044,8314,GET,10,12,1,UNKNOWN_ANOMALY
user-103,2026-09-28 03:07:35.430048,78,477,650,73897,273772,41,64,22,12,HTTPS,23,9,5,549,68,18,0,1,1,3,54,7,44.92,52.64,37,15,11,4,193,29,53,0.2261,13557,GET,14,10,1,UNKNOWN_ANOMALY
user-096,2026-09-28 03:08:35.430048,125,482,1530,149573,227132,26,180,25,25,HTTPS,15,7,3,466,61,15,0,1,0,0,42,10,62.65,54.31,11,26,51,8,99,54,32,0.2012,7022,POST,9,6,1,UNKNOWN_ANOMALY
user-200,2026-09-28 03:09:35.430048,117,456,1519,75297,243536,32,243,21,10,HTTP,26,9,10,113,26,24,1,0,1,2,57,4,62.46,71.56,20,12,13,9,162,20,23,0.1689,15457,GET,10,12,1,UNKNOWN_ANOMALY
user-171,2026-09-28 03:10:35.430048,94,365,776,135734,194245,42,23,25,29,HTTPS,14,7,7,324,66,32,0,0,0,2,58,6,52.76,86.35,11,20,26,10,169,40,38,0.2411,15310,POST,10,6,1,UNKNOWN_ANOMALY
user-140,2026-09-28 03:11:35.430048,113,765,1345,141225,191417,26,332,16,8,SSH,14,6,3,626,52,19,0,1,1,1,44,6,45.15,20.42,17,10,45,8,259,33,55,0.1359,4991,POST,4,11,1,UNKNOWN_ANOMALY
user-085,2026-09-28 03:12:35.430048,118,698,1719,157736,290304,41,252,25,12,TCP,40,10,5,849,64,44,0,0,1,1,61,1,61.89,49.83,41,18,39,5,203,37,50,0.2125,16970,GET,15,5,1,UNKNOWN_ANOMALY
user-097,2026-09-28 03:13:35.430048,123,805,735,110343,305804,21,250,11,10,SSH,21,9,4,535,36,42,0,1,0,1,56,5,56.17,58.29,17,24,52,5,121,30,29,0.1499,3689,POST,12,4,1,UNKNOWN_ANOMALY
user-183,2026-09-28 03:14:35.430048,87,436,951,139515,298621,36,49,11,25,HTTP,40,8,11,423,70,15,1,0,1,0,64,6,71.34,77.73,17,16,68,4,259,60,33,0.1759,17768,POST,8,1,1,UNKNOWN_ANOMALY
user-145,2026-09-28 03:15:35.430048,133,822,1549,118688,363472,45,53,18,23,TCP,14,10,8,207,27,21,0,0,1,1,74,11,89.13,34.52,35,34,69,8,123,52,40,0.1075,8928,GET,7,5,1,UNKNOWN_ANOMALY
user-094,2026-09-28 03:16:35.430048,85,499,617,90913,201838,27,288,15,10,SSH,20,5,6,838,44,23,0,0,1,2,67,5,40.31,35.58,39,9,62,2,94,23,41,0.2367,3853,GET,3,9,1,UNKNOWN_ANOMALY
user-060,2026-09-28 03:17:35.430048,75,473,1685,90147,288447,34,314,26,8,HTTPS,18,11,5,613,78,27,0,1,0,0,51,0,71.35,52.07,43,27,34,4,169,36,23,0.1082,15447,GET,13,3,1,UNKNOWN_ANOMALY
user-052,2026-09-28 03:18:35.430048,103,723,1497,137252,434400,27,230,16,16,HTTPS,45,8,9,404,27,21,0,0,0,3,42,10,41.45,71.74,42,13,21,14,257,23,27,0.1929,12816,POST,12,8,1,UNKNOWN_ANOMALY
user-023,2026-09-28 03:19:35.430048,112,786,1787,57924,296360,22,202,22,19,HTTPS,29,7,8,213,51,37,0,1,0,0,47,9,55.62,82.47,36,34,19,2,139,35,22,0.0682,4446,GET,9,10,1,UNKNOWN_ANOMALY
user-175,2026-09-28 03:20:35.430048,119,386,962,98207,142533,26,215,10,17,HTTP,31,4,7,734,48,30,0,0,0,1,32,4,59.18,47.07,41,23,62,9,222,50,53,0.0943,1225,POST,13,10,1,UNKNOWN_ANOMALY
user-114,2026-09-28 03:21:35.430048,120,590,1536,83296,141957,24,53,17,26,HTTPS,30,6,10,747,42,9,0,0,1,1,73,3,62.82,37.53,32,22,43,11,192,40,38,0.1997,7134,GET,8,11,1,UNKNOWN_ANOMALY
user-111,2026-09-28 03:22:35.430048,122,689,1740,153269,253639,17,380,20,22,TCP,18,7,7,377,60,9,0,0,0,2,47,11,52.02,73.53,13,23,68,5,258,36,47,0.2347,13638,POST,14,11,1,UNKNOWN_ANOMALY
user-077,2026-09-28 03:23:35.430048,128,454,1206,79679,176517,13,229,9,23,SSH,27,6,11,898,53,30,0,1,0,2,49,3,87.6,74.42,36,10,59,8,104,19,16,0.2355,5441,GET,8,3,1,UNKNOWN_ANOMALY
user-084,2026-09-28 03:24:35.430048,117,687,1451,86853,158782,24,205,10,15,HTTP,20,11,7,588,66,19,0,0,0,2,46,13,79.44,25.99,39,30,25,13,254,41,33,0.1791,17136,GET,12,6,1,UNKNOWN_ANOMALY
user-060,2026-09-28 03:25:35.430048,122,593,1118,157989,299238,39,373,14,9,HTTPS,25,10,11,615,75,15,0,0,1,1,51,7,78.59,42.27,33,20,42,9,217,34,20,0.1027,11234,GET,8,6,1,UNKNOWN_ANOMALY
user-193,2026-09-28 03:26:35.430048,99,540,1183,108065,159601,22,149,21,9,HTTPS,18,10,7,448,52,36,1,1,1,1,65,3,66.54,59.49,28,34,14,4,240,59,39,0.242,5909,GET,14,6,1,UNKNOWN_ANOMALY
user-052,2026-09-28 03:27:35.430048,102,651,894,136821,133106,37,263,10,25,TCP,44,10,8,229,34,37,1,0,0,1,47,7,49.92,46.43,44,19,62,12,216,33,19,0.0633,10368,GET,7,2,1,UNKNOWN_ANOMALY
user-029,2026-09-28 03:28:35.430048,126,463,847,110292,152711,15,41,17,14,HTTPS,28,9,9,601,51,43,1,0,1,0,50,0,56.2,90.83,18,9,50,13,166,26,22,0.0902,9368,GET,2,8,1,UNKNOWN_ANOMALY
user-011,2026-09-28 03:29:35.430048,81,592,691,71680,192749,43,102,9,27,HTTPS,33,10,6,564,76,23,0,1,1,0,56,1,81.6,62.25,21,34,12,10,89,30,37,0.1517,7736,POST,8,5,1,UNKNOWN_ANOMALY
user-020,2026-09-28 03:30:35.430048,126,523,1647,146387,449922,31,99,19,27,HTTPS,29,11,6,168,23,10,0,1,0,1,60,6,61.63,81.08,27,31,60,14,233,53,36,0.1384,1081,POST,7,3,1,UNKNOWN_ANOMALY
user-195,2026-09-28 03:31:35.430048,123,783,1126,154254,421409,38,222,16,25,HTTPS,35,6,9,365,48,16,0,0,0,2,54,3,51.1,58.38,24,30,38,5,218,23,45,0.1077,9536,GET,7,5,1,UNKNOWN_ANOMALY
user-072,2026-09-28 03:32:35.430048,82,777,891,61332,436082,44,416,10,23,HTTP,40,10,8,84,71,32,1,0,1,3,72,3,41.47,73.27,18,27,67,8,77,19,52,0.2276,13452,POST,11,8,1,UNKNOWN_ANOMALY
user-050,2026-09-28 03:33:35.430048,104,823,883,104038,135736,21,160,26,29,HTTP,30,5,5,381,65,27,1,0,0,0,59,14,43.34,77.93,42,14,12,10,72,28,44,0.0884,5520,GET,5,6,1,UNKNOWN_ANOMALY
user-037,2026-09-28 03:34:35.430048,105,813,760,145506,192633,30,306,27,22,DNS,30,9,8,897,38,9,1,0,0,1,36,8,51.96,63.92,27,13,29,6,208,41,31,0.1858,3914,POST,2,9,1,UNKNOWN_ANOMALY
user-045,2026-09-28 03:35:35.430048,133,530,644,136724,130763,33,300,25,23,DNS,21,9,4,826,60,19,1,0,1,3,75,11,43.6,80.71,36,15,16,11,138,26,13,0.2031,15271,GET,10,1,1,UNKNOWN_ANOMALY
user-111,2026-09-28 03:36:35.430048,82,648,828,92456,194183,45,295,19,29,HTTPS,26,8,9,457,54,27,1,0,0,2,46,5,50.23,80.99,14,35,38,11,212,40,45,0.0506,16461,GET,9,3,1,UNKNOWN_ANOMALY
user-007,2026-09-28 03:37:35.430048,127,590,845,155748,231386,25,404,14,11,SSH,19,8,4,414,69,32,1,0,0,2,68,1,51.07,34.97,28,12,53,8,254,39,16,0.0539,2183,GET,3,11,1,UNKNOWN_ANOMALY
user-149,2026-09-28 03:38:35.430048,109,830,1752,112443,336602,16,208,25,20,TCP,39,9,11,96,60,19,0,0,1,0,59,5,81.59,88.18,34,30,58,14,204,37,54,0.065,14936,POST,13,11,1,UNKNOWN_ANOMALY
user-081,2026-09-28 03:39:35.430048,115,555,1395,98753,420356,36,363,28,21,HTTPS,36,9,8,658,27,14,1,0,0,1,61,13,88.26,80.64,13,31,19,3,240,17,38,0.2288,14699,PUT,15,12,1,UNKNOWN_ANOMALY
user-160,2026-09-28 03:40:35.430048,80,842,1125,108479,384311,13,286,19,19,HTTPS,39,10,9,284,74,10,0,0,1,1,52,4,76.92,45.16,23,30,49,8,76,18,23,0.2174,8242,GET,10,10,1,UNKNOWN_ANOMALY
user-014,2026-09-28 03:41:35.430048,119,800,1419,112695,244142,39,278,22,20,TCP,23,7,3,798,74,38,1,0,0,1,39,9,44.82,75.05,15,12,42,12,77,37,32,0.1795,17984,POST,8,4,1,UNKNOWN_ANOMALY
user-127,2026-09-28 03:42:35.430048,127,713,712,79552,322821,22,278,13,29,TCP,23,11,7,753,49,9,0,0,1,0,64,14,49.61,54.34,16,26,55,2,142,44,14,0.1104,3534,PUT,4,3,1,UNKNOWN_ANOMALY
user-117,2026-09-28 03:43:35.430048,104,446,1570,69256,295257,42,178,18,14,HTTPS,18,9,8,269,76,34,0,0,0,1,43,2,74.78,22.36,16,34,47,6,224,41,35,0.17,1882,POST,10,7,1,UNKNOWN_ANOMALY
user-137,2026-09-28 03:44:35.430048,87,789,1454,122597,176402,40,76,27,24,HTTPS,44,10,11,722,29,8,0,1,0,1,60,0,44.17,45.53,41,11,51,9,119,60,25,0.1338,1002,GET,14,4,1,UNKNOWN_ANOMALY
user-169,2026-09-28 03:45:35.430048,105,615,1720,123470,146425,15,329,26,24,HTTPS,28,11,9,672,39,43,1,1,0,2,40,4,54.06,73.8,16,20,24,3,202,50,31,0.1186,5810,GET,3,4,1,UNKNOWN_ANOMALY
user-022,2026-09-28 03:46:35.430048,80,814,821,52188,427343,19,342,15,22,HTTPS,16,9,7,514,69,33,0,1,0,2,74,4,83.53,54.62,20,18,40,4,175,22,19,0.1493,14237,GET,9,8,1,UNKNOWN_ANOMALY
user-159,2026-09-28 03:47:35.430048,114,500,1714,51704,389931,12,348,12,20,DNS,39,9,11,240,74,26,1,1,0,2,60,7,53.77,82.92,39,13,11,7,175,34,26,0.2373,11655,GET,8,9,1,UNKNOWN_ANOMALY
user-128,2026-09-28 03:48:35.430048,84,691,1100,106448,394242,24,335,9,23,HTTPS,42,6,4,623,21,28,0,0,1,1,64,6,70.42,89.93,20,29,25,9,121,41,18,0.218,6812,PUT,6,8,1,UNKNOWN_ANOMALY
user-117,2026-09-28 03:49:35.430048,93,646,1468,158545,380467,23,114,21,23,HTTP,17,8,5,93,42,36,1,0,0,3,50,7,84.57,25.42,15,24,39,10,120,13,50,0.227,17355,PUT,7,9,1,UNKNOWN_ANOMALY
user-131,2026-09-28 03:50:35.430048,119,681,1337,66991,259388,27,151,21,14,SSH,17,12,7,458,36,32,1,0,1,0,66,11,69.62,20.67,14,20,30,8,198,32,21,0.2136,5005,PATCH,5,5,1,UNKNOWN_ANOMALY
user-045,2026-09-28 03:51:35.430048,112,564,1394,75801,421499,41,190,25,16,TCP,40,6,7,746,68,22,1,0,1,2,54,6,43.47,69.72,23,17,47,12,192,39,43,0.2228,17155,GET,12,2,1,UNKNOWN_ANOMALY
user-195,2026-09-28 03:52:35.430048,131,465,1296,88235,144989,21,407,20,14,HTTPS,44,7,11,581,60,43,1,1,0,3,75,14,61.61,68.31,16,28,51,13,123,53,30,0.1945,14162,PUT,13,6,1,UNKNOWN_ANOMALY
user-112,2026-09-28 03:53:35.430048,127,811,1192,63421,142259,14,179,14,27,HTTP,14,8,10,172,50,18,1,0,0,2,66,4,84.62,78.96,24,35,16,3,97,13,37,0.2163,17602,POST,9,9,1,UNKNOWN_ANOMALY
user-121,2026-09-28 03:54:35.430048,79,556,1259,97544,376284,21,175,16,29,HTTPS,26,6,5,805,51,19,1,1,0,4,71,7,51.06,58.76,18,20,23,3,191,51,45,0.2236,3392,GET,14,2,1,UNKNOWN_ANOMALY
user-156,2026-09-28 03:55:35.430048,110,640,749,89100,221190,41,192,11,10,TCP,14,6,4,488,39,25,0,0,1,4,55,9,78.98,53.88,29,20,18,13,86,48,33,0.2252,6426,GET,15,2,1,UNKNOWN_ANOMALY
user-069,2026-09-28 03:56:35.430048,91,593,771,115210,154109,14,176,25,28,HTTPS,44,6,11,392,47,23,1,0,1,2,49,1,53.72,58.75,42,9,30,10,212,25,32,0.1252,11802,GET,10,8,1,UNKNOWN_ANOMALY
user-098,2026-09-28 03:57:35.430048,82,442,1678,72733,366232,20,241,17,14,HTTPS,13,5,4,266,69,12,1,0,1,1,64,5,83.83,48.4,11,26,11,10,242,39,12,0.1035,17996,GET,9,3,1,UNKNOWN_ANOMALY
user-096,2026-09-28 03:58:35.430048,86,380,1633,107916,149963,32,232,11,8,SSH,37,10,8,488,64,41,0,0,0,0,64,11,69.69,81.29,13,14,58,14,175,34,54,0.1091,8716,POST,10,9,1,UNKNOWN_ANOMALY
user-099,2026-09-28 03:59:35.430048,77,555,1681,51454,232341,20,69,27,10,HTTPS,42,9,3,467,51,8,1,0,1,1,58,13,51.54,21.85,32,26,61,7,166,33,34,0.1972,1982,DELETE,8,5,1,UNKNOWN_ANOMALY
user-021,2026-09-28 04:00:35.430048,108,648,1249,51770,280498,29,299,17,24,DNS,29,10,5,461,47,29,0,0,0,2,52,5,74.52,89.31,30,15,18,5,231,19,42,0.1739,10004,GET,10,3,1,UNKNOWN_ANOMALY
user-080,2026-09-28 04:01:35.430048,118,517,714,80981,345016,35,160,14,27,HTTP,37,10,6,745,61,9,0,0,1,2,47,1,77.16,40.42,11,21,47,5,181,37,33,0.1455,7032,DELETE,13,4,1,UNKNOWN_ANOMALY
user-151,2026-09-28 04:02:35.430048,129,645,617,140874,225171,42,264,19,12,HTTPS,18,5,10,587,41,33,1,0,1,1,45,10,52.44,91.1,18,24,50,8,115,22,24,0.1211,10944,PUT,7,6,1,UNKNOWN_ANOMALY
user-042,2026-09-28 04:03:35.430048,118,846,723,133657,220347,14,156,8,29,HTTPS,26,6,4,800,76,21,1,0,1,3,52,13,51.3,62.09,14,13,56,4,220,51,49,0.2045,11869,POST,12,7,1,UNKNOWN_ANOMALY
user-152,2026-09-28 04:04:35.430048,112,471,1094,103706,196132,37,324,16,26,HTTP,33,6,5,817,65,34,1,0,0,0,59,5,49.11,72.31,13,9,10,9,82,50,20,0.0752,3645,POST,2,6,1,UNKNOWN_ANOMALY
user-068,2026-09-28 04:05:35.430048,132,614,1648,127263,245653,44,170,9,20,TCP,30,4,9,372,57,41,1,0,0,3,47,9,46.71,42.47,23,12,18,12,241,37,21,0.0757,10626,PUT,12,8,1,UNKNOWN_ANOMALY
user-162,2026-09-28 04:06:35.430048,105,382,1678,121435,334861,17,369,19,14,HTTPS,23,5,5,549,57,24,0,1,0,0,65,8,41.49,27.91,35,31,39,3,98,56,15,0.1009,2347,PATCH,6,4,1,UNKNOWN_ANOMALY
user-056,2026-09-28 04:07:35.430048,117,389,1574,61000,180743,16,391,20,19,HTTPS,45,10,9,192,34,19,1,0,0,1,54,13,76.78,62.54,18,18,52,3,114,13,14,0.1144,14580,GET,15,8,1,UNKNOWN_ANOMALY
user-056,2026-09-28 04:08:35.430048,123,756,954,112799,197901,28,74,28,25,HTTPS,39,6,6,720,54,24,1,0,0,3,49,14,46.14,85.93,39,29,25,8,228,29,27,0.0724,1944,POST,6,4,1,UNKNOWN_ANOMALY
user-037,2026-09-28 04:09:35.430048,102,726,1146,61414,186443,23,83,27,15,HTTP,16,11,4,451,31,30,0,1,0,4,51,10,44.59,22.66,38,18,60,8,226,31,19,0.0553,9146,POST,5,11,1,UNKNOWN_ANOMALY
user-196,2026-09-28 04:10:35.430048,122,818,1425,151750,364179,16,95,18,17,HTTPS,23,9,8,680,66,22,1,0,1,1,71,13,41.22,25.0,34,18,11,6,128,52,32,0.0781,7725,POST,13,6,1,UNKNOWN_ANOMALY
user-023,2026-09-28 04:11:35.430048,123,438,937,79634,274984,31,412,21,10,TCP,17,8,11,886,61,26,0,0,0,0,58,9,84.8,89.25,37,32,13,2,257,35,47,0.1485,14319,PUT,13,2,1,UNKNOWN_ANOMALY
user-065,2026-09-28 04:12:35.430048,113,754,1378,136397,185788,38,377,20,27,HTTPS,15,11,4,686,63,23,1,0,1,3,36,6,76.7,55.67,45,26,43,13,253,59,24,0.1488,7762,GET,11,2,1,UNKNOWN_ANOMALY
user-121,2026-09-28 04:13:35.430048,89,429,1555,116390,307441,13,364,10,14,SSH,38,7,9,495,43,17,0,0,1,0,57,6,77.9,22.22,42,10,33,3,155,58,38,0.1686,8533,GET,11,7,1,UNKNOWN_ANOMALY
user-116,2026-09-28 04:14:35.430048,85,632,649,140795,190043,33,32,28,30,HTTPS,35,5,7,616,23,12,1,0,0,0,49,2,46.84,25.67,33,23,29,6,240,50,16,0.0667,2489,GET,13,12,1,UNKNOWN_ANOMALY
user-163,2026-09-28 04:15:35.430048,81,718,1729,68220,384456,45,25,26,27,HTTPS,38,11,5,242,55,10,1,0,0,0,63,14,78.82,77.42,33,20,11,13,79,48,26,0.1081,5534,GET,8,8,1,UNKNOWN_ANOMALY
user-008,2026-09-28 04:16:35.430048,107,391,631,150629,228010,40,161,20,22,TCP,26,9,7,464,38,21,1,0,1,2,62,12,55.16,76.54,17,25,17,5,140,21,19,0.2314,15934,PUT,6,10,1,UNKNOWN_ANOMALY
user-108,2026-09-28 04:17:35.430048,122,436,1770,79541,272612,23,290,19,27,HTTPS,23,11,12,658,79,36,1,0,1,2,37,11,58.76,44.57,39,23,56,5,199,44,22,0.235,8998,GET,5,5,1,UNKNOWN_ANOMALY
user-119,2026-09-28 04:18:35.430048,82,662,1392,75514,246401,25,402,24,14,HTTPS,27,10,9,231,55,45,0,0,1,1,40,13,71.1,48.19,28,23,68,12,237,53,34,0.2478,4340,GET,13,5,1,UNKNOWN_ANOMALY
user-170,2026-09-28 04:19:35.430048,79,832,1324,138230,433174,15,157,14,19,SSH,24,11,5,607,77,32,0,0,0,2,64,10,86.41,31.34,12,23,10,8,166,45,55,0.0881,9980,GET,5,11,1,UNKNOWN_ANOMALY
user-116,2026-09-28 04:20:35.430048,86,654,1541,95074,167056,42,337,21,11,HTTPS,42,5,7,397,66,16,1,1,1,1,57,13,76.08,87.46,34,14,15,9,223,19,33,0.2472,6765,GET,6,5,1,UNKNOWN_ANOMALY
user-010,2026-09-28 04:21:35.430048,127,406,1748,51945,247204,26,128,26,13,HTTPS,39,11,7,893,66,9,0,0,0,0,54,8,40.7,69.84,34,12,21,9,232,32,52,0.1111,9090,DELETE,12,6,1,UNKNOWN_ANOMALY
user-185,2026-09-28 04:22:35.430048,104,396,1365,144823,218812,17,276,27,11,TCP,16,11,8,188,29,18,1,1,1,4,46,1,76.63,40.99,43,17,50,14,141,55,34,0.1778,9279,PUT,9,2,1,UNKNOWN_ANOMALY
user-176,2026-09-28 04:23:35.430048,76,839,609,148101,225506,35,222,23,27,HTTP,15,4,12,666,50,44,1,0,0,0,42,1,42.74,80.13,20,22,12,7,183,40,46,0.1771,5652,GET,12,1,1,UNKNOWN_ANOMALY
user-175,2026-09-28 04:24:35.430048,115,384,653,55560,232505,30,402,9,24,HTTPS,43,10,8,404,78,38,0,0,0,2,29,3,84.48,89.7,31,33,61,3,168,58,22,0.0875,10985,PATCH,3,3,1,UNKNOWN_ANOMALY
user-064,2026-09-28 04:25:35.430048,78,797,1006,59792,364320,30,170,16,29,DNS,34,8,11,742,37,22,0,1,0,0,54,11,63.88,75.41,37,13,65,6,239,59,35,0.0926,16992,PUT,4,10,1,UNKNOWN_ANOMALY
user-159,2026-09-28 04:26:35.430048,125,505,1334,137879,144945,38,204,12,9,HTTPS,17,11,9,637,64,20,0,0,0,0,45,1,42.06,56.64,26,19,30,12,181,30,27,0.0829,14683,GET,4,6,1,UNKNOWN_ANOMALY
user-100,2026-09-28 04:27:35.430048,83,497,1717,110962,327558,42,206,23,9,SSH,23,8,4,306,26,41,0,0,0,1,61,10,50.59,76.09,32,13,51,13,260,28,33,0.2214,2816,GET,5,8,1,UNKNOWN_ANOMALY
user-111,2026-09-28 04:28:35.430048,79,402,1093,78639,260803,33,283,27,15,DNS,42,10,12,503,58,8,0,0,1,1,50,11,46.12,35.29,19,15,18,10,246,49,32,0.2055,8469,DELETE,10,3,1,UNKNOWN_ANOMALY
user-092,2026-09-28 04:29:35.430048,85,471,1255,127748,216969,42,128,20,17,HTTPS,14,11,8,648,51,11,0,1,0,1,59,5,68.88,65.11,10,16,41,4,248,16,15,0.1665,7826,GET,12,3,1,UNKNOWN_ANOMALY
user-171,2026-09-28 04:30:35.430048,81,456,1472,55054,317630,41,210,27,12,TCP,12,6,4,257,69,21,0,0,0,0,49,0,57.25,65.79,27,10,66,5,253,55,34,0.2251,3632,GET,5,2,1,UNKNOWN_ANOMALY
user-099,2026-09-28 04:31:35.430048,123,658,943,158205,329617,16,291,14,9,HTTP,41,8,5,240,24,18,0,0,1,1,45,4,64.55,55.97,36,23,18,15,144,58,22,0.1795,15878,PUT,5,8,1,UNKNOWN_ANOMALY
user-024,2026-09-28 04:32:35.430048,112,833,891,74480,210495,16,385,10,13,HTTPS,30,10,4,205,28,35,0,1,1,1,54,2,84.28,21.73,33,24,14,8,129,34,18,0.0831,17346,GET,14,2,1,UNKNOWN_ANOMALY
user-117,2026-09-28 04:33:35.430048,128,453,1276,127937,184381,38,332,10,9,TCP,21,9,11,471,56,13,0,0,0,0,39,14,65.16,30.98,34,32,45,6,111,39,43,0.2421,4512,POST,15,7,1,UNKNOWN_ANOMALY
user-189,2026-09-28 04:34:35.430048,95,651,1366,68567,282914,31,91,21,23,HTTPS,24,9,11,318,27,36,1,0,0,0,42,6,47.11,28.73,16,13,27,13,236,60,22,0.1439,14509,GET,11,11,1,UNKNOWN_ANOMALY
user-152,2026-09-28 04:35:35.430048,86,492,1777,90501,257392,23,280,12,19,SSH,14,9,10,157,22,13,0,0,0,0,42,9,71.94,41.85,35,17,17,2,74,35,44,0.0722,873,GET,8,11,1,UNKNOWN_ANOMALY
user-126,2026-09-28 04:36:35.430048,113,398,1143,118634,391294,24,20,21,23,HTTPS,42,9,9,301,62,28,1,0,1,2,43,3,57.99,33.64,29,28,21,7,182,50,47,0.052,7215,POST,12,9,1,UNKNOWN_ANOMALY
user-117,2026-09-28 04:37:35.430048,78,478,1228,98305,240918,13,365,16,21,HTTPS,45,11,7,626,56,26,0,1,1,0,66,3,56.08,22.14,35,18,46,13,142,35,38,0.0859,12266,GET,12,12,1,UNKNOWN_ANOMALY
user-018,2026-09-28 04:38:35.430048,85,835,1060,98093,370475,28,144,25,16,TCP,38,6,8,123,79,13,0,1,1,0,53,9,49.06,20.93,21,10,55,6,122,27,30,0.0719,14658,GET,7,9,1,UNKNOWN_ANOMALY
user-162,2026-09-28 04:39:35.430048,103,473,903,100683,141924,25,195,25,11,HTTPS,16,5,10,371,40,43,0,1,0,1,75,9,67.93,75.4,18,9,68,7,95,25,30,0.1495,17098,PUT,12,7,1,UNKNOWN_ANOMALY
user-192,2026-09-28 04:40:35.430048,99,792,712,140153,339273,32,224,26,15,TCP,26,10,11,627,33,26,0,0,1,1,67,12,80.02,84.36,11,25,56,9,206,46,36,0.2312,10986,GET,6,9,1,UNKNOWN_ANOMALY
user-166,2026-09-28 04:41:35.430048,134,634,1709,139260,327405,27,370,13,20,HTTPS,28,8,9,382,22,22,1,1,1,1,58,6,81.05,25.41,40,30,26,3,164,19,32,0.1216,14574,PATCH,9,8,1,UNKNOWN_ANOMALY
user-179,2026-09-28 04:42:35.430048,132,404,1189,61513,131833,32,96,17,24,HTTPS,23,5,3,375,68,39,1,0,1,1,72,7,48.62,80.73,42,28,32,10,90,17,32,0.1292,3428,GET,5,7,1,UNKNOWN_ANOMALY
user-132,2026-09-28 04:43:35.430048,113,699,1243,135092,166190,38,81,13,22,HTTP,31,6,10,673,47,27,1,1,0,1,47,1,44.67,41.17,26,13,12,2,83,56,48,0.1619,4598,GET,2,8,1,UNKNOWN_ANOMALY
user-017,2026-09-28 04:44:35.430048,130,662,782,129382,268777,25,239,11,20,HTTPS,29,5,5,142,50,16,1,0,0,1,44,6,88.24,51.31,18,31,36,14,232,21,53,0.153,5543,GET,8,5,1,UNKNOWN_ANOMALY
user-072,2026-09-28 04:45:35.430048,78,560,1639,155198,379343,39,117,10,16,HTTPS,21,4,7,402,51,37,1,0,0,0,32,7,62.71,53.74,21,32,42,3,104,46,54,0.21,874,GET,10,2,1,UNKNOWN_ANOMALY
user-123,2026-09-28 04:46:35.430048,83,719,1238,130794,137403,21,119,15,15,HTTPS,42,6,4,828,68,31,1,0,0,2,33,7,85.88,84.74,39,25,52,14,156,29,46,0.081,1763,PATCH,15,10,1,UNKNOWN_ANOMALY
user-075,2026-09-28 04:47:35.430048,81,799,1424,146059,330504,42,320,19,8,SSH,34,5,7,541,28,39,0,0,1,2,56,12,73.74,36.67,20,24,23,11,121,58,14,0.0821,7149,POST,13,8,1,UNKNOWN_ANOMALY
user-110,2026-09-28 04:48:35.430048,128,402,750,103648,153132,16,291,12,29,HTTPS,17,6,11,845,39,40,1,0,1,4,56,1,89.68,83.05,43,28,60,12,162,52,31,0.2193,9283,GET,9,2,1,UNKNOWN_ANOMALY
user-028,2026-09-28 04:49:35.430048,112,808,1725,86687,322694,25,418,15,16,HTTPS,41,11,10,346,23,29,1,0,1,1,67,3,64.29,39.59,37,20,30,8,183,22,17,0.1366,13436,GET,4,8,1,UNKNOWN_ANOMALY
user-178,2026-09-28 04:50:35.430048,92,718,879,55921,122106,22,55,14,12,HTTPS,43,7,11,411,28,31,1,0,0,0,72,9,50.62,75.55,26,35,14,15,144,17,34,0.083,12944,PATCH,11,3,1,UNKNOWN_ANOMALY
user-090,2026-09-28 04:51:35.430048,82,805,776,77996,427482,13,71,12,15,DNS,29,11,11,331,68,18,0,1,0,0,47,12,52.42,56.08,14,18,58,10,155,15,17,0.0847,16945,PATCH,12,10,1,UNKNOWN_ANOMALY
user-004,2026-09-28 04:52:35.430048,124,542,1178,94876,138549,32,383,15,28,DNS,18,6,7,221,49,20,1,1,0,0,55,0,79.73,84.44,14,32,15,11,102,27,37,0.2101,14888,DELETE,9,6,1,UNKNOWN_ANOMALY
user-040,2026-09-28 04:53:35.430048,85,721,947,107609,386039,33,264,13,9,HTTPS,45,11,4,479,79,39,0,0,1,1,56,5,64.67,20.32,32,17,54,7,169,44,51,0.1252,6379,GET,13,7,1,UNKNOWN_ANOMALY
user-039,2026-09-28 04:54:35.430048,122,563,1724,50123,277086,17,209,12,22,HTTPS,31,6,9,464,62,20,0,0,0,0,49,6,88.97,58.26,36,11,30,11,126,17,41,0.055,15250,POST,5,10,1,UNKNOWN_ANOMALY
user-105,2026-09-28 04:55:35.430048,131,652,1607,99161,199161,36,247,22,15,HTTPS,25,6,11,647,79,28,1,0,1,1,58,14,72.96,91.98,33,30,65,5,193,29,13,0.0663,4131,GET,4,12,1,UNKNOWN_ANOMALY
user-159,2026-09-28 04:56:35.430048,131,588,1790,71626,215354,19,283,19,17,TCP,16,7,6,537,45,20,0,0,0,1,53,11,88.0,39.43,27,33,53,6,92,58,22,0.2171,4621,POST,14,3,1,UNKNOWN_ANOMALY
user-104,2026-09-28 04:57:35.430048,106,763,1212,108683,143728,44,328,17,26,HTTPS,32,10,6,814,70,40,0,0,0,2,31,9,69.23,60.19,23,13,45,8,124,36,22,0.1702,10071,GET,9,10,1,UNKNOWN_ANOMALY
user-157,2026-09-28 04:58:35.430048,131,783,1580,64663,441178,41,73,10,26,HTTPS,35,11,9,382,22,18,0,0,0,2,55,3,87.91,26.3,44,20,40,11,163,54,32,0.1875,1120,POST,2,4,1,UNKNOWN_ANOMALY
user-012,2026-09-28 04:59:35.430048,85,651,1194,153991,340520,28,324,12,30,HTTP,35,8,12,838,70,23,1,0,0,2,56,9,82.55,84.68,42,10,15,9,206,15,33,0.0887,14267,GET,14,9,1,UNKNOWN_ANOMALY
user-112,2026-09-28 05:00:35.430048,116,359,1059,128956,431207,26,388,22,11,HTTPS,12,11,12,510,31,44,0,0,0,0,54,2,81.45,88.62,43,32,28,3,139,41,24,0.246,12020,GET,2,5,1,UNKNOWN_ANOMALY
user-088,2026-09-28 05:01:35.430048,124,725,806,89266,424004,34,234,13,17,HTTPS,24,10,7,86,71,24,1,0,1,0,46,0,73.46,80.7,25,14,26,5,248,52,25,0.233,5524,POST,12,12,1,UNKNOWN_ANOMALY
user-011,2026-09-28 05:02:35.430048,83,835,1217,127291,155528,13,249,16,13,SSH,37,8,11,351,47,42,1,1,1,1,49,8,80.88,86.81,36,23,25,3,169,37,33,0.2119,12879,POST,7,3,1,UNKNOWN_ANOMALY
user-185,2026-09-28 05:03:35.430048,90,799,713,148186,345699,15,394,20,11,TCP,45,6,6,333,57,38,1,0,0,2,63,10,86.87,54.07,20,9,51,4,107,41,37,0.1218,10653,POST,11,8,1,UNKNOWN_ANOMALY
user-145,2026-09-28 05:04:35.430048,100,447,1117,82608,187671,25,70,15,20,HTTPS,34,6,4,853,51,31,0,0,1,2,65,0,54.97,75.26,27,8,62,3,135,13,54,0.0578,3600,GET,6,3,1,UNKNOWN_ANOMALY
user-066,2026-09-28 05:05:35.430048,96,641,1251,72443,185288,30,334,18,9,HTTPS,25,5,7,561,65,22,1,0,0,0,61,8,86.38,58.14,18,23,32,13,108,37,32,0.2161,10607,GET,7,3,1,UNKNOWN_ANOMALY
user-115,2026-09-28 05:06:35.430048,119,761,706,94809,190231,17,159,25,27,HTTPS,34,7,8,151,35,35,0,0,0,1,46,9,60.2,36.53,28,12,50,14,139,57,35,0.0646,10677,GET,12,12,1,UNKNOWN_ANOMALY
user-083,2026-09-28 05:07:35.430048,130,543,1034,78187,179340,37,174,19,14,TCP,32,8,10,810,74,36,1,0,0,2,72,13,41.42,65.15,31,18,36,3,154,23,51,0.2069,1871,POST,12,5,1,UNKNOWN_ANOMALY
user-008,2026-09-28 05:08:35.430048,107,634,1297,54301,336762,39,199,14,21,HTTPS,21,9,7,725,56,21,1,1,0,2,45,6,73.05,69.04,23,15,59,2,249,17,23,0.0979,9437,GET,8,2,1,UNKNOWN_ANOMALY
user-173,2026-09-28 05:09:35.430048,105,709,1721,145107,208200,31,409,20,10,DNS,32,7,7,712,27,34,1,0,0,1,32,13,40.76,22.1,21,31,63,8,126,43,37,0.1802,5595,POST,9,8,1,UNKNOWN_ANOMALY
user-082,2026-09-28 05:10:35.430048,84,410,1770,73854,314689,32,344,21,20,HTTPS,18,5,4,102,40,17,0,1,1,1,40,2,58.19,44.01,37,13,14,12,123,55,21,0.1026,7561,GET,5,11,1,UNKNOWN_ANOMALY
user-140,2026-09-28 05:11:35.430048,135,497,1204,70200,290410,41,179,17,12,HTTP,34,10,8,435,58,21,1,0,1,1,53,9,41.85,69.36,11,17,45,7,119,48,21,0.1595,3990,GET,9,3,1,UNKNOWN_ANOMALY
user-098,2026-09-28 05:12:35.430048,130,596,1555,81635,296591,23,322,12,20,HTTPS,40,4,12,778,54,35,0,0,1,1,52,14,43.34,26.0,12,19,17,3,118,22,39,0.0993,16883,GET,3,8,1,UNKNOWN_ANOMALY
user-173,2026-09-28 05:13:35.430048,78,555,1477,147379,311580,41,133,24,20,HTTPS,29,8,11,182,71,44,1,0,1,1,69,12,87.57,81.91,13,19,46,5,192,36,16,0.1607,17634,PATCH,3,10,1,UNKNOWN_ANOMALY
user-154,2026-09-28 05:14:35.430048,116,369,1273,135801,225796,15,352,9,10,HTTP,15,6,8,270,66,15,0,0,0,1,38,5,47.34,79.33,25,27,21,10,100,58,46,0.2209,7713,POST,9,8,1,UNKNOWN_ANOMALY
user-175,2026-09-28 05:15:35.430048,83,383,1698,134744,287005,13,21,14,12,HTTPS,42,11,5,274,76,10,0,0,0,0,31,1,71.36,80.24,19,15,34,9,93,44,36,0.2034,8798,GET,8,4,1,UNKNOWN_ANOMALY
user-071,2026-09-28 05:16:35.430048,99,590,1450,101103,357759,13,418,14,22,HTTPS,42,8,8,249,59,17,1,1,0,2,54,6,66.66,22.51,28,14,46,12,244,51,31,0.0517,16696,DELETE,10,3,1,UNKNOWN_ANOMALY
user-127,2026-09-28 05:17:35.430048,86,555,1414,122803,361384,42,166,21,14,HTTPS,38,6,4,442,33,13,1,1,1,1,74,14,84.92,86.13,41,24,60,12,92,40,29,0.1096,17139,GET,4,4,1,UNKNOWN_ANOMALY
user-183,2026-09-28 05:18:35.430048,76,488,1253,54721,341240,28,409,22,20,HTTPS,21,11,10,92,61,31,0,0,0,2,59,14,83.7,35.83,37,16,29,13,134,15,14,0.0878,15888,GET,7,9,1,UNKNOWN_ANOMALY
user-130,2026-09-28 05:19:35.430048,81,359,1120,111980,167185,43,415,17,19,SSH,32,9,5,860,31,40,1,0,0,1,58,12,80.47,30.84,29,24,61,12,123,37,16,0.0687,3987,POST,2,10,1,UNKNOWN_ANOMALY
user-014,2026-09-28 05:20:35.430048,129,743,762,130461,339993,26,287,16,22,HTTPS,39,10,8,701,40,19,0,0,1,3,54,11,69.32,38.73,42,25,15,13,136,51,53,0.2009,2417,PATCH,11,4,1,UNKNOWN_ANOMALY
user-019,2026-09-28 05:21:35.430048,90,449,1492,130862,262159,37,299,20,15,HTTPS,28,12,10,308,53,42,0,1,0,1,67,2,83.96,71.06,16,15,39,12,74,33,48,0.2468,2215,GET,13,6,1,UNKNOWN_ANOMALY
user-056,2026-09-28 05:22:35.430048,107,769,1278,155245,314373,27,292,20,13,DNS,23,8,6,595,64,8,0,0,1,1,46,0,43.56,55.67,42,33,47,6,81,51,44,0.1111,3370,PATCH,10,2,1,UNKNOWN_ANOMALY
user-079,2026-09-28 05:23:35.430048,133,465,1313,66432,281611,35,57,17,29,SSH,15,12,6,812,57,45,1,0,0,2,60,13,85.79,68.54,39,14,12,4,191,33,29,0.1521,2026,GET,3,3,1,UNKNOWN_ANOMALY
user-176,2026-09-28 05:24:35.430048,91,550,1705,65631,217009,36,149,21,27,HTTP,15,8,10,399,72,30,1,1,0,1,62,9,56.86,88.7,41,34,70,6,243,27,40,0.221,8166,PUT,15,6,1,UNKNOWN_ANOMALY
user-004,2026-09-28 05:25:35.430048,131,556,1552,56304,274102,28,378,26,23,TCP,20,9,4,591,26,35,1,0,1,1,47,14,59.92,81.12,23,14,68,4,185,46,28,0.0856,7425,PATCH,9,2,1,UNKNOWN_ANOMALY
user-097,2026-09-28 05:26:35.430048,98,435,606,108608,176367,33,275,14,18,SSH,17,8,4,386,29,14,1,0,0,2,52,13,75.3,80.51,38,12,64,10,233,22,16,0.1283,16462,POST,13,11,1,UNKNOWN_ANOMALY
user-008,2026-09-28 05:27:35.430048,108,426,674,136136,347195,20,101,28,17,HTTPS,37,7,5,267,44,41,0,0,1,1,63,2,45.01,41.05,18,25,59,6,117,43,21,0.1532,11787,GET,5,4,1,UNKNOWN_ANOMALY
user-199,2026-09-28 05:28:35.430048,110,466,734,112354,229709,22,171,13,26,TCP,16,7,5,481,24,43,1,1,1,0,44,7,57.59,56.47,21,27,27,13,125,13,41,0.0973,3424,DELETE,13,6,1,UNKNOWN_ANOMALY
user-038,2026-09-28 05:29:35.430048,103,805,1243,103632,293532,29,407,10,25,TCP,12,10,5,665,41,26,0,0,1,1,69,12,59.44,80.58,44,27,64,9,183,16,53,0.1378,5011,GET,3,6,1,UNKNOWN_ANOMALY
user-088,2026-09-28 05:30:35.430048,132,459,817,108509,236848,16,291,22,10,TCP,42,5,9,425,34,43,0,0,1,1,43,10,72.16,27.43,30,17,14,15,236,55,41,0.2466,17781,POST,4,11,1,UNKNOWN_ANOMALY
user-003,2026-09-28 05:31:35.430048,110,571,1770,158528,420061,27,285,23,9,HTTPS,22,5,3,611,76,12,1,0,0,3,55,10,83.29,44.05,45,12,54,5,252,52,19,0.1665,625,GET,7,11,1,UNKNOWN_ANOMALY
user-137,2026-09-28 05:32:35.430048,134,840,1269,150336,149658,21,300,16,10,TCP,28,11,5,873,30,38,0,0,0,0,49,14,47.11,65.2,44,16,37,9,195,30,21,0.0752,11858,GET,15,9,1,UNKNOWN_ANOMALY
user-008,2026-09-28 05:33:35.430048,134,468,823,63923,252065,18,161,23,17,HTTPS,18,6,12,595,46,18,1,0,0,2,72,12,89.32,58.28,35,19,27,14,244,36,27,0.1646,7954,POST,3,1,1,UNKNOWN_ANOMALY
user-185,2026-09-28 05:34:35.430048,122,654,793,70329,157303,26,90,12,8,HTTPS,18,11,9,631,78,39,1,1,1,1,72,9,68.95,40.46,28,10,45,7,242,35,28,0.229,7174,GET,4,2,1,UNKNOWN_ANOMALY
user-147,2026-09-28 05:35:35.430048,93,791,1635,69899,212115,37,86,21,18,HTTPS,31,9,7,258,36,36,1,1,0,1,54,4,63.92,88.31,38,27,43,7,89,45,30,0.2215,5365,GET,13,12,1,UNKNOWN_ANOMALY
user-085,2026-09-28 05:36:35.430048,76,823,1274,142575,250288,31,335,15,23,HTTP,20,12,11,451,71,24,0,0,1,2,70,12,55.6,43.42,14,8,11,3,149,48,44,0.1881,12018,GET,13,7,1,UNKNOWN_ANOMALY
user-196,2026-09-28 05:37:35.430048,89,815,1791,115801,156936,26,353,15,24,HTTPS,19,5,10,471,41,33,1,0,1,0,49,0,87.15,84.49,14,15,49,13,260,55,29,0.159,2823,PUT,4,10,1,UNKNOWN_ANOMALY
user-125,2026-09-28 05:38:35.430048,129,512,1682,120884,380496,15,54,19,27,SSH,39,10,6,374,78,28,0,0,0,2,37,13,71.86,38.86,29,33,58,7,100,27,52,0.2351,17272,GET,15,5,1,UNKNOWN_ANOMALY
user-060,2026-09-28 05:39:35.430048,107,779,1707,85728,329124,35,298,9,19,TCP,32,10,4,239,45,37,0,0,1,1,63,4,63.63,46.26,27,19,55,5,250,32,49,0.2221,7801,GET,14,1,1,UNKNOWN_ANOMALY
user-026,2026-09-28 05:40:35.430048,130,685,1755,158626,399346,32,357,18,18,TCP,28,12,3,165,52,24,0,0,0,4,38,10,60.95,75.03,37,12,48,13,77,43,14,0.0541,1359,GET,9,9,1,UNKNOWN_ANOMALY
user-151,2026-09-28 05:41:35.430048,101,394,915,105459,175195,19,413,15,22,HTTPS,24,9,10,727,78,13,1,1,0,3,39,11,79.57,69.7,11,26,22,4,196,33,22,0.1706,12465,POST,15,11,1,UNKNOWN_ANOMALY
user-146,2026-09-28 05:42:35.430048,100,712,1190,63329,261542,27,24,21,20,SSH,40,9,9,687,36,41,0,0,1,2,63,10,57.82,57.85,26,23,46,12,77,59,37,0.0658,10779,PATCH,3,6,1,UNKNOWN_ANOMALY
user-034,2026-09-28 05:43:35.430048,108,403,1564,82550,407501,45,130,15,22,SSH,35,6,7,553,54,32,0,0,0,0,73,2,54.0,66.05,19,25,42,12,188,35,50,0.1485,9907,POST,10,11,1,UNKNOWN_ANOMALY
user-096,2026-09-28 05:44:35.430048,99,681,852,142740,235088,25,52,25,28,HTTPS,40,10,8,146,62,17,0,0,0,2,65,11,52.24,59.54,35,13,37,3,204,44,34,0.0963,13318,GET,5,7,1,UNKNOWN_ANOMALY
user-016,2026-09-28 05:45:35.430048,111,838,1676,81659,160278,24,170,13,16,HTTPS,41,12,4,291,23,23,1,0,0,3,66,1,86.85,45.01,37,28,20,7,252,27,14,0.1915,10134,POST,4,10,1,UNKNOWN_ANOMALY
user-016,2026-09-28 05:46:35.430048,134,581,1084,134785,129331,18,176,23,13,TCP,19,8,8,795,39,39,0,1,1,0,50,2,78.63,56.07,33,24,38,12,201,58,16,0.1098,8132,GET,6,4,1,UNKNOWN_ANOMALY
user-104,2026-09-28 05:47:35.430048,116,849,1617,119044,391242,25,66,25,16,TCP,24,11,6,462,79,33,1,0,0,0,65,8,57.51,34.03,41,26,28,6,150,30,22,0.1174,14703,POST,10,8,1,UNKNOWN_ANOMALY
user-137,2026-09-28 05:48:35.430048,105,715,706,143687,222007,38,413,14,9,HTTPS,31,5,4,169,42,26,1,0,0,0,60,10,88.61,89.35,23,15,14,3,211,17,30,0.1417,8800,DELETE,4,4,1,UNKNOWN_ANOMALY
user-011,2026-09-28 05:49:35.430048,89,467,1776,114270,443246,18,249,10,13,TCP,41,8,12,359,76,37,1,1,0,1,43,3,85.92,83.09,42,13,69,9,123,46,53,0.2163,7160,GET,13,2,1,UNKNOWN_ANOMALY
user-135,2026-09-28 05:50:35.430048,110,593,1428,95366,283964,34,332,21,22,DNS,16,10,11,338,26,10,1,1,0,0,51,12,69.36,86.91,32,18,32,6,135,35,41,0.1403,13066,GET,7,5,1,UNKNOWN_ANOMALY
user-005,2026-09-28 05:51:35.430048,131,780,1294,96902,340958,40,408,23,19,HTTPS,39,8,8,286,73,11,1,0,0,1,59,2,40.33,57.68,42,12,46,8,235,45,35,0.1745,4302,POST,6,9,1,UNKNOWN_ANOMALY
user-035,2026-09-28 05:52:35.430048,121,504,1411,89562,225492,29,339,22,22,HTTPS,35,9,6,623,70,30,1,1,1,1,39,13,60.75,76.53,11,21,17,11,101,26,23,0.1507,4896,GET,4,4,1,UNKNOWN_ANOMALY
user-022,2026-09-28 05:53:35.430048,86,543,1709,153291,440035,35,142,22,20,HTTPS,20,5,5,693,59,38,1,0,1,1,44,6,73.28,42.29,24,24,10,9,234,22,12,0.0905,16435,POST,7,10,1,UNKNOWN_ANOMALY
user-152,2026-09-28 05:54:35.430048,120,848,1092,126469,136120,19,274,21,27,HTTPS,43,8,3,877,74,22,1,0,0,1,52,0,76.97,69.68,11,22,51,10,151,49,25,0.194,12693,DELETE,14,7,1,UNKNOWN_ANOMALY
user-112,2026-09-28 05:55:35.430048,115,732,1232,86881,339077,21,316,22,10,HTTP,27,8,10,483,44,14,0,1,0,1,60,10,68.52,44.9,26,23,65,6,214,50,41,0.1352,13873,GET,6,4,1,UNKNOWN_ANOMALY
user-094,2026-09-28 05:56:35.430048,129,771,1755,116434,418774,20,238,22,17,HTTPS,15,8,10,200,58,32,0,0,1,1,64,10,49.77,52.6,25,22,40,11,132,56,24,0.1581,8120,GET,13,6,1,UNKNOWN_ANOMALY
user-133,2026-09-28 05:57:35.430048,110,814,1362,87095,213664,42,253,22,15,HTTPS,30,7,11,748,24,20,1,0,0,0,60,7,69.55,47.96,30,15,52,8,181,37,30,0.1167,4042,GET,9,10,1,UNKNOWN_ANOMALY
user-067,2026-09-28 05:58:35.430048,98,462,815,146535,383634,44,353,28,14,DNS,34,6,12,659,22,19,1,0,0,0,49,10,86.05,87.26,14,31,18,2,148,33,37,0.1273,15491,GET,13,10,1,UNKNOWN_ANOMALY
user-148,2026-09-28 05:59:35.430048,103,727,911,96067,164293,34,303,25,22,SSH,25,5,3,585,29,36,1,0,1,1,53,3,42.82,83.67,18,31,47,11,183,17,55,0.2472,6796,POST,7,6,1,UNKNOWN_ANOMALY
user-009,2026-09-28 06:00:35.430048,135,691,781,129521,334302,17,53,18,16,HTTP,29,8,4,106,80,31,0,1,1,1,51,6,83.91,26.46,45,10,39,11,130,51,43,0.0866,3313,POST,6,5,1,UNKNOWN_ANOMALY
user-197,2026-09-28 06:01:35.430048,80,498,827,123267,253692,18,156,14,19,HTTPS,45,10,4,597,65,44,0,1,1,2,34,2,62.35,72.62,22,19,61,5,237,34,45,0.2321,6314,POST,3,4,1,UNKNOWN_ANOMALY
user-018,2026-09-28 06:02:35.430048,91,435,1769,78419,287390,36,223,19,26,HTTPS,42,11,7,839,68,12,1,0,0,2,57,10,75.93,56.09,40,26,69,11,120,41,41,0.0602,17103,POST,14,5,1,UNKNOWN_ANOMALY
user-058,2026-09-28 06:03:35.430048,122,694,1515,72635,298175,29,39,26,22,HTTPS,17,11,12,526,74,42,1,0,0,1,47,6,40.12,37.83,14,20,17,7,215,35,18,0.1128,2851,GET,6,2,1,UNKNOWN_ANOMALY
user-084,2026-09-28 06:04:35.430048,122,443,1230,65462,224267,25,352,21,25,DNS,35,8,9,187,59,35,1,0,0,1,57,10,80.46,81.79,21,31,35,10,198,50,44,0.091,1147,POST,12,4,1,UNKNOWN_ANOMALY
user-064,2026-09-28 06:05:35.430048,109,511,1614,120740,177035,20,330,20,29,HTTP,13,9,4,843,74,43,0,0,1,3,36,10,73.92,50.47,12,23,24,7,171,28,43,0.0684,4673,GET,8,3,1,UNKNOWN_ANOMALY
user-069,2026-09-28 06:06:35.430048,103,840,1795,70684,213526,23,269,24,18,DNS,14,8,6,819,69,12,0,0,0,2,69,14,82.8,77.78,19,18,28,13,192,21,18,0.174,13794,GET,3,5,1,UNKNOWN_ANOMALY
user-011,2026-09-28 06:07:35.430048,91,410,965,146245,385004,38,145,27,24,SSH,21,5,8,567,23,27,0,0,0,1,47,11,50.09,55.41,25,29,70,9,179,34,26,0.0965,5530,PUT,11,6,1,UNKNOWN_ANOMALY
user-160,2026-09-28 06:08:35.430048,105,380,1620,94383,382235,14,253,10,18,HTTPS,34,6,5,139,45,22,0,0,0,0,37,1,71.88,54.38,17,23,41,6,227,57,20,0.2067,10548,GET,6,6,1,UNKNOWN_ANOMALY
user-005,2026-09-28 06:09:35.430048,99,811,1736,57792,434520,40,283,9,25,TCP,45,7,6,299,27,13,0,0,0,0,49,11,48.46,42.89,13,28,29,11,85,56,18,0.1083,5136,PUT,13,7,1,UNKNOWN_ANOMALY
user-166,2026-09-28 06:10:35.430048,78,422,675,77928,333501,37,221,14,10,HTTPS,39,5,8,169,32,17,0,0,0,1,57,4,45.04,91.46,18,28,36,9,245,36,27,0.2029,9943,POST,13,8,1,UNKNOWN_ANOMALY
user-093,2026-09-28 06:11:35.430048,124,373,1322,108967,174999,18,396,14,15,HTTP,31,11,8,786,72,36,0,0,0,0,72,4,56.5,66.86,42,32,20,7,100,45,28,0.1716,5424,GET,10,9,1,UNKNOWN_ANOMALY
user-055,2026-09-28 06:12:35.430048,80,470,1678,92350,410662,33,338,9,27,SSH,44,9,11,439,40,29,0,0,0,0,56,1,58.59,29.24,17,9,42,11,147,33,23,0.0931,5898,POST,9,2,1,UNKNOWN_ANOMALY
user-174,2026-09-28 06:13:35.430048,89,616,1494,116079,121612,34,297,26,21,HTTPS,15,10,9,373,23,44,1,0,0,3,63,9,65.44,58.18,39,28,42,7,259,36,36,0.0814,16794,GET,9,5,1,UNKNOWN_ANOMALY
user-061,2026-09-28 06:14:35.430048,133,389,1029,54901,226959,27,368,10,21,HTTP,22,8,9,895,65,13,1,1,0,1,69,8,69.9,27.74,13,33,57,4,92,40,38,0.0557,14367,GET,9,8,1,UNKNOWN_ANOMALY
user-064,2026-09-28 06:15:35.430048,88,425,936,159960,393356,28,279,17,24,DNS,45,5,10,762,26,37,0,0,0,1,51,9,82.26,46.61,11,27,15,10,72,14,34,0.1752,4174,GET,3,12,1,UNKNOWN_ANOMALY
user-009,2026-09-28 06:16:35.430048,117,447,1075,85074,207078,42,383,14,21,DNS,41,8,7,98,44,24,1,0,1,2,30,6,41.78,58.54,24,22,37,10,202,56,46,0.2419,14977,POST,12,6,1,UNKNOWN_ANOMALY
user-018,2026-09-28 06:17:35.430048,116,409,1797,54792,217972,29,326,16,21,HTTPS,15,7,9,506,50,41,0,0,0,3,52,0,40.32,22.82,20,29,53,4,176,56,39,0.0968,13946,GET,6,2,1,UNKNOWN_ANOMALY
user-035,2026-09-28 06:18:35.430048,87,630,1752,129675,210100,32,359,16,20,HTTPS,34,9,12,514,41,33,0,1,0,4,53,7,45.91,89.19,14,9,25,13,116,17,35,0.1782,3081,POST,8,11,1,UNKNOWN_ANOMALY
user-091,2026-09-28 06:19:35.430048,134,722,1521,129010,182569,24,131,19,8,HTTPS,44,4,9,155,55,25,0,0,0,1,64,5,57.89,84.39,11,26,70,15,96,24,46,0.1697,16485,GET,7,7,1,UNKNOWN_ANOMALY
user-110,2026-09-28 06:20:35.430048,127,453,1268,99494,314117,38,106,24,11,SSH,44,10,9,432,39,20,1,1,0,1,47,10,84.83,22.0,28,32,11,2,164,50,23,0.2159,11830,GET,8,11,1,UNKNOWN_ANOMALY
user-025,2026-09-28 06:21:35.430048,102,622,1391,67739,216288,16,43,18,26,HTTP,17,11,10,473,76,16,0,0,1,1,53,2,85.38,33.57,21,21,22,6,87,48,27,0.0846,6669,PUT,2,2,1,UNKNOWN_ANOMALY
user-111,2026-09-28 06:22:35.430048,97,467,955,81581,318591,16,243,15,21,HTTPS,21,11,11,580,33,9,0,0,1,0,52,13,66.05,88.32,38,9,60,7,140,12,20,0.2005,6839,POST,6,5,1,UNKNOWN_ANOMALY
user-077,2026-09-28 06:23:35.430048,82,375,1214,93342,135285,45,348,24,17,TCP,16,7,6,822,79,20,1,1,1,0,69,12,58.06,29.1,33,32,25,9,153,27,47,0.1923,15966,GET,4,9,1,UNKNOWN_ANOMALY
user-025,2026-09-28 06:24:35.430048,122,715,1099,156759,244809,18,178,8,23,DNS,40,10,10,216,27,25,1,0,0,1,34,1,79.76,79.08,11,12,60,13,241,38,24,0.1072,2768,POST,11,9,1,UNKNOWN_ANOMALY
user-005,2026-09-28 06:25:35.430048,117,436,749,133815,353597,41,99,22,19,HTTPS,12,7,5,326,57,40,1,0,1,0,50,2,74.92,89.66,26,33,25,5,147,44,34,0.0909,15819,GET,9,9,1,UNKNOWN_ANOMALY
user-023,2026-09-28 06:26:35.430048,84,794,698,55171,319913,36,132,28,19,HTTPS,42,4,9,873,49,14,1,0,0,1,53,6,57.81,68.64,31,16,34,2,201,42,41,0.0971,3673,POST,7,6,1,UNKNOWN_ANOMALY
user-080,2026-09-28 06:27:35.430048,119,530,1621,134792,192094,42,273,13,8,HTTPS,40,8,5,424,54,24,1,0,1,0,58,14,70.75,71.07,29,9,38,14,165,36,48,0.1607,9202,GET,8,2,1,UNKNOWN_ANOMALY
user-003,2026-09-28 06:28:35.430048,90,672,1257,135177,323643,30,262,19,9,HTTP,32,12,6,345,64,29,0,0,0,2,61,11,67.18,20.78,25,18,12,13,74,39,32,0.0766,1267,GET,11,5,1,UNKNOWN_ANOMALY
user-102,2026-09-28 06:29:35.430048,118,367,1420,104104,163245,45,71,22,21,HTTPS,40,11,3,416,72,10,0,0,1,0,58,10,69.9,83.52,11,9,14,5,196,26,36,0.1744,13943,POST,4,5,1,UNKNOWN_ANOMALY
user-164,2026-09-28 06:30:35.430048,76,421,1244,133525,235794,42,282,22,19,HTTPS,40,11,8,541,26,13,1,1,0,1,34,9,86.84,20.34,20,30,24,7,164,23,32,0.2315,9761,GET,10,4,1,UNKNOWN_ANOMALY
user-117,2026-09-28 06:31:35.430048,94,648,848,128008,194939,24,301,15,11,DNS,32,7,11,660,63,29,1,1,0,1,58,3,44.55,86.52,26,28,10,7,95,13,48,0.1305,11773,POST,7,5,1,UNKNOWN_ANOMALY
user-186,2026-09-28 06:32:35.430048,82,370,1600,115931,384193,38,321,9,27,SSH,26,11,11,313,27,10,0,0,0,2,38,14,43.98,84.41,29,32,15,3,201,18,52,0.2441,7646,GET,10,10,1,UNKNOWN_ANOMALY
user-055,2026-09-28 06:33:35.430048,92,511,1716,157007,352080,37,412,22,17,SSH,33,6,10,787,36,15,0,1,1,0,62,10,74.3,30.34,15,12,30,15,121,28,25,0.0554,4277,GET,5,4,1,UNKNOWN_ANOMALY
user-182,2026-09-28 06:34:35.430048,124,830,1209,78029,201666,15,182,21,18,HTTPS,25,10,10,98,76,13,0,0,1,1,70,6,71.3,20.79,20,13,40,7,154,41,13,0.1028,13035,GET,8,3,1,UNKNOWN_ANOMALY
user-094,2026-09-28 06:35:35.430048,115,725,1689,53538,339723,26,138,21,12,SSH,36,11,9,404,48,43,1,0,0,1,71,1,68.41,28.73,14,12,28,5,198,51,25,0.1477,4844,PATCH,3,8,1,UNKNOWN_ANOMALY
user-128,2026-09-28 06:36:35.430048,97,727,634,140211,431434,14,72,13,9,HTTPS,31,9,5,93,69,28,1,0,1,1,60,2,62.66,91.0,18,20,25,4,120,48,40,0.2106,10103,POST,14,1,1,UNKNOWN_ANOMALY
user-042,2026-09-28 06:37:35.430048,132,535,620,127513,197478,17,376,21,27,DNS,19,10,9,611,53,30,0,0,1,1,33,14,48.9,53.19,42,18,31,9,195,60,12,0.0871,3465,POST,5,3,1,UNKNOWN_ANOMALY
user-181,2026-09-28 06:38:35.430048,125,557,735,126625,333358,20,270,21,17,HTTPS,18,5,10,762,24,39,0,0,0,1,49,12,57.54,71.29,25,28,66,15,73,57,13,0.0955,7591,GET,12,2,1,UNKNOWN_ANOMALY
user-032,2026-09-28 06:39:35.430048,115,362,802,134832,138689,24,202,18,17,HTTP,41,11,4,644,71,17,0,1,1,1,41,2,59.67,58.15,13,24,17,9,173,53,53,0.064,7736,POST,2,6,1,UNKNOWN_ANOMALY
user-075,2026-09-28 06:40:35.430048,125,470,1517,74003,358450,32,186,18,28,HTTPS,31,10,5,83,29,22,1,1,1,0,48,0,48.02,36.23,23,31,15,14,91,31,50,0.1921,17472,GET,7,11,1,UNKNOWN_ANOMALY
user-143,2026-09-28 06:41:35.430048,116,769,1539,150946,318611,35,157,20,12,HTTPS,39,12,12,678,51,41,1,0,1,2,29,13,55.65,65.6,34,13,46,4,97,25,21,0.0516,2741,GET,14,3,1,UNKNOWN_ANOMALY
user-014,2026-09-28 06:42:35.430048,82,709,844,130616,445868,42,171,16,27,HTTPS,23,4,11,875,25,36,1,0,0,0,53,14,86.76,45.85,18,10,56,7,110,26,32,0.0736,2667,GET,7,2,1,UNKNOWN_ANOMALY
user-105,2026-09-28 06:43:35.430048,84,803,1477,55471,416447,18,85,13,24,TCP,25,4,8,112,48,37,1,0,1,1,47,4,83.05,82.37,40,16,14,3,210,17,38,0.2101,3570,PATCH,12,10,1,UNKNOWN_ANOMALY
user-146,2026-09-28 06:44:35.430048,89,805,1476,56297,334847,40,350,13,23,HTTP,30,6,6,264,47,10,1,0,0,1,58,14,77.79,37.42,19,32,35,7,77,14,41,0.0783,10795,GET,8,11,1,UNKNOWN_ANOMALY
user-139,2026-09-28 06:45:35.430048,127,595,1569,122721,349241,31,37,12,28,HTTPS,20,7,4,330,78,26,1,0,0,0,38,14,86.14,84.65,12,24,43,5,198,31,51,0.1697,7469,PATCH,3,5,1,UNKNOWN_ANOMALY
user-076,2026-09-28 06:46:35.430048,76,848,1365,119503,213281,41,193,24,29,HTTPS,37,7,7,709,79,28,1,1,0,1,41,0,42.31,58.79,22,23,20,4,220,50,16,0.1948,14406,GET,14,11,1,UNKNOWN_ANOMALY
user-085,2026-09-28 06:47:35.430048,129,763,1719,97520,210574,44,75,21,25,HTTPS,23,7,10,485,30,25,1,0,1,2,32,7,62.77,35.37,22,13,51,6,109,58,33,0.2144,10483,GET,9,6,1,UNKNOWN_ANOMALY
user-034,2026-09-28 06:48:35.430048,124,418,685,80937,185463,26,202,22,23,HTTP,18,6,7,556,71,26,1,0,1,4,75,5,41.61,41.05,39,34,65,9,190,48,26,0.1993,7160,POST,3,6,1,UNKNOWN_ANOMALY
user-013,2026-09-28 06:49:35.430048,118,626,1241,70046,258147,45,113,22,16,HTTP,25,11,6,609,26,11,1,1,0,0,51,8,50.72,68.39,19,33,50,14,223,40,52,0.0886,3455,POST,2,9,1,UNKNOWN_ANOMALY
user-005,2026-09-28 06:50:35.430048,104,773,1582,158216,290922,41,138,26,9,TCP,24,4,4,511,24,31,0,1,1,5,51,9,77.16,57.65,18,29,64,8,121,53,54,0.1178,10444,PATCH,14,6,1,UNKNOWN_ANOMALY
user-158,2026-09-28 06:51:35.430048,83,360,805,50155,306398,16,76,23,12,SSH,42,11,5,281,78,9,0,0,0,1,61,5,41.78,49.78,36,28,17,7,137,22,39,0.2184,7487,GET,11,2,1,UNKNOWN_ANOMALY
user-200,2026-09-28 06:52:35.430048,125,546,1260,96447,260949,14,233,17,26,TCP,16,11,3,561,35,44,1,1,0,0,48,7,63.32,77.84,20,21,69,2,180,37,50,0.168,11733,GET,9,8,1,UNKNOWN_ANOMALY
user-019,2026-09-28 06:53:35.430048,105,693,1090,94326,366609,42,258,10,16,HTTPS,23,6,3,637,74,36,0,1,0,1,66,13,68.56,87.95,23,32,44,7,192,40,28,0.2162,3028,POST,12,4,1,UNKNOWN_ANOMALY
user-022,2026-09-28 06:54:35.430048,123,666,1112,145924,177606,28,330,8,20,SSH,33,5,3,768,61,12,0,0,1,2,72,1,76.69,54.11,34,13,62,7,102,53,28,0.1162,14162,GET,9,4,1,UNKNOWN_ANOMALY
user-031,2026-09-28 06:55:35.430048,82,629,1480,100134,131897,14,380,27,27,DNS,22,4,8,206,21,37,0,1,0,4,48,3,68.66,34.99,24,27,23,3,111,42,22,0.0891,15846,GET,10,5,1,UNKNOWN_ANOMALY
user-138,2026-09-28 06:56:35.430048,126,817,1146,138407,186407,26,238,9,8,HTTPS,21,9,3,697,29,17,0,0,1,1,51,8,50.99,91.74,20,33,37,11,143,19,54,0.245,2085,DELETE,9,10,1,UNKNOWN_ANOMALY
user-027,2026-09-28 06:57:35.430048,109,600,1066,116369,294260,25,419,14,14,TCP,16,11,10,455,23,44,0,0,0,1,47,6,82.56,36.04,16,23,52,10,188,41,33,0.0754,8313,GET,10,7,1,UNKNOWN_ANOMALY
user-082,2026-09-28 06:58:35.430048,83,799,606,152726,345645,29,363,13,20,HTTPS,41,5,4,375,58,35,0,1,0,1,48,14,61.18,36.46,31,14,54,13,186,41,19,0.1506,12336,POST,13,10,1,UNKNOWN_ANOMALY
user-118,2026-09-28 06:59:35.430048,125,577,1517,109793,248366,34,40,8,15,TCP,24,8,4,498,53,31,0,0,0,1,53,8,69.79,23.45,33,18,10,10,170,17,42,0.162,15366,GET,11,9,1,UNKNOWN_ANOMALY
user-130,2026-09-28 07:00:35.430048,117,658,1563,141481,443765,19,211,23,14,SSH,25,11,5,635,66,9,0,0,0,5,54,8,74.61,38.16,34,35,26,14,236,23,31,0.2228,3594,PUT,4,2,1,UNKNOWN_ANOMALY
user-071,2026-09-28 07:01:35.430048,80,529,1111,64857,278682,38,267,10,21,SSH,21,9,12,343,57,8,0,1,0,0,45,10,61.68,37.31,15,17,30,9,257,54,50,0.051,14010,GET,6,2,1,UNKNOWN_ANOMALY
user-102,2026-09-28 07:02:35.430048,118,616,765,144219,329816,36,130,10,11,TCP,36,5,4,552,75,8,0,1,1,1,60,10,42.76,28.54,40,11,16,4,218,12,51,0.1127,5079,GET,4,3,1,UNKNOWN_ANOMALY
user-197,2026-09-28 07:03:35.430048,112,541,1771,120050,286786,44,376,14,8,HTTP,41,10,9,384,33,32,0,0,0,2,42,8,75.81,73.2,43,29,70,7,195,23,16,0.057,11972,PUT,3,2,1,UNKNOWN_ANOMALY
user-125,2026-09-28 07:04:35.430048,86,439,1685,74147,207034,35,226,15,9,HTTPS,26,11,9,307,78,28,0,0,0,2,57,12,46.75,53.64,13,22,62,5,223,46,34,0.1021,5224,GET,3,12,1,UNKNOWN_ANOMALY
user-075,2026-09-28 07:05:35.430048,115,407,1661,53341,246286,34,39,12,17,SSH,30,11,9,251,50,26,0,1,1,0,62,12,84.7,78.71,15,23,20,5,83,32,13,0.0985,8678,GET,10,4,1,UNKNOWN_ANOMALY
user-174,2026-09-28 07:06:35.430048,100,404,1163,51799,191458,13,189,28,23,HTTPS,22,9,6,625,31,14,1,0,0,0,42,11,66.95,22.66,13,15,65,10,194,40,28,0.2452,14422,GET,8,8,1,UNKNOWN_ANOMALY
user-097,2026-09-28 07:07:35.430048,105,725,893,93483,142047,19,94,9,9,SSH,18,10,10,749,56,34,1,1,0,1,37,5,85.42,20.62,11,10,60,10,120,21,33,0.1489,15925,GET,13,4,1,UNKNOWN_ANOMALY
user-175,2026-09-28 07:08:35.430048,127,692,1543,114688,415343,20,362,12,9,HTTPS,36,8,9,303,60,36,0,1,0,2,54,2,64.45,90.97,28,35,37,11,249,13,28,0.1744,9002,GET,5,7,1,UNKNOWN_ANOMALY
user-065,2026-09-28 07:09:35.430048,116,573,1478,59491,192982,43,112,17,26,SSH,30,11,7,715,39,29,0,0,0,1,39,2,43.34,41.1,39,19,60,7,190,13,47,0.1096,5837,GET,7,8,1,UNKNOWN_ANOMALY
user-155,2026-09-28 07:10:35.430048,122,515,1235,148917,130303,19,356,24,22,HTTPS,43,8,8,290,42,37,1,0,0,1,53,5,58.19,30.1,33,8,35,9,136,31,46,0.2101,13284,POST,13,5,1,UNKNOWN_ANOMALY
user-007,2026-09-28 07:11:35.430048,105,529,938,113678,213428,25,171,20,15,HTTPS,27,11,7,249,60,13,0,0,0,3,53,11,84.91,21.84,13,24,65,9,188,15,30,0.1729,2472,GET,13,3,1,UNKNOWN_ANOMALY
user-114,2026-09-28 07:12:35.430048,104,456,974,61478,224963,24,158,11,20,HTTPS,39,12,7,158,58,12,0,0,0,1,35,3,74.27,53.08,44,9,58,9,244,31,32,0.1963,8760,GET,8,3,1,UNKNOWN_ANOMALY
user-146,2026-09-28 07:13:35.430048,78,828,1389,140918,135878,18,341,18,10,HTTP,17,6,6,834,58,40,1,0,1,0,46,7,87.34,85.1,42,35,53,9,240,48,30,0.1606,13022,GET,12,11,1,UNKNOWN_ANOMALY
user-154,2026-09-28 07:14:35.430048,81,529,1191,154539,420725,21,89,17,16,DNS,41,6,9,321,30,23,0,1,0,1,46,1,59.02,63.88,15,25,22,12,172,37,21,0.0784,1063,POST,4,3,1,UNKNOWN_ANOMALY
user-169,2026-09-28 07:15:35.430048,132,402,1750,111400,312059,20,366,28,8,TCP,28,6,8,109,52,32,1,1,1,1,44,9,54.88,67.78,19,8,21,4,103,46,39,0.123,3069,POST,11,12,1,UNKNOWN_ANOMALY
user-106,2026-09-28 07:16:35.430048,107,509,1138,100777,418093,34,272,17,19,HTTP,42,7,5,176,54,12,1,0,1,1,68,5,46.63,48.42,17,35,58,13,106,56,22,0.0614,3763,GET,15,4,1,UNKNOWN_ANOMALY
user-126,2026-09-28 07:17:35.430048,121,671,652,155395,286007,34,121,28,21,TCP,32,6,4,318,66,25,1,1,0,0,77,13,59.04,34.23,35,26,37,13,202,14,28,0.1702,10357,GET,5,3,1,UNKNOWN_ANOMALY
user-077,2026-09-28 07:18:35.430048,92,844,1043,90253,435374,26,392,9,17,SSH,41,7,7,895,41,18,0,1,1,1,62,10,68.06,58.24,34,11,20,4,236,51,24,0.1019,4898,GET,15,12,1,UNKNOWN_ANOMALY
user-139,2026-09-28 07:19:35.430048,131,644,1141,150612,324091,21,109,11,21,HTTPS,26,11,9,103,47,35,0,0,0,3,53,10,72.36,65.27,16,31,16,10,200,55,46,0.1905,8904,PATCH,10,11,1,UNKNOWN_ANOMALY
user-149,2026-09-28 07:20:35.430048,127,537,1300,86477,305130,42,63,21,22,TCP,29,7,11,209,50,10,0,1,0,0,67,9,46.01,67.17,37,10,46,4,76,24,40,0.1944,6132,GET,13,5,1,UNKNOWN_ANOMALY
user-019,2026-09-28 07:21:35.430048,120,579,1361,90442,121332,38,364,8,10,HTTPS,22,8,5,188,36,30,0,0,1,0,50,1,75.1,29.41,29,20,37,14,141,55,20,0.0763,8618,POST,7,5,1,UNKNOWN_ANOMALY
user-101,2026-09-28 07:22:35.430048,119,733,1521,96720,327849,40,30,26,22,SSH,45,7,4,430,65,32,0,0,0,1,42,10,64.24,49.28,36,8,55,10,78,57,44,0.1029,5610,POST,11,11,1,UNKNOWN_ANOMALY
user-151,2026-09-28 07:23:35.430048,95,432,1309,146878,205269,12,102,12,14,HTTP,24,10,7,136,22,23,1,0,0,0,45,2,81.84,36.81,35,18,67,3,230,34,40,0.2104,7246,GET,3,10,1,UNKNOWN_ANOMALY
user-021,2026-09-28 07:24:35.430048,89,743,1507,100561,346276,26,298,21,23,TCP,12,8,11,492,74,9,0,0,0,2,64,1,83.08,40.18,24,15,54,6,177,36,50,0.2215,1676,GET,10,3,1,UNKNOWN_ANOMALY
user-031,2026-09-28 07:25:35.430048,134,400,991,152489,360176,37,43,14,17,HTTPS,30,6,6,751,47,44,1,0,0,2,51,12,66.94,29.69,12,34,70,7,143,54,51,0.1663,6813,POST,4,11,1,UNKNOWN_ANOMALY
user-160,2026-09-28 07:26:35.430048,120,376,787,155438,410893,14,354,27,24,TCP,42,8,5,337,71,30,1,0,0,1,43,9,82.83,40.69,37,26,56,3,129,28,53,0.1633,3764,POST,5,4,1,UNKNOWN_ANOMALY
user-126,2026-09-28 07:27:35.430048,128,379,1303,87844,161993,33,342,27,27,HTTP,33,9,11,409,78,20,1,0,0,3,47,9,72.3,37.63,40,16,53,12,246,18,17,0.2203,4857,POST,13,2,1,UNKNOWN_ANOMALY
user-079,2026-09-28 07:28:35.430048,117,438,602,61259,389741,31,134,10,9,HTTP,34,6,11,668,31,20,0,0,1,1,53,10,53.89,58.96,21,10,47,12,115,24,31,0.1075,12440,GET,8,4,1,UNKNOWN_ANOMALY
user-045,2026-09-28 07:29:35.430048,111,569,687,125392,235921,41,209,24,12,HTTPS,16,6,12,888,45,26,1,0,0,1,67,5,44.27,69.06,16,20,27,6,80,18,19,0.1125,7264,GET,6,3,1,UNKNOWN_ANOMALY
user-099,2026-09-28 07:30:35.430048,80,788,1051,91856,218321,16,369,19,12,HTTPS,21,7,4,657,30,40,0,0,0,1,35,12,87.35,42.55,43,20,62,13,99,46,39,0.0906,8529,POST,6,9,1,UNKNOWN_ANOMALY
user-164,2026-09-28 07:31:35.430048,83,550,1617,107534,422774,42,340,23,18,HTTPS,30,5,10,255,24,13,0,1,1,0,48,6,41.13,78.71,16,28,69,6,153,25,53,0.1441,11197,GET,14,9,1,UNKNOWN_ANOMALY
user-119,2026-09-28 07:32:35.430048,119,609,1086,138127,196268,24,326,16,19,HTTP,14,7,11,306,71,27,1,1,0,1,38,7,48.98,32.23,30,10,30,14,213,30,18,0.239,13012,GET,4,2,1,UNKNOWN_ANOMALY
user-120,2026-09-28 07:33:35.430048,84,484,1191,52931,221739,39,169,23,13,TCP,36,8,8,214,50,20,1,1,0,1,40,8,59.95,86.96,29,29,34,8,257,56,53,0.0522,555,GET,5,12,1,UNKNOWN_ANOMALY
user-182,2026-09-28 07:34:35.430048,85,750,782,73311,272815,34,301,11,12,HTTP,33,6,11,395,47,31,1,1,0,0,40,8,74.81,85.94,12,11,55,12,131,17,28,0.1378,1958,POST,11,7,1,UNKNOWN_ANOMALY
user-116,2026-09-28 07:35:35.430048,96,471,1015,97447,300546,18,139,11,15,HTTP,32,8,7,371,58,37,1,0,1,0,39,6,52.37,45.73,17,23,54,8,150,54,55,0.0983,15097,GET,7,5,1,UNKNOWN_ANOMALY
user-002,2026-09-28 07:36:35.430048,93,710,1766,50274,202375,29,185,19,27,TCP,31,11,10,597,24,41,0,0,0,1,53,13,82.14,81.51,41,28,31,13,96,32,50,0.13,7777,PUT,14,9,1,UNKNOWN_ANOMALY
user-045,2026-09-28 07:37:35.430048,128,667,1507,78008,406577,22,160,24,12,HTTPS,34,5,4,580,42,34,0,0,1,0,62,0,57.0,49.4,23,11,37,10,162,28,32,0.2331,12596,GET,11,3,1,UNKNOWN_ANOMALY
user-021,2026-09-28 07:38:35.430048,90,644,1096,113340,230818,15,386,25,21,TCP,21,7,8,888,37,18,1,0,1,1,58,7,55.81,72.99,31,17,53,8,135,27,51,0.0559,1600,POST,13,6,1,UNKNOWN_ANOMALY
user-072,2026-09-28 07:39:35.430048,80,530,773,138829,359774,27,317,24,18,TCP,37,8,8,460,34,24,0,1,0,3,45,0,83.07,91.39,41,25,23,5,187,21,43,0.1583,16767,DELETE,9,2,1,UNKNOWN_ANOMALY
user-194,2026-09-28 07:40:35.430048,81,763,1411,127126,370566,31,175,23,28,SSH,13,11,9,722,24,13,1,0,1,1,51,13,58.48,23.59,44,32,43,6,156,51,39,0.2356,3940,POST,7,7,1,UNKNOWN_ANOMALY
user-165,2026-09-28 07:41:35.430048,111,438,965,153608,323774,33,194,21,8,HTTP,25,9,9,428,55,18,0,0,1,1,44,2,69.76,50.7,25,19,43,7,260,28,53,0.2179,2888,POST,6,10,1,UNKNOWN_ANOMALY
user-091,2026-09-28 07:42:35.430048,130,818,1265,117417,188438,27,226,12,11,DNS,32,9,9,507,30,30,0,0,1,3,56,0,58.64,70.99,32,31,13,9,75,16,46,0.1181,17899,GET,11,2,1,UNKNOWN_ANOMALY
user-188,2026-09-28 07:43:35.430048,94,539,792,76908,387935,16,127,19,30,DNS,24,7,11,294,55,42,0,0,1,3,34,8,52.22,56.13,41,21,37,3,191,12,16,0.1817,12990,POST,2,12,1,UNKNOWN_ANOMALY
user-028,2026-09-28 07:44:35.430048,109,804,1017,54984,368544,35,190,25,21,HTTPS,41,9,3,596,48,24,0,0,0,3,54,13,84.36,47.98,44,23,47,14,183,58,46,0.0721,14140,GET,7,6,1,UNKNOWN_ANOMALY
user-109,2026-09-28 07:45:35.430048,101,835,1608,86531,124198,15,381,8,22,HTTPS,37,7,5,475,74,15,0,1,0,0,46,13,51.97,51.34,43,34,52,13,232,53,15,0.062,8771,GET,8,11,1,UNKNOWN_ANOMALY
user-016,2026-09-28 07:46:35.430048,88,480,1418,121331,269442,38,315,9,10,HTTP,28,11,8,751,45,33,0,0,1,2,55,6,85.32,38.25,22,29,63,8,246,42,55,0.1704,12719,GET,13,7,1,UNKNOWN_ANOMALY
user-106,2026-09-28 07:47:35.430048,102,654,1081,150319,248535,14,67,27,9,SSH,30,7,10,225,51,36,0,0,1,0,49,6,74.43,33.15,14,29,13,8,98,53,21,0.1413,14027,POST,8,9,1,UNKNOWN_ANOMALY
user-042,2026-09-28 07:48:35.430048,115,392,665,51006,190476,19,302,26,8,HTTPS,25,10,8,286,51,24,0,0,1,1,53,5,72.68,25.35,34,22,51,5,181,49,44,0.2049,12097,GET,12,10,1,UNKNOWN_ANOMALY
user-154,2026-09-28 07:49:35.430048,103,729,905,155693,288486,36,240,10,24,HTTPS,21,9,9,112,33,16,1,0,1,0,69,12,83.7,80.64,27,32,69,14,150,35,42,0.0579,1155,PUT,10,2,1,UNKNOWN_ANOMALY
user-098,2026-09-28 07:50:35.430048,86,682,1421,97966,224841,38,197,24,25,HTTPS,39,9,4,410,67,15,0,0,0,1,56,14,49.68,66.61,14,11,62,5,170,49,49,0.0692,5484,PATCH,6,6,1,UNKNOWN_ANOMALY
user-157,2026-09-28 07:51:35.430048,115,412,1036,136556,139355,32,22,13,15,HTTPS,38,6,9,565,64,15,1,1,0,4,59,13,63.02,59.3,40,21,62,10,197,21,34,0.245,11808,GET,12,8,1,UNKNOWN_ANOMALY
user-151,2026-09-28 07:52:35.430048,122,468,1511,141884,129641,16,45,24,27,DNS,14,10,12,239,22,9,0,0,0,3,69,8,61.07,71.86,14,13,39,12,122,58,35,0.0783,12686,POST,5,3,1,UNKNOWN_ANOMALY
user-137,2026-09-28 07:53:35.430048,123,621,1545,129220,288297,13,122,16,26,HTTPS,18,10,4,359,68,12,0,0,0,2,55,5,41.58,89.75,13,21,14,7,97,19,30,0.1371,12091,GET,8,4,1,UNKNOWN_ANOMALY
user-086,2026-09-28 07:54:35.430048,83,682,1174,54324,363735,32,275,17,28,HTTP,17,11,9,752,80,29,0,0,1,1,42,12,79.97,66.84,16,34,57,9,148,27,39,0.1909,10159,POST,15,7,1,UNKNOWN_ANOMALY
user-080,2026-09-28 07:55:35.430048,117,434,1015,127167,345525,18,307,25,9,HTTPS,37,5,8,475,41,13,1,0,1,2,40,3,86.79,81.95,29,19,35,4,187,50,44,0.1177,10904,POST,13,11,1,UNKNOWN_ANOMALY
user-079,2026-09-28 07:56:35.430048,81,640,1058,149319,434900,34,405,27,9,HTTPS,39,8,4,507,20,29,1,0,0,1,59,5,60.6,50.36,43,30,66,6,247,43,42,0.1687,16918,POST,14,5,1,UNKNOWN_ANOMALY
user-154,2026-09-28 07:57:35.430048,86,517,1554,127500,131918,35,260,27,29,HTTP,24,9,6,269,55,33,0,1,1,2,59,12,54.45,72.41,12,35,32,14,231,51,30,0.2407,523,GET,4,6,1,UNKNOWN_ANOMALY
user-128,2026-09-28 07:58:35.430048,100,728,847,101967,169219,27,348,16,21,HTTPS,33,6,6,671,26,21,0,0,0,1,60,1,79.74,48.55,21,24,62,12,167,15,38,0.1916,14994,GET,9,11,1,UNKNOWN_ANOMALY
user-137,2026-09-28 07:59:35.430048,79,840,981,134792,201079,33,282,20,20,HTTP,34,11,10,783,61,38,1,0,0,1,59,5,41.22,48.05,13,10,16,5,240,13,41,0.1396,7529,PUT,12,6,1,UNKNOWN_ANOMALY
user-148,2026-09-28 08:00:35.430048,100,404,628,66098,218290,37,213,18,9,SSH,38,11,8,492,69,32,1,1,0,4,51,5,59.53,52.91,29,8,31,2,258,15,26,0.0659,11410,GET,3,11,1,UNKNOWN_ANOMALY
user-179,2026-09-28 08:01:35.430048,88,519,1395,88470,154836,31,382,19,28,HTTP,18,7,12,474,29,33,0,1,0,2,60,10,46.06,67.73,18,24,54,14,235,58,37,0.054,11091,GET,4,8,1,UNKNOWN_ANOMALY
user-145,2026-09-28 08:02:35.430048,85,393,1130,52539,212498,19,266,25,20,TCP,30,5,9,747,28,11,1,0,1,2,58,14,57.98,34.65,17,17,16,13,119,33,15,0.2429,11272,POST,12,2,1,UNKNOWN_ANOMALY
user-004,2026-09-28 08:03:35.430048,83,558,727,103972,194401,30,204,28,23,TCP,13,8,12,861,48,10,1,1,1,1,65,2,88.52,42.19,44,10,26,4,224,47,46,0.2182,1926,GET,9,2,1,UNKNOWN_ANOMALY
user-091,2026-09-28 08:04:35.430048,99,667,1467,137667,318578,18,168,12,13,SSH,25,5,11,364,66,33,0,0,1,1,60,7,69.01,44.91,24,13,57,6,127,37,44,0.2435,7996,GET,8,12,1,UNKNOWN_ANOMALY
user-067,2026-09-28 08:05:35.430048,77,751,944,117069,415176,31,272,10,29,TCP,13,5,10,168,34,12,0,1,1,2,45,3,40.83,31.4,18,18,12,4,169,20,50,0.1358,3214,PUT,13,9,1,UNKNOWN_ANOMALY
user-143,2026-09-28 08:06:35.430048,94,609,1399,129325,244203,25,43,22,28,HTTPS,45,8,11,583,50,41,0,0,0,1,49,3,84.31,40.37,34,28,67,11,115,23,30,0.1611,12033,PUT,3,11,1,UNKNOWN_ANOMALY
user-109,2026-09-28 08:07:35.430048,125,410,710,67932,243054,28,401,24,12,TCP,26,9,4,398,47,38,1,1,0,1,57,5,75.09,63.88,41,25,58,9,152,42,30,0.2329,14560,GET,8,1,1,UNKNOWN_ANOMALY
user-033,2026-09-28 08:08:35.430048,107,739,1177,154023,329814,16,310,18,23,HTTPS,38,6,11,125,63,40,1,0,0,0,58,4,78.28,40.36,12,12,50,5,115,45,41,0.2222,4552,GET,15,3,1,UNKNOWN_ANOMALY
user-190,2026-09-28 08:09:35.430048,119,658,1391,95560,198383,25,175,19,26,HTTPS,24,9,9,321,79,42,1,1,0,1,55,9,58.84,24.78,44,35,13,13,106,52,48,0.0939,1018,GET,14,9,1,UNKNOWN_ANOMALY
user-196,2026-09-28 08:10:35.430048,90,374,1657,99754,274472,39,374,17,9,HTTPS,14,10,10,760,78,32,1,0,0,0,54,8,58.96,73.09,37,24,58,14,99,18,44,0.058,1596,GET,13,2,1,UNKNOWN_ANOMALY
user-103,2026-09-28 08:11:35.430048,129,771,1507,78576,366607,22,52,12,12,HTTP,16,7,4,209,43,17,0,0,1,0,58,11,61.89,34.42,25,14,46,5,228,18,25,0.2269,16322,GET,10,1,1,UNKNOWN_ANOMALY
user-054,2026-09-28 08:12:35.430048,109,723,724,128436,190295,28,299,27,27,SSH,34,8,10,275,42,25,0,0,1,0,62,6,77.0,34.83,14,29,69,11,192,39,39,0.1841,10890,POST,15,4,1,UNKNOWN_ANOMALY
user-133,2026-09-28 08:13:35.430048,122,530,1162,83246,213699,37,203,12,28,HTTP,17,8,7,614,55,30,1,1,0,2,41,8,82.85,22.77,21,33,37,6,218,21,31,0.2312,9640,PUT,5,10,1,UNKNOWN_ANOMALY
user-135,2026-09-28 08:14:35.430048,96,671,1697,51175,307927,31,58,15,20,HTTPS,27,8,10,476,43,16,0,0,0,1,65,0,58.49,29.9,15,24,66,7,183,46,54,0.2412,17445,GET,5,6,1,UNKNOWN_ANOMALY
user-173,2026-09-28 08:15:35.430048,122,762,1392,70776,138344,27,324,19,28,HTTPS,27,10,3,608,27,36,1,0,0,1,33,2,83.87,87.1,34,26,50,10,102,39,18,0.1959,16907,PATCH,12,12,1,UNKNOWN_ANOMALY
user-148,2026-09-28 08:16:35.430048,95,807,1787,123981,324407,30,216,10,22,HTTPS,43,9,11,491,73,38,0,0,1,0,32,10,86.43,73.95,16,9,19,13,235,57,25,0.09,10087,PATCH,5,3,1,UNKNOWN_ANOMALY
user-173,2026-09-28 08:17:35.430048,134,840,1280,57671,211772,27,123,11,19,TCP,28,6,5,435,27,27,1,0,0,3,40,0,48.84,61.66,43,8,34,5,182,38,15,0.1988,1554,POST,13,5,1,UNKNOWN_ANOMALY
user-155,2026-09-28 08:18:35.430048,133,706,1780,120361,428829,16,356,15,10,HTTP,36,6,8,352,45,20,1,0,1,0,52,13,44.95,33.42,14,28,43,3,150,38,54,0.2369,11797,POST,12,7,1,UNKNOWN_ANOMALY
user-160,2026-09-28 08:19:35.430048,122,685,1000,111561,158563,40,338,19,26,TCP,44,12,7,628,69,13,0,1,0,3,47,8,55.77,56.43,26,11,13,9,143,55,42,0.1714,7931,GET,11,5,1,UNKNOWN_ANOMALY
user-101,2026-09-28 08:20:35.430048,87,459,1705,71669,209023,16,410,13,13,DNS,29,4,11,507,68,41,1,0,0,1,53,12,81.45,64.91,42,26,52,5,95,31,37,0.0765,2796,PUT,13,5,1,UNKNOWN_ANOMALY
user-125,2026-09-28 08:21:35.430048,98,372,1705,97542,425653,40,359,16,9,HTTPS,21,12,5,758,31,24,0,0,0,1,67,0,78.46,62.31,19,31,22,10,217,41,49,0.0957,15169,PATCH,12,5,1,UNKNOWN_ANOMALY
user-030,2026-09-28 08:22:35.430048,116,402,1235,98058,252910,15,341,24,9,SSH,14,6,9,337,55,42,1,1,0,1,68,0,52.9,37.92,43,32,31,14,219,30,23,0.1024,9700,GET,9,4,1,UNKNOWN_ANOMALY
user-061,2026-09-28 08:23:35.430048,101,367,1103,70713,186704,38,321,20,17,HTTPS,37,10,7,613,65,23,1,0,0,2,56,4,88.63,23.5,30,28,14,7,176,12,40,0.0551,12266,PATCH,9,2,1,UNKNOWN_ANOMALY
user-112,2026-09-28 08:24:35.430048,114,571,831,135365,422408,43,262,27,25,TCP,43,10,7,219,30,10,0,0,1,1,58,2,72.84,54.94,36,15,12,14,245,24,43,0.1389,17638,GET,8,1,1,UNKNOWN_ANOMALY
user-155,2026-09-28 08:25:35.430048,120,674,1480,123540,358970,34,49,17,28,HTTP,26,8,9,80,41,23,1,1,1,0,59,11,79.85,53.76,33,13,11,5,135,14,47,0.0965,14333,GET,9,8,1,UNKNOWN_ANOMALY
user-110,2026-09-28 08:26:35.430048,107,667,771,141789,220743,18,347,27,12,DNS,35,8,6,174,57,21,1,0,0,1,50,2,87.37,52.62,41,8,47,12,145,43,19,0.1871,15393,GET,6,1,1,UNKNOWN_ANOMALY
user-118,2026-09-28 08:27:35.430048,116,808,1279,127379,248120,35,189,26,8,TCP,28,10,3,640,72,40,0,0,1,0,53,14,62.29,45.25,35,23,62,12,234,18,46,0.1756,17515,PUT,13,11,1,UNKNOWN_ANOMALY
user-112,2026-09-28 08:28:35.430048,77,457,695,117194,440388,35,31,14,24,HTTPS,39,5,12,830,79,21,1,0,1,2,54,5,88.25,72.36,14,12,44,12,95,48,36,0.0689,11013,PUT,9,8,1,UNKNOWN_ANOMALY
user-106,2026-09-28 08:29:35.430048,121,556,1325,156974,376650,38,217,18,16,DNS,29,10,5,868,61,17,0,0,1,0,48,2,61.28,73.78,15,33,20,8,84,43,45,0.0587,15689,GET,13,9,1,UNKNOWN_ANOMALY
user-164,2026-09-28 08:30:35.430048,114,692,1309,100795,163361,43,305,26,9,TCP,32,9,10,472,22,33,0,0,1,1,58,9,68.06,42.89,41,19,50,10,205,32,13,0.1769,5032,POST,4,3,1,UNKNOWN_ANOMALY
user-019,2026-09-28 08:31:35.430048,100,384,1014,57864,397835,36,53,13,17,HTTPS,36,5,10,630,79,33,0,0,1,0,57,0,43.3,83.04,12,24,63,12,93,26,32,0.229,6401,POST,9,4,1,UNKNOWN_ANOMALY
user-112,2026-09-28 08:32:35.430048,94,810,1097,88605,298401,17,295,11,25,DNS,18,8,11,823,71,32,0,1,1,0,32,7,65.45,52.44,29,13,42,7,210,26,26,0.1892,10238,POST,11,12,1,UNKNOWN_ANOMALY
user-176,2026-09-28 08:33:35.430048,112,397,1336,108960,268282,39,236,25,23,HTTPS,42,5,10,719,59,44,1,0,0,0,56,10,63.04,80.83,42,9,24,10,102,34,43,0.2066,13676,POST,4,6,1,UNKNOWN_ANOMALY
user-138,2026-09-28 08:34:35.430048,84,573,1362,135660,273160,30,211,26,23,TCP,37,8,11,443,57,27,0,0,0,0,38,5,89.14,38.31,18,14,17,4,140,52,22,0.25,11756,GET,2,6,1,UNKNOWN_ANOMALY
user-179,2026-09-28 08:35:35.430048,124,563,745,124957,348441,17,192,12,21,HTTPS,34,9,9,500,28,14,1,0,1,1,35,0,67.74,22.26,22,28,34,12,95,37,16,0.2258,4154,GET,11,6,1,UNKNOWN_ANOMALY
user-128,2026-09-28 08:36:35.430048,127,398,786,117681,185558,44,303,15,21,HTTPS,25,10,11,866,58,23,0,0,0,1,72,13,45.44,34.02,19,21,45,14,96,31,44,0.0703,14379,GET,15,4,1,UNKNOWN_ANOMALY
user-058,2026-09-28 08:37:35.430048,134,712,1437,80701,388792,36,358,10,28,HTTP,26,4,10,559,31,33,1,0,1,2,47,9,53.19,89.27,39,11,45,14,185,54,46,0.202,16814,GET,12,5,1,UNKNOWN_ANOMALY
user-143,2026-09-28 08:38:35.430048,132,568,742,155997,282617,24,283,17,16,DNS,17,5,6,724,34,41,0,1,1,0,66,14,65.93,49.17,34,17,13,12,228,44,25,0.1154,10090,POST,7,3,1,UNKNOWN_ANOMALY
user-067,2026-09-28 08:39:35.430048,85,837,1472,121958,148957,39,245,16,15,HTTPS,28,6,5,294,20,19,0,0,1,1,50,6,81.57,82.97,18,18,16,12,151,14,47,0.2471,6098,POST,3,11,1,UNKNOWN_ANOMALY
user-185,2026-09-28 08:40:35.430048,105,612,1583,100556,414935,39,326,12,16,TCP,33,8,7,299,64,16,1,0,1,1,31,11,43.24,83.43,37,14,50,4,128,36,44,0.1849,2858,GET,6,3,1,UNKNOWN_ANOMALY
user-027,2026-09-28 08:41:35.430048,76,795,923,61000,385010,30,285,21,12,TCP,41,12,11,465,36,21,0,0,0,1,39,2,81.6,78.01,24,35,51,10,213,46,32,0.2009,12599,POST,14,4,1,UNKNOWN_ANOMALY
user-064,2026-09-28 08:42:35.430048,116,833,1785,135578,164855,20,251,11,18,TCP,13,9,9,90,69,45,1,0,0,1,43,11,46.93,80.1,35,10,55,4,75,37,43,0.1336,11014,GET,5,7,1,UNKNOWN_ANOMALY
user-084,2026-09-28 08:43:35.430048,93,371,929,90131,435213,41,59,10,11,HTTPS,33,6,7,153,40,29,1,1,0,2,44,6,84.23,73.88,17,14,67,14,249,33,42,0.211,2873,GET,5,1,1,UNKNOWN_ANOMALY
user-162,2026-09-28 08:44:35.430048,129,599,1589,122795,416650,23,244,12,20,SSH,33,12,9,609,59,38,1,0,1,0,59,2,84.25,79.51,21,18,17,10,208,59,21,0.0785,763,GET,9,4,1,UNKNOWN_ANOMALY
user-015,2026-09-28 08:45:35.430048,129,667,1595,120711,330157,27,325,24,17,TCP,14,10,11,108,21,29,0,1,0,0,47,12,43.79,53.03,29,23,14,4,185,19,41,0.1579,5659,POST,9,5,1,UNKNOWN_ANOMALY
user-117,2026-09-28 08:46:35.430048,112,434,1670,152557,224455,34,240,18,10,SSH,13,6,3,284,28,20,0,0,1,0,64,13,66.7,49.72,30,16,50,14,129,22,39,0.1739,11690,GET,6,2,1,UNKNOWN_ANOMALY
user-094,2026-09-28 08:47:35.430048,101,420,1410,112514,256090,30,74,10,13,TCP,31,6,5,816,23,16,1,0,0,3,40,13,57.55,66.09,34,23,60,6,230,37,45,0.1552,17897,POST,4,8,1,UNKNOWN_ANOMALY
user-131,2026-09-28 08:48:35.430048,78,388,1230,127641,366794,30,268,23,9,HTTPS,14,5,3,521,51,35,1,1,0,1,60,14,42.29,48.12,21,32,65,8,134,25,40,0.1064,7005,GET,7,3,1,UNKNOWN_ANOMALY
user-113,2026-09-28 08:49:35.430048,86,505,1786,94791,375370,25,389,23,27,TCP,44,4,9,529,65,24,0,0,0,1,53,14,87.35,74.59,21,24,54,10,101,41,42,0.1527,10994,POST,7,4,1,UNKNOWN_ANOMALY
user-097,2026-09-28 08:50:35.430048,122,596,935,140402,377020,25,417,25,19,HTTP,36,10,11,160,68,40,1,0,1,0,72,14,72.28,23.75,39,21,30,14,130,22,20,0.1986,513,POST,5,7,1,UNKNOWN_ANOMALY
user-082,2026-09-28 08:51:35.430048,123,555,1625,124168,228467,14,103,10,15,TCP,30,4,10,657,78,34,1,0,0,1,51,8,53.78,36.78,37,33,57,4,74,36,18,0.1256,2209,GET,9,10,1,UNKNOWN_ANOMALY
user-154,2026-09-28 08:52:35.430048,107,747,1798,55136,161460,16,397,10,22,DNS,45,11,7,611,56,31,0,0,0,2,69,13,72.98,20.66,33,12,24,9,71,33,15,0.2023,16457,GET,3,8,1,UNKNOWN_ANOMALY
user-035,2026-09-28 08:53:35.430048,116,625,899,90205,232401,44,52,21,17,TCP,13,4,3,425,46,36,0,0,1,3,40,6,61.97,59.56,30,21,18,11,179,56,13,0.2294,12147,GET,5,10,1,UNKNOWN_ANOMALY
user-129,2026-09-28 08:54:35.430048,86,422,1049,62583,142889,42,258,28,27,TCP,27,9,8,215,69,25,0,0,0,0,48,8,69.31,56.95,30,32,45,6,143,58,13,0.2202,7771,GET,3,1,1,UNKNOWN_ANOMALY
user-105,2026-09-28 08:55:35.430048,114,389,1470,113852,369089,43,268,11,21,HTTP,13,12,11,709,26,35,0,0,0,1,73,1,72.11,52.83,36,15,35,10,166,33,48,0.2206,3944,PUT,7,2,1,UNKNOWN_ANOMALY
user-136,2026-09-28 08:56:35.430048,105,790,1200,126833,293913,23,194,25,18,TCP,38,9,11,516,62,44,0,0,0,0,49,12,75.13,35.77,23,13,41,11,104,39,53,0.0944,10379,PUT,13,6,1,UNKNOWN_ANOMALY
user-200,2026-09-28 08:57:35.430048,76,787,1052,81885,421857,18,45,17,9,DNS,29,7,11,490,51,13,1,1,1,1,47,2,78.65,56.59,11,31,34,2,164,31,24,0.1973,16192,GET,12,10,1,UNKNOWN_ANOMALY
user-173,2026-09-28 08:58:35.430048,85,697,1025,122054,319321,33,351,20,25,HTTPS,31,5,11,511,74,21,1,0,0,2,52,12,59.76,41.97,22,26,42,15,132,17,48,0.1688,10197,GET,14,4,1,UNKNOWN_ANOMALY
user-019,2026-09-28 08:59:35.430048,89,618,1306,108481,239694,30,295,11,25,HTTP,27,9,8,260,28,11,1,0,0,0,53,11,47.95,76.55,29,25,44,9,119,34,53,0.1786,15005,POST,3,6,1,UNKNOWN_ANOMALY
user-194,2026-09-28 09:00:35.430048,126,384,628,135806,341624,19,277,21,8,TCP,18,11,10,407,60,40,1,0,1,2,65,9,78.44,85.94,33,21,35,12,215,55,49,0.245,14453,GET,2,5,1,UNKNOWN_ANOMALY
user-161,2026-09-28 09:01:35.430048,104,511,722,153908,254971,44,256,13,11,HTTPS,23,11,6,682,29,39,0,1,0,4,49,10,85.05,31.01,43,21,41,11,218,45,53,0.1742,1463,PUT,14,4,1,UNKNOWN_ANOMALY
user-015,2026-09-28 09:02:35.430048,116,478,914,124364,163355,42,365,25,9,SSH,20,8,5,710,23,14,1,0,0,0,49,11,55.52,49.27,34,33,46,14,197,33,33,0.0734,9474,GET,12,11,1,UNKNOWN_ANOMALY
user-154,2026-09-28 09:03:35.430048,115,407,974,148659,435974,30,146,22,9,TCP,17,6,9,170,68,11,0,0,0,0,69,4,54.61,34.84,17,34,18,7,163,16,25,0.1033,3078,POST,5,11,1,UNKNOWN_ANOMALY
user-183,2026-09-28 09:04:35.430048,94,374,1705,95197,434036,44,48,14,28,SSH,19,10,7,875,44,23,0,1,1,1,52,11,85.72,75.72,44,24,61,12,158,23,54,0.2125,12781,GET,10,2,1,UNKNOWN_ANOMALY
user-031,2026-09-28 09:05:35.430048,107,719,1769,100853,317872,38,154,9,10,HTTP,37,9,10,153,51,42,0,0,0,0,74,10,62.18,32.59,20,20,65,5,101,34,33,0.0506,17289,PUT,5,6,1,UNKNOWN_ANOMALY
user-009,2026-09-28 09:06:35.430048,109,491,804,128649,158779,31,91,19,21,DNS,31,11,8,755,63,45,0,1,0,0,71,11,49.29,67.66,32,32,61,5,210,14,45,0.1344,2569,GET,13,8,1,UNKNOWN_ANOMALY
user-137,2026-09-28 09:07:35.430048,82,511,869,115981,312547,42,403,10,27,HTTP,29,6,9,587,76,25,0,0,0,0,63,9,83.68,58.07,23,22,61,5,136,44,31,0.1727,15069,PATCH,5,3,1,UNKNOWN_ANOMALY
user-041,2026-09-28 09:08:35.430048,123,581,1459,156390,185177,30,165,27,18,HTTP,32,9,7,390,39,28,0,0,0,1,59,0,79.24,34.74,12,26,54,12,92,44,14,0.125,13138,GET,14,6,1,UNKNOWN_ANOMALY
user-174,2026-09-28 09:09:35.430048,113,801,742,72727,207729,23,340,20,17,HTTPS,20,9,10,606,26,18,0,0,1,1,64,1,63.54,39.23,11,11,36,7,257,38,43,0.0919,14433,POST,4,7,1,UNKNOWN_ANOMALY
user-160,2026-09-28 09:10:35.430048,84,710,1374,70936,379036,36,234,9,25,HTTPS,16,9,6,457,43,16,0,0,1,1,45,14,68.15,69.82,29,12,26,13,147,22,45,0.083,15341,POST,7,8,1,UNKNOWN_ANOMALY
user-064,2026-09-28 09:11:35.430048,104,613,1220,105478,268532,15,157,16,16,HTTPS,23,5,11,698,77,26,1,0,0,0,57,12,45.66,70.96,32,34,29,9,168,24,23,0.2451,9976,GET,6,1,1,UNKNOWN_ANOMALY
user-153,2026-09-28 09:12:35.430048,104,537,771,86560,287458,34,67,10,29,HTTP,25,8,6,836,36,10,1,0,0,3,36,14,66.11,27.25,12,21,28,11,180,50,32,0.1598,16156,POST,7,10,1,UNKNOWN_ANOMALY
user-064,2026-09-28 09:13:35.430048,85,671,1671,100963,187490,17,34,20,23,HTTPS,27,11,10,221,44,41,0,0,0,1,50,6,46.05,39.94,15,11,50,10,84,27,46,0.0544,3031,GET,2,2,1,UNKNOWN_ANOMALY
user-049,2026-09-28 09:14:35.430048,76,476,916,72444,291719,19,273,21,11,HTTPS,23,7,10,194,22,11,1,0,0,0,38,10,66.27,88.83,27,28,26,13,247,32,40,0.1994,16870,POST,7,2,1,UNKNOWN_ANOMALY
user-006,2026-09-28 09:15:35.430048,109,819,1635,74337,190031,24,185,14,20,TCP,18,9,7,820,55,19,1,1,0,1,56,7,47.47,53.14,18,29,37,12,146,38,51,0.0893,8516,POST,2,2,1,UNKNOWN_ANOMALY
user-070,2026-09-28 09:16:35.430048,79,660,1267,116091,234503,35,275,26,12,HTTPS,37,12,4,772,39,30,1,1,1,1,60,2,47.19,40.6,37,10,64,5,251,57,53,0.0508,739,GET,3,6,1,UNKNOWN_ANOMALY
user-089,2026-09-28 09:17:35.430048,110,730,1562,120028,126456,25,397,19,15,HTTPS,31,6,5,541,68,15,1,0,1,3,72,1,83.37,85.8,39,32,42,3,81,21,33,0.1932,15247,POST,8,6,1,UNKNOWN_ANOMALY
user-074,2026-09-28 09:18:35.430048,85,515,648,88652,447173,36,355,9,10,HTTPS,34,7,5,351,24,42,1,0,0,1,43,14,78.2,34.89,25,23,69,4,134,36,44,0.1779,3858,POST,9,3,1,UNKNOWN_ANOMALY
user-046,2026-09-28 09:19:35.430048,89,418,1782,69874,142432,15,205,27,8,HTTP,20,12,8,874,62,24,0,1,0,2,62,10,85.52,40.79,33,35,63,14,76,19,38,0.2221,12853,GET,6,1,1,UNKNOWN_ANOMALY
user-186,2026-09-28 09:20:35.430048,135,424,1494,147594,389077,44,237,16,19,TCP,35,8,6,289,73,39,0,0,0,0,66,14,66.43,36.9,19,25,56,12,122,38,18,0.1257,1265,GET,9,6,1,UNKNOWN_ANOMALY
user-127,2026-09-28 09:21:35.430048,94,659,804,147369,293018,16,364,12,12,HTTPS,31,9,4,690,33,43,1,0,0,0,66,8,70.28,39.06,33,30,52,3,99,41,52,0.0857,6590,POST,6,8,1,UNKNOWN_ANOMALY
user-019,2026-09-28 09:22:35.430048,114,658,821,89551,358718,21,91,9,20,HTTP,20,7,9,652,44,28,1,0,1,1,66,8,79.33,77.53,32,17,54,5,152,54,35,0.0525,6674,GET,4,6,1,UNKNOWN_ANOMALY
user-109,2026-09-28 09:23:35.430048,99,747,1677,74928,209638,31,371,20,13,SSH,25,8,11,751,63,17,0,0,1,0,47,3,69.01,62.88,31,18,23,2,186,52,22,0.073,5573,POST,8,3,1,UNKNOWN_ANOMALY
user-137,2026-09-28 09:24:35.430048,81,847,1711,149082,354742,13,177,24,10,TCP,36,9,5,378,66,18,1,0,0,0,69,6,53.54,65.64,15,22,66,7,238,25,26,0.1112,14137,PUT,7,5,1,UNKNOWN_ANOMALY
user-049,2026-09-28 09:25:35.430048,129,780,1656,113178,440942,18,398,26,16,HTTPS,35,5,5,498,69,35,1,0,0,0,49,13,52.64,47.31,26,32,60,12,130,53,38,0.2346,4483,GET,10,5,1,UNKNOWN_ANOMALY
user-065,2026-09-28 09:26:35.430048,97,849,1310,99495,217596,35,237,20,17,HTTPS,20,6,11,875,21,13,0,0,0,1,58,13,69.59,42.84,32,20,22,8,256,56,12,0.0576,12129,GET,13,9,1,UNKNOWN_ANOMALY
user-117,2026-09-28 09:27:35.430048,130,695,630,131732,166447,27,237,27,25,HTTPS,33,7,7,605,49,43,1,0,0,1,51,14,49.77,88.91,31,32,20,3,205,13,37,0.2144,517,GET,3,3,1,UNKNOWN_ANOMALY
user-016,2026-09-28 09:28:35.430048,89,797,1315,90049,330912,37,157,28,13,HTTPS,21,4,5,869,65,36,1,1,0,0,34,9,70.6,74.77,16,18,17,6,204,40,19,0.19,4807,POST,3,1,1,UNKNOWN_ANOMALY
user-142,2026-09-28 09:29:35.430048,84,787,1190,98883,293991,44,354,19,29,HTTPS,37,6,11,788,37,21,1,0,0,0,54,12,54.92,62.5,29,11,69,4,70,57,14,0.057,16462,PUT,2,11,1,UNKNOWN_ANOMALY
user-164,2026-09-28 09:30:35.430048,114,390,1073,94666,365044,31,295,17,18,HTTPS,16,7,5,114,47,9,1,0,0,0,60,6,67.54,64.55,14,28,40,8,147,54,16,0.0713,11546,POST,14,2,1,UNKNOWN_ANOMALY
user-004,2026-09-28 09:31:35.430048,132,837,1727,146525,296762,28,243,18,18,HTTPS,18,8,6,511,61,41,0,1,0,0,40,3,57.1,49.57,16,30,55,3,177,21,25,0.0703,8943,POST,7,10,1,UNKNOWN_ANOMALY
user-075,2026-09-28 09:32:35.430048,109,675,1557,72081,386417,41,115,16,15,TCP,40,9,5,473,31,45,0,0,0,1,39,1,66.3,35.32,11,32,14,2,228,33,53,0.0638,15060,GET,3,9,1,UNKNOWN_ANOMALY
user-031,2026-09-28 09:33:35.430048,98,659,1290,77793,302136,24,92,26,25,DNS,18,6,10,270,55,44,0,1,0,0,60,0,47.17,44.19,13,21,65,12,96,34,45,0.1663,13216,PUT,9,4,1,UNKNOWN_ANOMALY
user-115,2026-09-28 09:34:35.430048,110,695,1439,90158,308688,25,378,18,15,TCP,28,8,4,664,67,36,1,1,0,2,62,8,46.32,58.41,14,34,29,3,95,57,48,0.1144,8412,GET,5,3,1,UNKNOWN_ANOMALY
user-123,2026-09-28 09:35:35.430048,111,762,1758,102762,413010,28,387,12,16,TCP,35,11,8,721,38,42,1,0,0,0,66,2,42.39,56.43,36,33,36,10,210,51,45,0.2097,3081,POST,15,10,1,UNKNOWN_ANOMALY
user-175,2026-09-28 09:36:35.430048,112,727,1471,146852,225964,34,134,11,11,HTTPS,28,7,6,251,31,28,0,0,0,0,52,9,62.17,24.77,19,21,66,14,128,42,18,0.0599,13407,GET,8,3,1,UNKNOWN_ANOMALY
user-183,2026-09-28 09:37:35.430048,101,455,761,154953,197355,19,211,12,24,HTTPS,41,5,9,617,77,14,0,0,0,0,54,11,69.36,76.04,38,15,14,11,144,42,20,0.1444,4712,GET,8,9,1,UNKNOWN_ANOMALY
user-184,2026-09-28 09:38:35.430048,95,390,1414,134025,393820,22,234,21,15,TCP,24,12,11,167,21,33,0,0,0,1,69,1,63.28,28.57,26,23,14,5,213,45,41,0.1222,12822,GET,7,9,1,UNKNOWN_ANOMALY
user-036,2026-09-28 09:39:35.430048,128,532,1094,148843,372250,31,376,26,9,HTTP,38,10,4,423,72,20,0,0,1,1,62,14,40.31,23.93,39,21,14,12,162,15,19,0.0842,5112,PATCH,7,7,1,UNKNOWN_ANOMALY
user-010,2026-09-28 09:40:35.430048,117,694,1736,85145,245149,29,135,15,24,HTTPS,20,7,5,834,57,25,1,0,0,2,46,11,58.13,48.86,23,21,51,7,234,26,43,0.2022,7740,GET,10,5,1,UNKNOWN_ANOMALY
user-037,2026-09-28 09:41:35.430048,92,420,951,138575,430440,19,22,16,16,TCP,33,5,4,216,77,25,0,0,0,1,56,3,63.01,24.11,19,17,38,7,178,25,40,0.2055,10092,GET,3,4,1,UNKNOWN_ANOMALY
user-013,2026-09-28 09:42:35.430048,100,684,778,58984,318402,15,254,13,17,DNS,14,8,3,829,30,11,1,1,1,5,59,11,48.03,69.52,29,24,58,8,120,38,55,0.2223,5178,PATCH,6,7,1,UNKNOWN_ANOMALY
user-139,2026-09-28 09:43:35.430048,76,674,1342,98401,210226,31,209,24,12,HTTPS,45,9,9,185,65,40,0,0,0,1,52,8,55.69,61.28,26,33,28,13,124,42,24,0.2252,8599,GET,3,3,1,UNKNOWN_ANOMALY
user-084,2026-09-28 09:44:35.430048,104,501,1746,136632,120067,21,98,11,25,TCP,16,6,11,139,59,35,0,0,1,3,38,4,70.83,26.78,31,32,64,8,198,26,25,0.1393,11909,POST,4,4,1,UNKNOWN_ANOMALY
user-146,2026-09-28 09:45:35.430048,111,369,1227,87700,169821,30,39,24,12,HTTPS,41,5,9,166,37,36,1,0,0,2,53,9,74.57,46.05,14,22,44,13,100,59,44,0.0585,10053,POST,11,10,1,UNKNOWN_ANOMALY
user-067,2026-09-28 09:46:35.430048,104,786,1199,107969,139301,40,355,9,29,SSH,34,11,6,530,69,23,0,0,0,2,66,3,66.19,57.67,12,14,14,9,143,24,51,0.1237,9992,GET,8,6,1,UNKNOWN_ANOMALY
user-198,2026-09-28 09:47:35.430048,94,659,1067,54760,377110,25,57,10,18,HTTPS,18,10,9,824,42,28,0,1,0,1,50,1,52.77,42.52,43,17,34,11,82,26,33,0.0873,10580,GET,10,1,1,UNKNOWN_ANOMALY
user-157,2026-09-28 09:48:35.430048,86,480,1264,88413,237802,44,328,28,14,HTTP,22,6,4,866,29,42,0,0,1,3,54,14,55.5,26.02,42,20,58,11,114,57,52,0.1808,9423,GET,10,9,1,UNKNOWN_ANOMALY
user-111,2026-09-28 09:49:35.430048,104,382,1202,156288,378181,41,191,13,25,HTTPS,33,8,9,873,37,26,1,1,0,0,64,5,89.79,27.18,40,16,48,8,221,36,31,0.2253,14248,POST,5,10,1,UNKNOWN_ANOMALY
user-094,2026-09-28 09:50:35.430048,87,405,1216,68765,300026,37,363,13,9,HTTPS,25,7,8,239,63,18,0,0,1,1,62,5,40.77,24.38,40,33,42,3,106,37,36,0.2479,2376,PATCH,12,2,1,UNKNOWN_ANOMALY
user-030,2026-09-28 09:51:35.430048,108,593,1491,158002,134641,12,310,8,24,HTTP,44,8,3,153,37,12,0,0,1,3,56,3,85.33,45.08,34,18,63,12,77,12,50,0.1902,16741,PUT,7,8,1,UNKNOWN_ANOMALY
user-048,2026-09-28 09:52:35.430048,89,495,1366,150493,408892,41,139,11,17,HTTPS,20,11,12,200,26,8,0,1,0,2,42,5,89.38,33.24,26,26,33,8,177,16,42,0.2463,7721,GET,6,11,1,UNKNOWN_ANOMALY
user-100,2026-09-28 09:53:35.430048,90,638,1004,116454,341807,26,98,11,19,HTTP,13,7,5,395,74,11,0,0,0,2,53,5,59.36,20.08,27,23,69,13,226,35,53,0.2164,16238,POST,13,2,1,UNKNOWN_ANOMALY
user-101,2026-09-28 09:54:35.430048,98,661,791,99867,370770,15,58,24,22,HTTP,44,7,6,128,56,20,1,1,1,6,37,1,63.62,36.47,24,35,34,7,251,42,15,0.0946,11376,GET,6,7,1,UNKNOWN_ANOMALY
user-060,2026-09-28 09:55:35.430048,127,592,796,123750,346108,14,58,15,16,HTTPS,41,9,11,518,61,35,1,0,1,0,53,1,56.25,49.02,19,13,25,7,253,42,16,0.1026,6541,GET,12,1,1,UNKNOWN_ANOMALY
user-090,2026-09-28 09:56:35.430048,107,773,1096,106980,238601,13,418,20,10,DNS,41,5,8,578,66,10,1,0,1,1,67,4,40.49,24.47,20,16,65,12,244,48,31,0.2494,16590,PATCH,11,6,1,UNKNOWN_ANOMALY
user-192,2026-09-28 09:57:35.430048,86,657,613,90932,291899,35,350,12,29,HTTPS,40,8,11,184,32,23,1,0,1,2,42,14,84.22,82.79,26,11,29,10,121,21,40,0.2231,13732,GET,2,3,1,UNKNOWN_ANOMALY
user-192,2026-09-28 09:58:35.430048,125,497,1326,141019,180258,16,367,13,16,HTTP,28,6,10,330,28,12,1,0,0,5,73,2,57.76,51.07,28,14,13,4,168,13,21,0.1006,5954,POST,10,8,1,UNKNOWN_ANOMALY
user-045,2026-09-28 09:59:35.430048,89,589,844,119647,312058,22,209,9,23,SSH,41,10,8,592,61,36,0,1,0,1,60,4,72.78,52.3,20,26,70,5,248,19,50,0.1474,629,PUT,6,11,1,UNKNOWN_ANOMALY
user-198,2026-09-28 10:00:35.430048,82,356,1530,155752,398208,21,264,23,14,TCP,14,4,8,860,38,8,0,0,0,1,34,14,79.71,70.31,42,14,23,6,120,57,25,0.218,4889,GET,3,8,1,UNKNOWN_ANOMALY
user-200,2026-09-28 10:01:35.430048,114,495,1295,155624,151249,23,30,16,20,DNS,25,6,4,600,69,28,1,0,0,0,66,7,43.7,76.46,18,20,34,2,195,25,19,0.0953,5918,GET,6,4,1,UNKNOWN_ANOMALY
user-195,2026-09-28 10:02:35.430048,128,654,1436,108323,364176,34,341,20,13,HTTPS,20,12,3,333,45,34,0,0,1,0,63,10,65.77,85.43,38,26,11,5,199,25,41,0.1084,6202,GET,3,5,1,UNKNOWN_ANOMALY
user-067,2026-09-28 10:03:35.430048,80,480,1509,151852,337962,32,128,9,18,DNS,27,5,10,362,47,31,1,0,1,1,57,14,83.38,81.12,43,19,57,7,150,47,20,0.1829,9651,POST,4,2,1,UNKNOWN_ANOMALY
user-106,2026-09-28 10:04:35.430048,91,534,1529,76256,180869,43,42,11,29,HTTPS,19,7,6,597,63,8,0,1,1,2,48,6,58.91,85.61,18,9,20,10,135,20,13,0.1676,6749,GET,12,8,1,UNKNOWN_ANOMALY
user-195,2026-09-28 10:05:35.430048,86,771,874,54473,207656,15,372,19,13,TCP,25,12,9,492,53,30,1,0,1,4,57,0,41.38,44.67,14,31,61,10,209,19,14,0.2427,708,GET,5,8,1,UNKNOWN_ANOMALY
user-028,2026-09-28 10:06:35.430048,130,840,1612,58150,282000,14,201,15,27,HTTPS,13,9,8,363,64,40,0,0,0,2,45,1,57.97,31.76,32,23,41,5,154,26,47,0.1215,6108,GET,12,11,1,UNKNOWN_ANOMALY
user-149,2026-09-28 10:07:35.430048,129,481,785,142722,347955,44,94,10,17,HTTPS,24,5,5,445,77,38,0,0,1,2,43,14,79.57,84.7,31,19,35,10,239,12,13,0.0809,15562,GET,13,3,1,UNKNOWN_ANOMALY
user-053,2026-09-28 10:08:35.430048,83,383,1022,66565,227981,21,222,15,19,SSH,18,6,11,264,70,24,0,0,1,2,59,1,79.92,26.93,19,23,29,8,178,17,19,0.052,3558,GET,2,3,1,UNKNOWN_ANOMALY
user-184,2026-09-28 10:09:35.430048,118,569,1755,117388,438864,22,61,11,16,SSH,44,6,6,591,41,15,0,0,1,1,49,10,42.43,59.04,37,29,38,14,209,36,22,0.1296,2641,POST,13,8,1,UNKNOWN_ANOMALY
user-018,2026-09-28 10:10:35.430048,97,592,1219,148185,138796,15,70,14,29,HTTPS,40,11,6,474,30,40,0,0,1,4,54,9,89.49,64.25,20,22,61,6,239,26,53,0.0578,14510,PUT,12,9,1,UNKNOWN_ANOMALY
user-057,2026-09-28 10:11:35.430048,110,763,867,106018,128993,24,354,21,10,TCP,27,8,10,250,78,22,1,0,0,1,50,6,74.93,42.15,14,14,59,13,162,26,49,0.1308,11023,POST,13,5,1,UNKNOWN_ANOMALY
user-028,2026-09-28 10:12:35.430048,98,667,919,125473,230906,32,210,25,13,DNS,19,7,6,458,53,25,0,1,0,2,46,3,86.15,35.08,42,29,25,9,178,28,23,0.0507,1861,PUT,8,3,1,UNKNOWN_ANOMALY
user-009,2026-09-28 10:13:35.430048,113,523,1729,145967,331901,30,298,17,27,TCP,15,12,7,93,26,35,0,1,0,0,55,5,85.66,86.91,11,10,32,4,230,51,16,0.1391,13665,GET,10,8,1,UNKNOWN_ANOMALY
user-059,2026-09-28 10:14:35.430048,134,459,723,94746,246106,43,346,24,28,HTTPS,16,12,9,832,62,25,1,0,1,2,59,3,43.85,52.35,15,28,52,8,223,24,44,0.1234,9106,GET,7,4,1,UNKNOWN_ANOMALY
user-143,2026-09-28 10:15:35.430048,108,483,1641,79540,121734,26,244,16,14,HTTP,31,5,7,365,29,14,1,0,0,0,35,8,52.4,85.96,14,20,16,11,123,19,51,0.2145,4412,POST,3,2,1,UNKNOWN_ANOMALY
user-167,2026-09-28 10:16:35.430048,95,844,801,144630,212431,20,249,25,15,DNS,18,11,11,293,27,26,0,0,1,2,56,11,67.9,90.31,12,15,59,10,236,42,18,0.1337,1179,POST,4,5,1,UNKNOWN_ANOMALY
user-102,2026-09-28 10:17:35.430048,82,777,1254,142259,203685,34,35,15,14,TCP,34,8,8,869,69,14,1,0,0,0,51,7,62.36,88.62,27,21,50,8,109,19,53,0.1842,2133,PATCH,3,10,1,UNKNOWN_ANOMALY
user-093,2026-09-28 10:18:35.430048,81,671,923,136181,312302,21,326,13,14,HTTPS,26,5,6,378,48,25,1,1,0,0,46,1,69.85,86.85,29,26,34,4,211,39,41,0.1895,6289,GET,15,8,1,UNKNOWN_ANOMALY
user-030,2026-09-28 10:19:35.430048,100,487,1735,51439,222549,26,133,14,16,SSH,23,12,10,561,71,35,0,0,0,3,46,5,83.28,38.22,31,16,29,7,199,58,43,0.1643,4580,POST,3,7,1,UNKNOWN_ANOMALY
user-001,2026-09-28 10:20:35.430048,85,549,1093,156045,138818,23,61,19,20,HTTPS,37,5,4,689,61,20,0,0,0,1,76,0,61.74,49.93,14,27,33,10,223,15,54,0.0526,5143,GET,5,3,1,UNKNOWN_ANOMALY
user-077,2026-09-28 10:21:35.430048,111,575,1006,62374,162797,19,350,9,24,HTTP,25,7,8,94,63,13,0,0,0,0,53,5,63.96,63.22,14,25,30,11,88,34,19,0.0748,12850,POST,6,11,1,UNKNOWN_ANOMALY
user-026,2026-09-28 10:22:35.430048,86,493,758,152878,182257,30,102,20,11,HTTPS,14,11,6,455,40,13,1,0,0,2,64,4,75.11,64.01,22,15,15,9,105,13,35,0.0749,12987,GET,9,9,1,UNKNOWN_ANOMALY
user-065,2026-09-28 10:23:35.430048,129,456,881,148070,220640,37,29,16,24,HTTPS,30,8,7,578,29,42,1,0,0,2,69,1,64.88,22.12,38,35,21,6,241,20,17,0.1081,5724,GET,2,9,1,UNKNOWN_ANOMALY
user-029,2026-09-28 10:24:35.430048,95,356,1627,102659,195105,21,123,19,16,HTTP,43,7,6,342,35,37,0,0,0,0,60,0,89.84,23.84,15,13,67,9,157,12,28,0.2056,15167,POST,12,9,1,UNKNOWN_ANOMALY
user-059,2026-09-28 10:25:35.430048,106,844,1378,154116,283164,18,83,18,18,DNS,39,4,7,266,32,26,0,0,0,2,63,2,61.58,90.64,17,17,21,10,144,29,45,0.1384,15466,POST,3,6,1,UNKNOWN_ANOMALY
user-058,2026-09-28 10:26:35.430048,114,554,1034,146578,390064,19,334,14,25,TCP,20,8,3,509,57,26,0,0,1,0,63,14,88.72,49.47,36,9,43,12,145,48,46,0.2156,8374,GET,12,2,1,UNKNOWN_ANOMALY
user-049,2026-09-28 10:27:35.430048,122,590,1053,154651,365837,36,328,23,28,SSH,18,11,4,249,28,35,0,1,0,0,64,1,74.32,59.71,11,12,67,5,204,27,23,0.241,8414,GET,13,7,1,UNKNOWN_ANOMALY
user-018,2026-09-28 10:28:35.430048,108,621,1712,64819,367529,36,84,9,9,TCP,27,5,10,701,50,40,0,0,1,1,49,2,70.04,87.75,33,29,20,14,129,27,18,0.1467,4210,POST,7,11,1,UNKNOWN_ANOMALY
user-195,2026-09-28 10:29:35.430048,96,439,678,155611,268570,31,192,17,9,HTTPS,39,11,12,400,69,9,1,0,0,0,47,0,87.72,83.47,38,33,31,7,122,40,40,0.0575,10073,GET,10,1,1,UNKNOWN_ANOMALY
user-061,2026-09-28 10:30:35.430048,108,720,873,67682,294324,17,128,14,28,HTTP,17,6,9,321,77,40,1,0,1,0,51,5,44.94,75.98,40,20,37,10,105,24,39,0.1804,5975,GET,15,6,1,UNKNOWN_ANOMALY
user-126,2026-09-28 10:31:35.430048,87,629,859,81683,309757,24,216,14,20,HTTPS,41,7,4,208,62,34,1,0,0,4,58,2,84.08,54.29,23,17,57,15,181,44,25,0.1403,4752,GET,9,2,1,UNKNOWN_ANOMALY
user-031,2026-09-28 10:32:35.430048,96,685,1451,115755,424234,22,51,26,27,DNS,30,5,12,96,45,43,1,0,1,2,59,10,72.22,90.75,28,10,45,7,92,36,34,0.1426,10945,GET,14,3,1,UNKNOWN_ANOMALY
user-011,2026-09-28 10:33:35.430048,83,748,954,91884,151418,45,404,22,21,TCP,39,10,7,723,42,42,1,0,0,1,42,12,72.09,52.73,25,19,52,12,97,17,23,0.1487,3323,GET,6,4,1,UNKNOWN_ANOMALY
user-150,2026-09-28 10:34:35.430048,110,817,1615,122821,430301,33,291,26,22,HTTPS,31,11,3,665,33,10,0,0,0,2,47,12,55.39,81.32,40,10,32,7,240,40,23,0.1299,7828,GET,5,9,1,UNKNOWN_ANOMALY
user-122,2026-09-28 10:35:35.430048,131,728,1420,125879,283656,41,168,14,29,SSH,20,9,4,362,58,42,0,0,0,3,71,14,40.9,60.21,43,17,62,10,206,27,38,0.2204,5997,GET,13,6,1,UNKNOWN_ANOMALY
user-193,2026-09-28 10:36:35.430048,77,648,1522,146209,163469,33,102,13,9,DNS,23,7,6,847,60,28,0,1,0,4,44,9,42.82,58.8,13,8,39,3,109,14,46,0.176,13954,GET,11,9,1,UNKNOWN_ANOMALY
user-086,2026-09-28 10:37:35.430048,116,693,1725,59239,367488,29,274,8,11,HTTPS,31,12,10,172,76,10,0,0,0,1,51,14,88.29,32.4,16,32,37,13,158,55,26,0.1553,15532,DELETE,7,12,1,UNKNOWN_ANOMALY
user-012,2026-09-28 10:38:35.430048,85,683,1479,91655,179173,44,108,22,12,DNS,34,11,10,195,28,16,1,0,0,0,50,7,57.55,91.35,11,34,19,12,80,27,39,0.1684,9751,POST,12,6,1,UNKNOWN_ANOMALY
user-155,2026-09-28 10:39:35.430048,122,826,1451,126640,307331,19,356,23,15,HTTPS,39,9,7,492,35,15,0,0,1,0,69,14,56.4,31.73,19,18,32,11,182,52,16,0.1334,14818,POST,12,5,1,UNKNOWN_ANOMALY
user-031,2026-09-28 10:40:35.430048,99,753,1737,117632,193927,25,357,12,8,TCP,43,5,8,154,67,44,0,0,0,1,73,1,66.06,26.03,18,13,54,12,195,47,17,0.1281,15514,GET,7,7,1,UNKNOWN_ANOMALY
user-074,2026-09-28 10:41:35.430048,101,483,1469,131718,244892,27,216,8,24,TCP,23,8,6,681,33,10,0,1,0,1,47,8,65.51,42.55,39,12,66,12,190,15,52,0.219,8566,GET,3,8,1,UNKNOWN_ANOMALY
user-009,2026-09-28 10:42:35.430048,125,665,1225,109469,224886,45,124,23,13,DNS,40,6,12,827,25,40,1,0,1,3,39,3,57.7,91.28,25,24,32,10,74,22,17,0.0963,9884,GET,4,8,1,UNKNOWN_ANOMALY
user-140,2026-09-28 10:43:35.430048,134,696,699,110376,345934,19,61,20,9,HTTPS,42,9,4,439,45,26,0,1,0,2,59,3,57.85,32.86,37,17,36,9,259,18,46,0.2116,13587,POST,9,3,1,UNKNOWN_ANOMALY
user-127,2026-09-28 10:44:35.430048,109,733,696,153729,357944,19,354,24,24,HTTPS,41,7,3,464,68,19,0,0,0,2,63,13,74.72,69.46,25,14,22,14,255,20,42,0.2235,16896,POST,8,6,1,UNKNOWN_ANOMALY
user-053,2026-09-28 10:45:35.430048,128,720,722,64850,249493,32,236,22,16,TCP,19,6,5,743,80,9,0,0,1,0,63,1,47.41,35.34,36,10,12,14,147,41,23,0.1377,5887,DELETE,3,11,1,UNKNOWN_ANOMALY
user-178,2026-09-28 10:46:35.430048,122,663,612,78485,385248,16,27,26,30,TCP,39,9,11,237,36,9,1,0,0,0,47,13,80.79,80.1,16,14,24,5,73,45,51,0.0844,10460,GET,3,5,1,UNKNOWN_ANOMALY
user-170,2026-09-28 10:47:35.430048,83,651,1143,63350,266156,19,137,13,28,HTTPS,44,4,10,817,75,45,1,1,0,2,49,5,67.88,48.78,12,25,63,12,189,54,25,0.108,14847,GET,9,2,1,UNKNOWN_ANOMALY
user-199,2026-09-28 10:48:35.430048,79,806,1391,106114,173742,19,243,11,10,HTTPS,16,9,12,326,53,34,0,1,0,1,57,14,64.97,70.87,37,25,42,9,120,56,28,0.0624,17811,GET,8,3,1,UNKNOWN_ANOMALY
user-061,2026-09-28 10:49:35.430048,130,706,1571,67051,209092,18,235,23,24,HTTPS,33,5,7,343,64,27,1,1,1,0,47,6,50.63,51.01,37,23,16,5,82,27,14,0.0785,10636,POST,6,5,1,UNKNOWN_ANOMALY
user-191,2026-09-28 10:50:35.430048,130,681,1620,107083,415054,19,243,28,17,HTTPS,38,7,11,844,21,14,0,1,0,3,49,8,80.17,69.47,41,33,29,11,259,35,22,0.1166,4097,GET,10,9,1,UNKNOWN_ANOMALY
user-164,2026-09-28 10:51:35.430048,83,562,919,92881,128378,44,318,13,10,TCP,24,12,9,751,69,31,1,1,1,1,70,9,88.15,45.84,17,26,24,11,240,44,36,0.1318,11133,GET,4,5,1,UNKNOWN_ANOMALY
user-097,2026-09-28 10:52:35.430048,96,617,1477,135707,245293,27,348,19,18,TCP,34,9,12,660,22,16,1,1,0,3,42,0,43.43,35.28,26,26,31,2,137,50,25,0.1226,3483,GET,8,9,1,UNKNOWN_ANOMALY
user-184,2026-09-28 10:53:35.430048,129,431,1088,83913,370998,19,65,19,16,TCP,33,7,6,814,22,40,0,1,1,1,49,10,80.73,30.57,38,30,13,7,77,18,54,0.2283,17388,GET,10,2,1,UNKNOWN_ANOMALY
user-068,2026-09-28 10:54:35.430048,132,617,1285,70895,171236,41,383,19,10,SSH,21,10,6,358,31,12,0,1,1,0,59,13,67.37,32.23,30,26,40,6,174,16,45,0.0971,10659,POST,3,6,1,UNKNOWN_ANOMALY
user-016,2026-09-28 10:55:35.430048,111,507,1630,52826,155462,17,42,27,27,HTTPS,37,6,12,242,57,8,0,1,0,3,60,10,77.45,46.33,43,20,30,8,148,19,41,0.2376,14385,GET,2,9,1,UNKNOWN_ANOMALY
user-033,2026-09-28 10:56:35.430048,128,727,1601,130443,163823,42,62,21,18,HTTPS,37,5,11,504,61,35,1,0,0,0,61,14,54.7,50.52,39,23,43,10,243,58,55,0.2028,2620,POST,13,6,1,UNKNOWN_ANOMALY
user-075,2026-09-28 10:57:35.430048,105,770,642,80153,143197,12,263,12,29,HTTPS,27,12,7,185,65,10,1,0,1,0,51,10,80.18,32.67,41,30,65,10,206,37,19,0.0628,11738,POST,11,12,1,UNKNOWN_ANOMALY
user-066,2026-09-28 10:58:35.430048,88,743,1204,71509,367744,13,316,17,24,HTTPS,24,6,10,129,28,14,1,1,0,1,51,1,52.57,61.45,14,29,57,8,158,41,25,0.1416,6962,GET,11,8,1,UNKNOWN_ANOMALY
user-164,2026-09-28 10:59:35.430048,128,451,1513,89061,350728,37,161,15,28,HTTPS,13,10,11,591,40,21,0,0,0,1,60,7,59.78,88.14,40,15,35,15,104,29,37,0.2367,15218,PATCH,5,4,1,UNKNOWN_ANOMALY
user-082,2026-09-28 11:00:35.430048,89,494,1052,69625,415633,38,251,22,20,HTTPS,31,9,6,843,37,16,1,0,1,1,43,6,87.4,89.14,36,34,69,7,234,51,51,0.0774,14649,GET,11,10,1,UNKNOWN_ANOMALY
user-057,2026-09-28 11:01:35.430048,88,613,1452,111405,408328,42,219,27,17,HTTP,30,7,5,570,72,38,0,0,0,1,53,1,47.59,72.79,15,29,13,11,110,27,33,0.1333,6387,GET,9,6,1,UNKNOWN_ANOMALY
user-059,2026-09-28 11:02:35.430048,86,694,893,147964,243629,44,313,11,11,SSH,30,8,11,586,43,9,0,0,0,0,39,12,46.95,49.3,17,15,24,4,88,52,38,0.148,9553,GET,3,5,1,UNKNOWN_ANOMALY
user-076,2026-09-28 11:03:35.430048,132,601,1064,120870,149398,17,204,23,21,DNS,43,5,3,759,27,15,0,0,0,0,40,1,72.33,80.42,23,12,49,5,164,42,48,0.2495,17108,GET,9,9,1,UNKNOWN_ANOMALY
user-050,2026-09-28 11:04:35.430048,116,753,647,78727,428420,43,186,13,16,HTTPS,19,8,4,401,49,15,1,0,0,0,61,2,55.76,59.29,26,9,27,10,104,56,22,0.1649,10186,PUT,7,8,1,UNKNOWN_ANOMALY
user-055,2026-09-28 11:05:35.430048,128,591,677,89187,282804,40,395,25,19,HTTPS,31,8,4,195,50,37,0,0,0,1,71,12,70.34,88.59,39,32,15,9,197,36,13,0.1347,7739,GET,15,8,1,UNKNOWN_ANOMALY
user-113,2026-09-28 11:06:35.430048,105,523,877,58353,179130,44,55,18,17,HTTP,13,4,9,273,77,27,1,1,0,1,50,6,47.03,28.3,15,33,24,7,133,23,21,0.1952,2352,GET,4,8,1,UNKNOWN_ANOMALY
user-124,2026-09-28 11:07:35.430048,119,671,1758,149464,339089,35,245,25,19,HTTPS,44,6,11,698,76,34,0,0,1,0,42,9,78.19,84.99,19,28,48,6,120,30,27,0.0842,13020,DELETE,4,5,1,UNKNOWN_ANOMALY
user-141,2026-09-28 11:08:35.430048,117,765,1349,99384,179229,27,224,24,15,SSH,41,10,5,306,79,12,0,1,0,0,66,0,56.86,66.96,15,23,41,3,94,29,46,0.2197,5374,POST,11,8,1,UNKNOWN_ANOMALY
user-103,2026-09-28 11:09:35.430048,128,489,1586,104548,394975,36,406,11,27,SSH,24,10,7,348,63,36,1,0,1,2,46,1,84.23,78.18,42,24,23,7,247,50,31,0.1671,12488,GET,2,11,1,UNKNOWN_ANOMALY
user-071,2026-09-28 11:10:35.430048,113,565,1054,156442,433079,22,296,22,26,TCP,34,8,10,676,39,33,1,0,1,1,47,5,50.52,65.05,16,13,28,2,245,27,32,0.1265,16296,DELETE,2,4,1,UNKNOWN_ANOMALY
user-086,2026-09-28 11:11:35.430048,111,802,923,146134,163999,40,261,15,20,HTTPS,18,4,8,900,26,25,1,0,0,1,49,4,89.75,71.82,38,21,49,11,136,43,24,0.1738,5821,POST,6,3,1,UNKNOWN_ANOMALY
user-029,2026-09-28 11:12:35.430048,81,657,1191,141121,285695,45,322,19,24,SSH,38,6,9,751,50,38,1,0,1,1,44,2,76.84,35.09,39,30,52,8,175,22,38,0.0538,10331,PATCH,11,7,1,UNKNOWN_ANOMALY
user-073,2026-09-28 11:13:35.430048,128,399,1744,56617,174341,18,364,22,24,HTTPS,15,9,10,472,77,39,0,0,0,0,41,4,77.04,72.95,26,34,15,10,154,48,21,0.0834,13835,POST,9,3,1,UNKNOWN_ANOMALY
user-109,2026-09-28 11:14:35.430048,124,495,1175,121643,181013,35,48,21,24,HTTPS,24,7,9,560,63,43,0,1,0,0,30,10,77.04,83.23,11,8,67,11,257,48,54,0.1095,6822,GET,13,9,1,UNKNOWN_ANOMALY
user-124,2026-09-28 11:15:35.430048,90,509,1060,116073,258000,18,86,19,27,HTTPS,41,9,6,317,54,30,1,1,0,3,59,13,54.85,34.73,33,23,40,5,135,38,24,0.1804,7568,POST,7,11,1,UNKNOWN_ANOMALY
user-172,2026-09-28 11:16:35.430048,121,562,1565,149273,356408,41,396,16,20,HTTP,28,5,4,547,73,24,1,0,0,1,58,9,45.69,67.33,21,19,58,12,143,25,43,0.2256,17872,GET,7,9,1,UNKNOWN_ANOMALY
user-087,2026-09-28 11:17:35.430048,101,846,1337,127219,319008,26,176,13,22,TCP,27,9,8,317,52,35,0,0,0,1,56,14,70.86,55.68,12,9,49,3,176,19,22,0.2227,8473,POST,12,7,1,UNKNOWN_ANOMALY
user-037,2026-09-28 11:18:35.430048,85,813,1406,65330,222858,18,290,8,24,HTTPS,38,6,5,702,78,16,0,0,1,0,60,4,44.16,40.55,19,33,57,13,218,52,43,0.1838,15501,GET,5,1,1,UNKNOWN_ANOMALY
user-123,2026-09-28 11:19:35.430048,79,400,1237,52925,342347,37,119,8,26,SSH,15,9,6,554,30,15,0,0,0,2,51,8,61.85,24.2,17,15,51,5,119,44,28,0.0589,8978,POST,6,10,1,UNKNOWN_ANOMALY
user-167,2026-09-28 11:20:35.430048,135,509,822,137185,311586,16,190,12,10,HTTPS,30,6,12,132,74,15,0,1,0,1,61,14,57.26,42.11,29,15,52,5,142,48,46,0.1716,9773,PUT,6,11,1,UNKNOWN_ANOMALY
user-138,2026-09-28 11:21:35.430048,102,605,1721,117797,197306,41,103,9,18,TCP,31,9,9,145,79,38,1,1,0,2,55,13,75.48,23.44,38,21,56,5,142,59,52,0.2477,9661,POST,7,11,1,UNKNOWN_ANOMALY
user-167,2026-09-28 11:22:35.430048,84,543,1745,89827,139936,30,259,26,30,TCP,16,6,8,475,69,24,0,1,0,0,67,1,87.55,27.2,43,24,39,9,244,24,30,0.2004,7225,GET,4,6,1,UNKNOWN_ANOMALY
user-194,2026-09-28 11:23:35.430048,101,768,782,119388,147922,16,249,18,12,HTTPS,36,10,9,865,24,42,0,0,1,1,52,12,73.4,63.53,42,15,35,12,259,36,21,0.1964,4522,GET,4,6,1,UNKNOWN_ANOMALY
user-061,2026-09-28 11:24:35.430048,124,378,1308,74930,207645,40,108,23,22,HTTPS,32,7,11,118,28,16,0,1,1,3,53,0,76.69,47.32,32,10,17,3,196,17,25,0.1042,15856,GET,15,10,1,UNKNOWN_ANOMALY
user-037,2026-09-28 11:25:35.430048,135,715,1030,86930,375963,43,202,14,30,HTTPS,27,12,4,400,26,27,0,0,1,1,47,1,52.77,87.36,39,27,13,4,110,30,15,0.0634,7910,DELETE,11,4,1,UNKNOWN_ANOMALY
user-047,2026-09-28 11:26:35.430048,77,672,1288,99464,131483,36,307,13,28,TCP,24,5,5,592,46,9,0,0,0,1,69,4,78.16,53.57,20,15,61,7,204,55,42,0.1272,9515,GET,3,2,1,UNKNOWN_ANOMALY
user-108,2026-09-28 11:27:35.430048,84,733,1070,151318,316694,26,276,27,26,HTTPS,42,10,12,606,75,39,1,0,1,1,60,7,82.07,42.23,32,27,11,7,234,17,48,0.2428,11901,GET,14,11,1,UNKNOWN_ANOMALY
user-004,2026-09-28 11:28:35.430048,107,694,1019,86237,438840,25,24,23,16,HTTPS,13,10,4,536,61,18,1,1,0,1,43,7,79.2,91.92,40,25,64,15,180,43,18,0.1194,2623,PATCH,8,4,1,UNKNOWN_ANOMALY
user-041,2026-09-28 11:29:35.430048,124,428,1800,97314,162617,22,419,14,20,HTTPS,42,5,4,191,76,38,1,0,0,0,40,10,78.38,57.83,20,22,57,9,116,48,47,0.1039,8927,GET,5,8,1,UNKNOWN_ANOMALY
user-068,2026-09-28 11:30:35.430048,127,515,732,145305,336905,36,280,11,13,HTTPS,42,5,11,776,70,25,1,1,1,2,54,7,55.31,80.84,40,9,62,4,232,32,19,0.0588,2511,GET,5,10,1,UNKNOWN_ANOMALY
user-065,2026-09-28 11:31:35.430048,117,736,619,151997,219351,44,268,14,21,HTTP,12,7,9,730,23,43,1,0,0,1,60,5,82.13,72.63,45,21,42,12,155,33,41,0.0663,4259,PUT,5,1,1,UNKNOWN_ANOMALY
user-193,2026-09-28 11:32:35.430048,87,566,1038,80679,383260,23,282,10,16,HTTPS,25,6,8,465,28,32,1,0,1,2,55,5,61.26,41.51,36,32,12,12,151,12,22,0.2461,4488,GET,7,3,1,UNKNOWN_ANOMALY
user-180,2026-09-28 11:33:35.430048,79,696,1735,54958,381162,35,278,22,22,HTTP,41,4,11,704,70,21,0,0,0,0,68,11,63.91,30.72,24,12,32,15,256,52,25,0.2471,709,PUT,6,3,1,UNKNOWN_ANOMALY
user-095,2026-09-28 11:34:35.430048,124,761,1000,112705,355909,36,312,10,22,HTTPS,34,10,6,670,78,30,0,0,1,2,48,8,66.31,72.97,28,29,24,14,218,13,20,0.1349,4840,POST,12,6,1,UNKNOWN_ANOMALY
user-073,2026-09-28 11:35:35.430048,110,696,696,102438,228130,16,345,18,20,HTTPS,27,5,9,491,60,38,1,0,1,1,45,9,81.37,40.74,37,13,60,5,247,13,53,0.071,17138,GET,8,4,1,UNKNOWN_ANOMALY
user-110,2026-09-28 11:36:35.430048,79,567,870,109507,425150,39,218,14,20,TCP,35,8,9,195,35,25,0,0,0,0,53,14,42.28,29.66,45,11,50,10,218,26,17,0.09,8745,POST,11,10,1,UNKNOWN_ANOMALY
user-112,2026-09-28 11:37:35.430048,110,777,639,70604,156162,42,280,17,10,HTTPS,27,11,9,742,31,38,0,1,1,2,74,13,46.07,48.71,23,21,14,14,178,52,46,0.125,12927,POST,14,9,1,UNKNOWN_ANOMALY
user-038,2026-09-28 11:38:35.430048,95,612,1549,122618,251050,43,416,20,12,HTTPS,35,8,6,315,55,34,0,0,0,0,55,6,42.12,83.72,22,27,24,5,231,29,27,0.1198,2162,GET,14,11,1,UNKNOWN_ANOMALY
user-026,2026-09-28 11:39:35.430048,93,389,1403,51200,247662,31,308,17,28,TCP,32,10,6,440,60,32,1,1,1,1,47,5,50.01,61.77,19,8,13,3,256,26,42,0.2488,15865,GET,11,4,1,UNKNOWN_ANOMALY
user-093,2026-09-28 11:40:35.430048,114,504,862,95583,168628,16,315,18,19,HTTP,25,10,10,839,33,26,0,0,1,1,45,9,44.33,46.2,24,15,63,11,164,21,34,0.2359,12295,GET,6,6,1,UNKNOWN_ANOMALY
user-123,2026-09-28 11:41:35.430048,135,826,895,52476,447437,21,113,15,8,SSH,22,11,6,567,64,22,0,1,0,2,52,5,48.11,67.95,20,26,19,11,227,44,18,0.1707,12601,DELETE,12,8,1,UNKNOWN_ANOMALY
user-195,2026-09-28 11:42:35.430048,122,641,1410,81173,401839,22,156,15,23,SSH,22,9,5,203,71,17,0,0,0,0,49,11,42.94,64.76,19,17,46,8,207,40,35,0.1982,15285,GET,2,9,1,UNKNOWN_ANOMALY
user-063,2026-09-28 11:43:35.430048,117,812,1355,137487,215151,42,32,11,9,DNS,45,7,6,106,39,44,0,0,0,3,58,7,51.7,33.46,19,20,12,5,206,37,26,0.0554,4642,GET,12,5,1,UNKNOWN_ANOMALY
user-057,2026-09-28 11:44:35.430048,91,781,919,119959,353289,23,313,20,18,HTTP,22,8,10,271,39,42,1,0,0,2,60,6,54.79,62.31,24,13,14,8,103,26,15,0.134,12462,GET,10,11,1,UNKNOWN_ANOMALY
user-102,2026-09-28 11:45:35.430048,87,413,744,137748,368975,24,78,14,22,HTTPS,12,8,6,116,43,43,0,0,1,1,50,5,52.46,43.26,21,21,44,11,99,43,29,0.1069,12237,PATCH,3,10,1,UNKNOWN_ANOMALY
user-191,2026-09-28 11:46:35.430048,104,538,1130,112203,348644,28,146,25,22,SSH,16,6,11,413,24,18,0,0,0,1,44,1,88.2,20.35,33,9,27,7,243,13,16,0.1557,8064,GET,12,11,1,UNKNOWN_ANOMALY
user-005,2026-09-28 11:47:35.430048,121,419,707,148664,421663,28,200,25,26,HTTPS,45,9,10,530,49,14,1,0,0,2,53,7,46.94,48.45,11,9,10,11,101,20,36,0.1828,6917,GET,14,8,1,UNKNOWN_ANOMALY
user-118,2026-09-28 11:48:35.430048,135,675,1769,129263,196068,20,307,20,18,DNS,12,12,6,751,45,25,1,0,0,1,51,14,80.8,76.01,25,29,36,8,196,43,32,0.2145,12222,GET,3,8,1,UNKNOWN_ANOMALY
user-121,2026-09-28 11:49:35.430048,128,365,1247,53442,128633,22,161,17,18,DNS,17,9,4,158,35,26,1,0,0,2,33,11,77.36,88.97,41,30,63,14,233,27,39,0.2272,9563,PATCH,4,3,1,UNKNOWN_ANOMALY
user-044,2026-09-28 11:50:35.430048,112,746,623,65932,143732,32,352,11,28,HTTP,31,8,7,801,48,8,0,0,1,4,47,1,87.51,50.45,30,11,20,14,87,43,45,0.2068,6689,GET,5,7,1,UNKNOWN_ANOMALY
user-071,2026-09-28 11:51:35.430048,113,692,1271,158299,130300,26,353,9,16,HTTPS,20,8,4,626,37,37,1,0,0,1,42,3,60.51,27.14,23,17,32,10,121,40,48,0.1731,14791,PUT,5,11,1,UNKNOWN_ANOMALY
user-103,2026-09-28 11:52:35.430048,133,623,1469,80166,147610,13,32,13,16,HTTP,38,9,8,806,70,37,0,0,0,2,47,5,51.23,58.08,31,12,12,8,110,42,23,0.2199,14224,POST,10,2,1,UNKNOWN_ANOMALY
user-147,2026-09-28 11:53:35.430048,78,515,901,78809,411538,16,141,25,22,SSH,13,8,8,168,41,27,0,0,0,0,34,5,82.38,68.32,22,19,69,9,79,40,18,0.1816,17115,GET,15,3,1,UNKNOWN_ANOMALY
user-158,2026-09-28 11:54:35.430048,93,795,1457,120844,148869,19,326,19,18,HTTPS,23,12,6,858,40,12,0,0,1,2,43,4,65.68,57.42,42,11,47,10,118,52,32,0.1638,16243,GET,11,11,1,UNKNOWN_ANOMALY
user-040,2026-09-28 11:55:35.430048,124,389,1025,112558,386964,17,252,18,27,DNS,17,8,11,787,49,11,0,1,0,0,65,11,59.09,35.05,43,30,37,8,177,38,46,0.1865,9756,GET,5,1,1,UNKNOWN_ANOMALY
user-100,2026-09-28 11:56:35.430048,105,576,881,112285,152867,25,170,15,18,HTTPS,38,5,4,351,71,18,0,1,0,2,44,8,88.76,40.74,14,28,24,14,129,23,21,0.0854,5133,POST,8,1,1,UNKNOWN_ANOMALY
user-055,2026-09-28 11:57:35.430048,106,454,1300,144025,319520,14,96,17,13,SSH,23,6,4,836,45,45,0,0,0,2,44,11,56.91,68.23,18,8,68,3,112,35,38,0.234,1272,GET,8,2,1,UNKNOWN_ANOMALY
user-125,2026-09-28 11:58:35.430048,76,723,815,89885,423051,23,131,10,28,SSH,15,9,4,114,42,37,1,1,0,3,49,13,80.63,57.77,34,17,53,8,136,36,44,0.0635,5156,GET,8,7,1,UNKNOWN_ANOMALY
user-164,2026-09-28 11:59:35.430048,114,422,1270,59094,250011,37,217,14,21,HTTPS,17,4,6,890,68,16,1,0,1,1,49,11,60.65,56.03,33,10,33,13,258,18,23,0.2214,11127,PUT,7,10,1,UNKNOWN_ANOMALY
user-197,2026-09-28 12:00:35.430048,116,570,951,143573,178122,33,318,13,9,HTTPS,37,7,8,221,27,19,1,1,0,1,37,2,66.12,32.92,38,32,45,9,220,44,31,0.2179,14803,GET,9,7,1,UNKNOWN_ANOMALY
user-150,2026-09-28 12:01:35.430048,86,767,763,54866,230360,35,279,16,20,SSH,20,4,10,179,70,11,1,0,1,0,32,7,67.63,38.18,43,11,63,4,150,22,45,0.1957,665,PUT,5,3,1,UNKNOWN_ANOMALY
user-198,2026-09-28 12:02:35.430048,100,636,1507,55014,233371,26,72,22,22,TCP,35,7,9,633,56,18,0,0,1,1,61,13,54.77,44.27,18,9,53,10,137,13,33,0.1546,15510,GET,9,1,1,UNKNOWN_ANOMALY
user-078,2026-09-28 12:03:35.430048,101,451,796,115475,288364,25,146,21,9,HTTPS,27,5,12,276,46,21,0,0,0,2,56,9,57.17,55.11,20,24,40,2,86,51,27,0.2009,13342,GET,10,3,1,UNKNOWN_ANOMALY
user-183,2026-09-28 12:04:35.430048,77,464,980,112415,220154,29,247,28,28,HTTPS,45,11,4,223,25,33,0,0,0,2,59,2,80.02,71.23,10,22,60,11,99,32,17,0.1649,10185,GET,11,10,1,UNKNOWN_ANOMALY
user-060,2026-09-28 12:05:35.430048,97,715,1569,150167,139195,31,221,10,19,HTTPS,40,8,3,194,30,21,1,0,0,0,45,14,68.76,73.25,41,33,39,10,178,15,21,0.1404,3120,GET,11,7,1,UNKNOWN_ANOMALY
user-101,2026-09-28 12:06:35.430048,85,821,664,50011,253743,39,369,25,30,HTTPS,29,11,12,748,76,24,1,0,0,1,46,12,76.17,76.43,27,24,53,2,210,38,44,0.2384,1016,GET,7,2,1,UNKNOWN_ANOMALY
user-081,2026-09-28 12:07:35.430048,80,744,1108,130549,250483,27,63,22,9,TCP,27,10,7,637,40,24,0,0,1,1,58,6,42.78,51.66,16,16,33,12,96,48,25,0.0832,2699,GET,14,7,1,UNKNOWN_ANOMALY
user-062,2026-09-28 12:08:35.430048,133,720,957,52754,426124,42,343,22,23,HTTP,42,11,6,724,71,43,0,0,0,1,54,4,44.79,87.97,28,19,66,13,150,47,14,0.1355,4201,POST,9,12,1,UNKNOWN_ANOMALY
user-158,2026-09-28 12:09:35.430048,133,366,1000,89083,352094,39,302,12,24,HTTPS,35,8,7,772,49,39,0,0,0,1,41,5,45.45,68.36,37,30,32,9,236,16,26,0.0914,8563,DELETE,2,5,1,UNKNOWN_ANOMALY
user-072,2026-09-28 12:10:35.430048,118,429,762,79707,248604,22,402,15,27,HTTPS,28,10,11,694,25,20,0,0,1,1,50,3,77.86,87.64,37,21,50,9,215,50,20,0.2085,15037,GET,12,10,1,UNKNOWN_ANOMALY
user-044,2026-09-28 12:11:35.430048,80,805,1775,108162,238512,26,78,15,18,DNS,44,8,10,517,66,26,0,1,0,3,64,4,54.67,57.07,39,29,57,7,200,41,40,0.153,14840,PUT,5,11,1,UNKNOWN_ANOMALY
user-165,2026-09-28 12:12:35.430048,95,551,984,119395,318641,19,378,11,9,HTTP,24,5,5,864,74,30,1,0,1,2,48,5,47.0,73.91,33,29,38,7,92,45,33,0.1374,5831,GET,3,4,1,UNKNOWN_ANOMALY
user-005,2026-09-28 12:13:35.430048,125,406,1172,124928,163977,41,366,22,24,HTTP,44,11,9,419,24,45,0,0,0,2,59,13,88.95,65.62,37,18,61,11,82,21,22,0.1371,11278,PUT,12,3,1,UNKNOWN_ANOMALY
user-170,2026-09-28 12:14:35.430048,106,548,1211,153725,366212,24,399,18,14,HTTPS,23,4,8,107,69,9,0,1,1,3,57,9,55.15,67.69,36,12,15,10,149,47,54,0.1421,2849,POST,6,5,1,UNKNOWN_ANOMALY
user-113,2026-09-28 12:15:35.430048,91,502,1383,151927,255677,20,244,25,25,HTTPS,26,9,3,569,20,15,1,0,1,0,53,13,76.35,63.65,25,21,61,7,185,52,44,0.0563,6112,GET,14,10,1,UNKNOWN_ANOMALY
user-001,2026-09-28 12:16:35.430048,104,822,1439,54029,348926,29,343,12,15,SSH,30,7,5,639,63,15,0,1,0,1,49,10,87.93,90.01,24,35,47,14,144,36,47,0.152,11631,POST,4,2,1,UNKNOWN_ANOMALY
user-196,2026-09-28 12:17:35.430048,102,779,1385,138593,187022,31,24,13,12,HTTPS,20,12,11,370,32,38,0,0,1,0,65,1,67.04,40.12,23,27,25,4,88,36,44,0.2477,7965,GET,6,11,1,UNKNOWN_ANOMALY
user-186,2026-09-28 12:18:35.430048,111,449,1032,86295,278830,25,263,9,12,HTTP,24,5,8,142,38,9,0,0,0,3,65,12,86.61,63.39,35,25,36,2,127,42,21,0.0744,1932,GET,3,9,1,UNKNOWN_ANOMALY
user-051,2026-09-28 12:19:35.430048,77,652,631,103568,335286,20,229,21,20,DNS,33,8,6,360,31,16,1,0,1,1,52,12,43.56,61.43,22,9,68,5,189,17,42,0.1922,13983,GET,6,2,1,UNKNOWN_ANOMALY
user-083,2026-09-28 12:20:35.430048,77,759,702,59069,300277,15,132,11,12,HTTPS,28,10,5,690,50,24,0,1,0,0,78,7,79.71,77.42,14,27,27,4,100,30,53,0.2246,12507,GET,10,4,1,UNKNOWN_ANOMALY
user-035,2026-09-28 12:21:35.430048,131,445,1349,65154,120826,41,190,13,13,HTTPS,13,7,4,418,45,29,0,0,1,1,35,5,41.41,75.86,20,35,16,10,110,24,23,0.2071,15456,GET,13,7,1,UNKNOWN_ANOMALY
user-165,2026-09-28 12:22:35.430048,91,462,1796,117442,247575,15,265,19,14,HTTP,31,12,7,878,26,37,0,1,1,1,40,2,86.71,33.87,18,32,59,6,167,57,15,0.0517,2326,POST,6,7,1,UNKNOWN_ANOMALY
user-164,2026-09-28 12:23:35.430048,96,371,630,133016,243490,18,169,27,13,HTTPS,26,7,12,720,64,22,0,0,1,1,52,12,52.89,23.95,18,18,12,11,76,50,21,0.1933,14030,POST,12,12,1,UNKNOWN_ANOMALY
user-087,2026-09-28 12:24:35.430048,107,374,1696,50080,381956,28,31,8,11,SSH,27,5,3,148,37,34,0,1,0,1,61,10,43.12,50.44,28,15,32,8,128,48,47,0.1694,9318,POST,4,4,1,UNKNOWN_ANOMALY
user-079,2026-09-28 12:25:35.430048,80,618,1474,55955,429302,21,183,22,25,DNS,33,9,10,351,35,42,1,0,1,1,60,4,54.32,84.37,22,25,67,6,70,56,43,0.1099,8989,POST,8,4,1,UNKNOWN_ANOMALY
user-091,2026-09-28 12:26:35.430048,120,743,1599,129946,242275,20,128,15,14,DNS,37,7,11,438,75,20,1,0,1,1,54,12,51.73,79.14,21,16,11,6,81,24,53,0.0616,7822,GET,10,5,1,UNKNOWN_ANOMALY
user-025,2026-09-28 12:27:35.430048,108,774,1789,89180,145209,16,308,23,22,DNS,36,12,5,160,74,29,0,0,0,3,61,3,79.7,23.68,33,35,26,8,153,56,13,0.1048,13605,GET,7,6,1,UNKNOWN_ANOMALY
user-185,2026-09-28 12:28:35.430048,81,651,675,101366,422135,36,267,21,22,HTTPS,40,9,10,151,41,30,1,1,1,0,40,8,72.98,39.37,19,19,42,12,208,29,20,0.2381,12540,POST,3,5,1,UNKNOWN_ANOMALY
user-130,2026-09-28 12:29:35.430048,118,739,1536,156910,172380,35,96,12,18,HTTPS,28,12,7,377,67,43,0,0,0,1,44,10,72.58,59.47,16,17,11,7,124,21,37,0.0647,15011,PUT,13,4,1,UNKNOWN_ANOMALY
user-184,2026-09-28 12:30:35.430048,120,494,871,111172,335515,21,336,23,21,HTTPS,43,7,5,112,62,9,1,1,0,0,56,0,52.16,56.16,40,9,60,11,233,58,27,0.0895,9960,GET,4,8,1,UNKNOWN_ANOMALY
user-189,2026-09-28 12:31:35.430048,112,761,967,63704,260848,28,337,18,17,HTTPS,14,7,8,409,45,25,1,0,1,2,69,7,87.33,42.13,41,30,36,12,128,40,19,0.0922,3386,GET,5,7,1,UNKNOWN_ANOMALY
user-155,2026-09-28 12:32:35.430048,124,440,1746,113574,334598,29,151,24,19,HTTPS,45,9,7,475,64,15,1,1,1,0,60,14,86.31,80.6,41,33,14,5,253,16,34,0.239,2081,PATCH,13,9,1,UNKNOWN_ANOMALY
user-041,2026-09-28 12:33:35.430048,116,656,1121,135710,392666,13,100,27,28,TCP,33,5,11,366,71,13,0,0,1,2,64,3,62.37,71.79,44,18,15,6,216,29,27,0.1099,647,GET,3,5,1,UNKNOWN_ANOMALY
user-092,2026-09-28 12:34:35.430048,82,773,1459,122008,277824,13,378,24,23,HTTPS,30,12,10,736,67,45,1,0,0,2,36,6,74.72,28.54,38,10,56,14,166,40,29,0.0752,14963,GET,8,2,1,UNKNOWN_ANOMALY
user-132,2026-09-28 12:35:35.430048,80,517,1193,79747,172976,40,152,12,23,HTTPS,36,5,9,569,20,10,1,1,0,1,46,9,57.92,89.83,16,21,27,13,79,40,26,0.1405,5869,DELETE,15,3,1,UNKNOWN_ANOMALY
user-161,2026-09-28 12:36:35.430048,82,706,1370,155079,241677,17,187,17,13,TCP,29,5,6,777,78,29,1,0,0,1,57,13,52.88,29.57,45,28,24,11,97,33,45,0.2494,6278,POST,14,4,1,UNKNOWN_ANOMALY
user-100,2026-09-28 12:37:35.430048,88,538,1372,84481,395401,44,149,28,14,HTTPS,12,5,7,871,35,43,0,1,0,1,73,12,58.01,37.7,12,27,57,14,141,54,46,0.1344,6914,GET,6,8,1,UNKNOWN_ANOMALY
user-058,2026-09-28 12:38:35.430048,76,749,1294,155615,172443,31,314,13,27,DNS,14,8,4,271,73,11,0,0,0,0,44,11,43.01,84.24,39,33,45,13,118,57,44,0.1076,9426,POST,15,8,1,UNKNOWN_ANOMALY
user-047,2026-09-28 12:39:35.430048,133,357,1516,105307,449677,29,269,18,25,DNS,25,12,10,806,26,8,0,0,1,2,52,6,51.96,59.85,35,15,66,8,190,20,37,0.2238,9035,POST,6,7,1,UNKNOWN_ANOMALY
user-189,2026-09-28 12:40:35.430048,112,803,1363,126672,364895,40,28,9,23,DNS,42,8,3,696,51,26,0,1,0,0,56,3,41.85,67.45,29,13,64,12,138,60,19,0.2483,10779,POST,7,2,1,UNKNOWN_ANOMALY
user-031,2026-09-28 12:41:35.430048,83,392,666,85802,205933,32,133,17,13,HTTP,27,9,5,625,39,36,1,0,0,2,39,9,41.56,62.79,22,16,16,14,178,30,51,0.2446,13256,GET,3,4,1,UNKNOWN_ANOMALY
user-020,2026-09-28 12:42:35.430048,106,650,864,138847,185039,16,273,12,21,TCP,16,10,11,585,61,25,0,0,1,1,57,12,50.1,73.52,43,21,13,7,127,23,30,0.0729,1918,GET,12,2,1,UNKNOWN_ANOMALY
user-200,2026-09-28 12:43:35.430048,109,464,879,117660,211222,35,379,15,12,HTTPS,21,11,11,698,64,25,0,0,1,1,61,3,40.64,81.16,27,23,60,4,86,57,28,0.0903,6146,GET,14,8,1,UNKNOWN_ANOMALY
user-037,2026-09-28 12:44:35.430048,102,487,821,50195,275709,40,320,15,10,HTTPS,28,5,6,228,22,33,0,0,1,1,54,9,80.28,71.93,30,30,66,10,201,30,24,0.1755,15319,GET,9,3,1,UNKNOWN_ANOMALY
user-194,2026-09-28 12:45:35.430048,80,391,935,138265,150222,20,404,12,12,HTTPS,21,6,7,514,35,33,1,1,1,3,66,4,75.32,83.87,30,9,16,3,197,60,18,0.186,5764,DELETE,4,6,1,UNKNOWN_ANOMALY
user-184,2026-09-28 12:46:35.430048,98,615,984,151424,253227,17,33,26,20,HTTPS,30,5,5,740,69,34,0,0,0,0,47,5,48.25,44.36,12,23,68,12,155,19,32,0.233,17670,GET,11,9,1,UNKNOWN_ANOMALY
user-092,2026-09-28 12:47:35.430048,133,674,1775,115610,199186,25,222,26,23,HTTPS,41,10,6,538,71,26,0,1,0,2,53,7,61.75,81.76,13,20,66,3,158,18,19,0.141,3479,POST,11,5,1,UNKNOWN_ANOMALY
user-180,2026-09-28 12:48:35.430048,90,844,1674,69893,257443,44,418,25,9,HTTPS,34,7,11,246,58,19,1,0,0,1,49,1,62.77,25.25,43,12,24,13,256,29,23,0.2431,10131,GET,14,3,1,UNKNOWN_ANOMALY
user-147,2026-09-28 12:49:35.430048,76,416,1500,91039,230208,32,97,22,23,HTTPS,34,7,4,160,30,41,0,0,1,3,49,8,56.2,85.56,33,15,67,6,255,32,28,0.2339,12089,GET,11,5,1,UNKNOWN_ANOMALY
user-132,2026-09-28 12:50:35.430048,125,397,1736,130932,248878,34,22,20,20,HTTPS,43,5,8,291,63,8,1,0,0,2,43,14,67.19,74.65,42,34,43,3,136,43,44,0.0639,1530,GET,8,2,1,UNKNOWN_ANOMALY
user-146,2026-09-28 12:51:35.430048,104,733,1493,111705,270158,43,259,15,26,SSH,26,9,4,313,25,38,1,0,1,0,50,14,41.82,72.95,14,28,11,8,79,29,46,0.1022,2293,GET,11,1,1,UNKNOWN_ANOMALY
user-031,2026-09-28 12:52:35.430048,118,643,899,103116,351969,30,346,15,9,HTTPS,27,6,5,421,34,19,1,0,0,1,54,14,51.89,71.99,24,27,65,11,159,32,19,0.2248,14744,GET,6,9,1,UNKNOWN_ANOMALY
user-023,2026-09-28 12:53:35.430048,129,621,959,97219,283851,39,243,14,19,HTTPS,14,11,3,424,30,35,0,1,1,0,72,8,43.3,52.2,43,9,48,9,197,37,16,0.2304,3278,GET,15,12,1,UNKNOWN_ANOMALY
user-043,2026-09-28 12:54:35.430048,134,478,733,106471,346359,36,49,15,10,TCP,45,8,11,562,45,39,1,0,0,1,60,2,72.53,50.05,22,11,63,11,227,33,53,0.1289,10830,POST,10,4,1,UNKNOWN_ANOMALY
user-135,2026-09-28 12:55:35.430048,108,721,1168,141067,305569,27,396,9,25,HTTPS,20,6,3,753,65,22,0,1,1,1,68,6,56.58,30.21,30,27,37,12,204,45,20,0.0699,10861,PUT,4,11,1,UNKNOWN_ANOMALY
user-171,2026-09-28 12:56:35.430048,121,645,1493,77402,159796,25,247,11,24,HTTP,12,7,4,729,53,27,0,0,0,2,65,13,53.44,65.41,44,24,24,10,239,48,21,0.2244,7528,GET,13,3,1,UNKNOWN_ANOMALY
user-167,2026-09-28 12:57:35.430048,112,658,839,118745,153960,20,248,22,23,HTTPS,32,4,10,90,25,32,1,0,0,1,76,1,47.49,77.45,40,28,38,8,158,41,26,0.1521,1250,GET,14,8,1,UNKNOWN_ANOMALY
user-128,2026-09-28 12:58:35.430048,106,551,1525,148847,447904,18,100,12,18,HTTP,19,6,7,682,33,25,1,0,0,1,72,9,79.52,23.0,35,25,31,14,200,25,16,0.2265,10690,PUT,3,6,1,UNKNOWN_ANOMALY
user-069,2026-09-28 12:59:35.430048,121,411,1474,109108,126618,28,67,9,28,SSH,32,9,10,372,78,15,0,0,0,0,49,1,88.04,46.98,41,19,57,8,196,24,25,0.2083,5444,DELETE,12,9,1,UNKNOWN_ANOMALY
user-139,2026-09-28 13:00:35.430048,81,496,942,118286,146641,21,286,13,18,TCP,45,4,7,648,63,41,0,1,1,1,47,4,62.63,87.79,43,15,49,2,147,44,28,0.0764,13527,GET,10,4,1,UNKNOWN_ANOMALY
user-103,2026-09-28 13:01:35.430048,87,840,1574,119882,416032,24,120,13,14,HTTP,16,9,4,857,70,29,1,1,0,1,59,0,51.11,45.12,38,26,56,14,210,30,20,0.0567,16694,POST,7,10,1,UNKNOWN_ANOMALY
user-062,2026-09-28 13:02:35.430048,76,652,1798,148331,284046,12,253,20,16,TCP,33,9,6,89,76,45,0,1,0,2,71,13,44.91,61.23,44,13,39,12,201,24,33,0.1221,3544,GET,3,2,1,UNKNOWN_ANOMALY
user-145,2026-09-28 13:03:35.430048,105,753,858,53352,373579,35,411,15,28,SSH,34,10,10,461,52,41,0,1,0,2,54,4,72.88,65.69,13,13,42,10,149,16,16,0.1634,6067,GET,4,5,1,UNKNOWN_ANOMALY
user-067,2026-09-28 13:04:35.430048,132,555,1025,79730,322084,15,216,28,25,HTTP,32,8,8,829,60,18,0,0,0,0,44,9,79.11,24.5,16,17,43,10,135,38,53,0.0647,10899,DELETE,7,7,1,UNKNOWN_ANOMALY
user-054,2026-09-28 13:05:35.430048,128,781,1384,91401,296410,27,156,9,18,HTTP,38,8,3,253,48,43,0,0,0,1,60,7,43.84,66.61,25,31,23,15,159,20,38,0.153,13588,POST,8,2,1,UNKNOWN_ANOMALY
user-049,2026-09-28 13:06:35.430048,84,355,1606,103204,438556,24,313,16,18,HTTPS,27,8,6,723,56,17,0,1,0,2,74,1,52.88,58.56,28,25,55,6,174,15,35,0.1374,1036,GET,3,11,1,UNKNOWN_ANOMALY
user-078,2026-09-28 13:07:35.430048,120,438,1739,92838,192742,13,391,20,27,TCP,42,6,11,609,47,28,0,1,0,2,49,13,71.66,84.87,16,22,14,3,144,20,22,0.0672,11136,POST,14,3,1,UNKNOWN_ANOMALY
user-006,2026-09-28 13:08:35.430048,116,813,1242,104914,233585,31,364,27,28,HTTP,14,9,5,812,32,42,0,0,0,3,49,14,55.87,32.46,31,22,31,8,91,38,24,0.0702,8079,PUT,13,3,1,UNKNOWN_ANOMALY
user-086,2026-09-28 13:09:35.430048,98,500,862,109532,122738,41,40,21,27,HTTPS,35,4,11,314,72,28,0,0,1,1,52,6,44.13,51.47,35,24,31,10,137,52,15,0.1642,12683,DELETE,4,7,1,UNKNOWN_ANOMALY
user-147,2026-09-28 13:10:35.430048,105,620,610,143772,278159,21,290,14,15,HTTPS,18,6,10,280,74,14,1,0,0,1,60,5,44.45,70.35,42,35,25,7,167,27,42,0.1013,1493,POST,5,6,1,UNKNOWN_ANOMALY
user-133,2026-09-28 13:11:35.430048,122,611,876,132501,368601,14,280,20,19,HTTPS,24,6,6,294,66,28,0,1,0,2,59,2,89.49,25.31,24,22,38,11,101,20,39,0.0909,12298,GET,4,9,1,UNKNOWN_ANOMALY
user-036,2026-09-28 13:12:35.430048,122,654,1703,67135,133175,39,237,11,13,HTTPS,43,9,11,158,79,15,1,0,1,1,47,8,40.75,22.53,32,13,41,15,179,50,43,0.1198,16415,POST,12,4,1,UNKNOWN_ANOMALY
user-085,2026-09-28 13:13:35.430048,91,466,722,79922,351883,32,250,18,19,HTTPS,12,5,6,332,31,41,0,0,0,0,68,14,53.76,35.53,34,12,55,8,87,16,31,0.0574,15455,POST,7,3,1,UNKNOWN_ANOMALY
user-115,2026-09-28 13:14:35.430048,88,397,1300,91442,207868,23,306,26,18,HTTPS,14,7,10,527,56,35,1,0,1,0,64,13,83.56,37.74,42,31,50,13,172,43,21,0.1287,5728,PUT,14,11,1,UNKNOWN_ANOMALY
user-044,2026-09-28 13:15:35.430048,94,802,1219,136428,259898,42,370,24,13,DNS,45,6,12,888,78,19,0,1,1,2,59,0,66.48,56.68,15,28,27,4,78,30,41,0.2211,2782,GET,7,7,1,UNKNOWN_ANOMALY
user-178,2026-09-28 13:16:35.430048,78,625,742,54224,350577,15,223,22,11,HTTPS,37,5,8,777,58,37,1,0,0,2,56,12,56.57,56.36,43,26,28,14,171,17,48,0.1538,5357,GET,11,9,1,UNKNOWN_ANOMALY
user-103,2026-09-28 13:17:35.430048,104,434,871,93358,287868,25,121,18,21,HTTPS,32,9,9,679,27,14,0,1,1,1,55,13,48.64,38.3,41,27,21,6,83,26,42,0.1143,14880,GET,11,10,1,UNKNOWN_ANOMALY
user-140,2026-09-28 13:18:35.430048,133,425,1266,143873,434710,17,403,13,18,HTTPS,44,12,12,844,39,37,0,1,0,1,48,3,70.08,64.85,37,12,26,14,191,33,53,0.2173,2582,GET,6,9,1,UNKNOWN_ANOMALY
user-180,2026-09-28 13:19:35.430048,104,485,1786,57283,271916,17,219,28,16,HTTP,23,7,4,579,63,10,0,0,1,1,49,6,63.84,39.9,22,8,62,9,96,18,32,0.055,17518,GET,8,3,1,UNKNOWN_ANOMALY
user-075,2026-09-28 13:20:35.430048,126,365,1407,66142,398639,17,180,18,19,HTTPS,35,4,4,758,56,15,1,0,1,1,56,14,85.52,31.41,17,34,47,12,210,14,16,0.231,4516,GET,9,4,1,UNKNOWN_ANOMALY
user-181,2026-09-28 13:21:35.430048,78,416,1014,112020,229639,33,305,26,18,HTTPS,40,8,11,686,35,29,1,0,0,0,45,1,46.65,75.63,34,8,22,12,107,15,55,0.1157,17341,GET,3,11,1,UNKNOWN_ANOMALY
user-177,2026-09-28 13:22:35.430048,84,764,1760,140587,410631,26,322,12,29,TCP,13,7,11,335,62,16,1,0,1,0,59,12,40.83,68.05,15,19,20,12,255,34,24,0.167,17597,POST,3,3,1,UNKNOWN_ANOMALY
user-183,2026-09-28 13:23:35.430048,112,701,883,80997,314210,32,136,24,21,HTTPS,23,7,5,743,73,33,0,1,0,0,43,6,56.15,30.59,39,10,51,13,127,13,41,0.2239,15248,POST,9,2,1,UNKNOWN_ANOMALY
user-118,2026-09-28 13:24:35.430048,123,737,1672,157740,433859,36,168,8,13,SSH,24,6,12,245,76,45,0,1,1,2,51,2,86.78,88.77,33,21,25,13,255,35,27,0.223,17345,POST,10,8,1,UNKNOWN_ANOMALY
user-197,2026-09-28 13:25:35.430048,91,516,1484,89028,256784,44,417,9,16,HTTPS,24,9,9,442,48,34,0,0,1,1,67,7,86.37,53.78,19,23,32,13,255,58,50,0.0711,13787,DELETE,14,12,1,UNKNOWN_ANOMALY
user-060,2026-09-28 13:26:35.430048,96,361,1088,156716,229448,23,65,9,20,HTTPS,21,11,10,643,55,35,1,1,0,3,78,7,49.43,32.64,37,24,63,11,196,53,23,0.1878,12648,DELETE,5,4,1,UNKNOWN_ANOMALY
user-057,2026-09-28 13:27:35.430048,86,426,1416,140790,120554,22,124,25,21,HTTPS,19,8,4,397,72,31,0,1,1,1,48,2,46.59,47.39,13,22,51,9,249,43,21,0.2338,2835,POST,15,2,1,UNKNOWN_ANOMALY
user-147,2026-09-28 13:28:35.430048,83,595,675,95375,269286,45,353,11,28,HTTPS,15,8,8,425,54,12,0,0,0,3,60,13,45.19,57.69,32,19,38,7,173,56,55,0.0999,2336,POST,12,5,1,UNKNOWN_ANOMALY
user-097,2026-09-28 13:29:35.430048,95,407,1064,75165,231975,32,261,25,19,HTTP,36,12,7,505,33,28,1,1,1,1,57,9,86.29,55.98,32,27,43,8,201,60,33,0.1267,16019,GET,10,5,1,UNKNOWN_ANOMALY
user-099,2026-09-28 13:30:35.430048,83,594,1622,92824,302541,23,113,16,21,HTTPS,30,8,9,349,22,34,0,1,1,0,48,9,47.39,25.1,14,10,62,7,147,38,48,0.1853,8775,PUT,12,2,1,UNKNOWN_ANOMALY
user-053,2026-09-28 13:31:35.430048,131,482,1335,57088,317239,27,360,12,14,HTTP,38,11,3,215,20,22,1,0,1,1,53,11,76.67,67.6,38,32,54,7,182,58,49,0.1204,8940,PUT,12,1,1,UNKNOWN_ANOMALY
user-171,2026-09-28 13:32:35.430048,125,381,891,143905,184879,32,52,22,23,DNS,40,5,7,239,39,20,0,0,1,1,32,12,47.58,51.1,13,15,55,9,120,55,33,0.1692,5150,GET,4,2,1,UNKNOWN_ANOMALY
user-077,2026-09-28 13:33:35.430048,132,520,1692,96966,148336,31,343,14,19,HTTPS,17,11,4,844,24,30,0,1,1,2,35,9,76.12,65.93,41,26,46,6,113,34,42,0.0814,1260,POST,8,11,1,UNKNOWN_ANOMALY
user-143,2026-09-28 13:34:35.430048,108,413,1534,151662,128949,41,299,25,21,SSH,37,12,12,139,30,43,0,1,0,1,74,8,78.74,39.65,14,34,40,6,155,29,13,0.1495,3603,GET,3,10,1,UNKNOWN_ANOMALY
user-164,2026-09-28 13:35:35.430048,124,767,1091,155212,233266,45,298,18,16,HTTPS,12,7,4,815,34,28,0,0,1,0,29,6,82.2,89.28,14,25,38,8,239,35,37,0.0669,8397,POST,4,4,1,UNKNOWN_ANOMALY
user-139,2026-09-28 13:36:35.430048,102,401,1260,117544,365191,28,67,20,21,HTTP,45,10,4,313,22,27,1,1,0,1,54,8,69.52,74.68,45,23,38,8,235,46,17,0.1882,1756,POST,5,7,1,UNKNOWN_ANOMALY
user-124,2026-09-28 13:37:35.430048,84,450,1064,158706,160909,34,362,16,28,HTTPS,21,10,5,810,31,38,0,0,1,3,39,3,44.7,40.86,25,15,48,6,205,56,22,0.1398,4171,GET,4,9,1,UNKNOWN_ANOMALY
user-052,2026-09-28 13:38:35.430048,108,463,1117,153350,342083,22,103,8,15,SSH,41,12,9,482,23,28,0,0,1,1,61,4,47.15,37.53,23,21,62,8,149,43,48,0.2249,12355,GET,4,10,1,UNKNOWN_ANOMALY
user-005,2026-09-28 13:39:35.430048,132,670,1579,60669,367598,37,375,15,13,HTTPS,44,8,9,584,72,9,0,0,0,0,49,1,69.69,23.49,27,9,37,9,187,53,27,0.2264,17375,GET,10,9,1,UNKNOWN_ANOMALY
user-066,2026-09-28 13:40:35.430048,135,419,1189,135633,132160,24,130,20,27,TCP,13,10,6,270,28,13,0,1,1,0,62,8,80.6,26.55,29,18,36,5,253,28,20,0.1015,11781,PUT,14,4,1,UNKNOWN_ANOMALY
user-073,2026-09-28 13:41:35.430048,112,629,863,96403,223579,41,50,28,29,DNS,36,8,11,571,58,36,1,0,1,1,50,0,57.05,25.54,21,23,21,8,151,18,53,0.0938,11808,GET,8,9,1,UNKNOWN_ANOMALY
user-031,2026-09-28 13:42:35.430048,127,454,1394,127288,361037,15,189,24,27,HTTPS,44,7,6,606,57,30,0,0,1,1,39,1,65.76,75.94,21,9,43,10,127,47,42,0.2396,3220,GET,7,11,1,UNKNOWN_ANOMALY
user-021,2026-09-28 13:43:35.430048,107,425,1792,130625,432225,44,211,15,15,HTTPS,33,5,9,317,42,10,1,0,0,2,46,7,41.51,81.53,14,14,11,10,247,18,13,0.0722,15976,GET,9,3,1,UNKNOWN_ANOMALY
user-138,2026-09-28 13:44:35.430048,90,400,1275,142252,403252,44,95,19,25,HTTPS,18,11,9,692,65,15,0,1,1,2,42,2,59.4,47.0,15,23,12,5,109,45,21,0.1988,2705,GET,10,3,1,UNKNOWN_ANOMALY
user-114,2026-09-28 13:45:35.430048,121,677,1523,66828,271327,23,138,16,16,HTTPS,13,11,10,737,29,11,1,0,0,1,54,11,56.86,35.81,37,11,63,11,79,47,25,0.2018,2042,GET,11,3,1,UNKNOWN_ANOMALY
user-048,2026-09-28 13:46:35.430048,103,373,1249,125581,129407,14,180,9,27,HTTPS,25,9,5,741,44,43,0,0,1,1,58,12,71.63,44.97,19,26,42,11,127,16,50,0.228,15917,GET,3,8,1,UNKNOWN_ANOMALY
user-032,2026-09-28 13:47:35.430048,132,550,1134,142420,391229,28,312,11,17,HTTPS,14,11,5,198,38,36,0,0,0,2,48,8,43.8,73.12,15,13,13,11,81,31,46,0.2087,16650,DELETE,4,11,1,UNKNOWN_ANOMALY
user-118,2026-09-28 13:48:35.430048,91,403,706,148703,271732,16,106,9,23,TCP,16,10,11,484,80,35,0,0,0,2,58,8,55.6,60.85,24,18,20,15,225,55,16,0.1599,14793,POST,15,4,1,UNKNOWN_ANOMALY
user-177,2026-09-28 13:49:35.430048,100,704,1092,58948,354628,36,221,21,10,HTTPS,26,7,10,101,41,35,0,1,0,0,52,1,41.56,50.63,25,34,18,5,239,31,50,0.2132,6105,GET,11,8,1,UNKNOWN_ANOMALY
user-033,2026-09-28 13:50:35.430048,87,551,1362,60489,443949,21,225,20,17,TCP,32,7,6,688,44,33,1,1,1,0,53,3,78.0,83.67,13,19,31,10,250,13,21,0.1866,1405,GET,2,11,1,UNKNOWN_ANOMALY
user-044,2026-09-28 13:51:35.430048,105,850,1716,95717,385293,35,332,23,8,HTTP,27,11,6,872,67,25,0,0,0,0,47,1,77.05,87.27,37,29,43,5,224,14,30,0.2133,2258,GET,9,11,1,UNKNOWN_ANOMALY
user-071,2026-09-28 13:52:35.430048,101,589,1246,159455,446931,36,240,24,16,HTTPS,44,6,3,475,43,13,0,1,0,0,48,7,71.35,77.87,14,29,25,5,119,52,54,0.0565,14845,GET,10,2,1,UNKNOWN_ANOMALY
user-187,2026-09-28 13:53:35.430048,111,743,1230,57915,424071,32,221,11,14,SSH,28,10,11,273,45,22,1,0,1,1,64,10,44.34,84.31,28,34,26,11,161,22,23,0.2314,16740,POST,9,2,1,UNKNOWN_ANOMALY
user-122,2026-09-28 13:54:35.430048,113,584,1286,76900,208529,33,363,10,24,DNS,22,10,3,613,25,36,1,0,1,1,36,0,53.92,87.47,25,14,46,12,231,33,22,0.1478,6223,GET,3,6,1,UNKNOWN_ANOMALY
user-100,2026-09-28 13:55:35.430048,105,844,1582,63270,352753,33,59,22,25,HTTPS,44,4,7,891,70,12,1,0,0,3,40,12,75.41,42.92,44,29,32,12,174,13,54,0.1905,522,GET,2,8,1,UNKNOWN_ANOMALY
user-174,2026-09-28 13:56:35.430048,97,505,1421,93656,193164,25,211,9,25,HTTP,40,8,12,390,48,44,1,0,1,1,52,3,55.73,86.67,37,27,27,15,172,54,43,0.0659,8837,GET,9,3,1,UNKNOWN_ANOMALY
user-130,2026-09-28 13:57:35.430048,124,773,1153,56358,274700,41,288,13,26,DNS,41,4,6,577,44,21,1,0,0,1,54,11,58.49,41.92,13,23,32,6,211,42,52,0.1654,6229,GET,8,4,1,UNKNOWN_ANOMALY
user-195,2026-09-28 13:58:35.430048,110,421,1261,120238,392088,35,420,16,13,SSH,13,9,10,886,60,20,0,1,0,3,55,0,63.5,37.26,36,32,23,7,177,58,50,0.1842,15616,POST,13,6,1,UNKNOWN_ANOMALY
user-183,2026-09-28 13:59:35.430048,89,460,1587,138072,163594,34,169,23,13,DNS,39,11,11,189,36,41,0,0,1,1,74,1,87.17,76.0,23,33,53,11,202,20,39,0.1909,4231,GET,12,10,1,UNKNOWN_ANOMALY
user-102,2026-09-28 14:00:35.430048,117,819,1459,148694,262865,31,274,16,29,DNS,29,10,5,667,38,24,1,1,0,1,54,9,56.15,59.94,26,23,39,9,184,47,14,0.2433,15442,POST,11,2,1,UNKNOWN_ANOMALY
user-178,2026-09-28 14:01:35.430048,84,377,777,136864,164073,28,110,27,14,SSH,41,7,9,312,55,11,0,0,1,2,41,6,73.45,41.03,11,9,26,12,206,32,53,0.2119,5533,GET,13,3,1,UNKNOWN_ANOMALY
user-009,2026-09-28 14:02:35.430048,91,590,1033,159771,243140,20,198,13,16,HTTPS,39,10,9,604,41,26,1,1,0,0,63,1,65.48,64.07,14,29,68,15,237,43,35,0.155,4820,GET,7,6,1,UNKNOWN_ANOMALY
user-041,2026-09-28 14:03:35.430048,115,708,1583,105814,284757,26,398,22,9,HTTPS,15,6,10,456,69,35,1,1,0,0,71,6,83.21,47.81,36,11,49,9,105,13,13,0.0561,5100,GET,13,5,1,UNKNOWN_ANOMALY
user-106,2026-09-28 14:04:35.430048,90,603,1583,122399,341352,33,91,10,24,HTTP,14,5,12,298,35,9,1,0,1,1,59,1,48.96,24.1,33,19,34,13,251,35,36,0.1917,16986,GET,14,8,1,UNKNOWN_ANOMALY
user-109,2026-09-28 14:05:35.430048,113,682,1533,80882,323837,21,316,20,9,HTTPS,13,10,7,832,53,25,0,0,0,2,64,14,47.11,48.92,45,26,41,11,235,22,38,0.2395,2044,PUT,5,8,1,UNKNOWN_ANOMALY
user-096,2026-09-28 14:06:35.430048,116,712,1701,81689,203691,18,96,22,9,HTTP,36,11,10,153,47,16,1,0,1,0,34,12,40.87,55.48,32,20,44,10,71,45,22,0.0525,14809,GET,12,2,1,UNKNOWN_ANOMALY
user-044,2026-09-28 14:07:35.430048,109,488,1656,65404,418783,37,418,26,22,HTTPS,28,7,11,740,43,37,0,0,1,0,62,6,54.02,31.22,44,16,40,4,106,45,23,0.2258,3952,GET,11,5,1,UNKNOWN_ANOMALY
user-194,2026-09-28 14:08:35.430048,132,840,1496,63791,177731,20,128,12,24,HTTPS,37,8,6,281,28,13,0,0,0,0,35,5,68.29,64.65,35,25,43,6,85,57,28,0.0946,1145,GET,8,6,1,UNKNOWN_ANOMALY
user-013,2026-09-28 14:09:35.430048,128,611,726,73107,261402,30,76,21,12,HTTPS,40,4,6,349,45,24,1,1,0,3,32,3,68.08,61.57,17,18,65,4,183,45,15,0.0818,5588,GET,12,2,1,UNKNOWN_ANOMALY
user-152,2026-09-28 14:10:35.430048,117,686,882,92688,379509,37,190,11,27,TCP,39,11,10,440,77,25,0,1,1,2,62,7,70.31,55.44,16,14,22,14,115,52,53,0.1394,5682,POST,10,6,1,UNKNOWN_ANOMALY
user-006,2026-09-28 14:11:35.430048,92,656,1251,66141,249934,45,299,8,16,TCP,21,12,7,422,73,45,1,0,1,1,45,1,40.94,37.27,13,23,20,14,156,33,17,0.1048,17502,GET,6,4,1,UNKNOWN_ANOMALY
user-137,2026-09-28 14:12:35.430048,89,468,1451,128749,139621,28,363,14,25,TCP,19,11,9,758,69,42,1,0,0,1,37,0,64.8,61.94,44,17,70,6,98,53,38,0.2186,7562,PATCH,3,6,1,UNKNOWN_ANOMALY
user-171,2026-09-28 14:13:35.430048,111,583,1375,120768,291805,41,133,22,19,SSH,42,8,7,895,46,10,1,0,0,3,54,14,73.93,79.19,16,14,44,13,246,53,20,0.2181,3492,POST,4,5,1,UNKNOWN_ANOMALY
user-038,2026-09-28 14:14:35.430048,120,577,1465,74868,239152,21,367,14,20,HTTP,34,5,7,401,41,24,0,1,1,0,44,9,78.27,20.47,42,34,26,5,131,14,21,0.1716,2010,GET,9,3,1,UNKNOWN_ANOMALY
user-172,2026-09-28 14:15:35.430048,120,413,1492,67767,238065,34,262,13,14,HTTPS,41,9,5,123,40,33,0,0,0,0,50,13,50.19,91.72,17,8,57,2,91,25,55,0.2284,10339,PATCH,4,6,1,UNKNOWN_ANOMALY
user-061,2026-09-28 14:16:35.430048,133,813,741,76682,271153,18,355,19,27,TCP,20,10,7,524,70,27,0,0,1,1,51,4,56.99,51.49,29,16,15,4,235,49,55,0.2218,1155,GET,7,11,1,UNKNOWN_ANOMALY
user-197,2026-09-28 14:17:35.430048,109,531,713,109696,177924,25,351,21,16,SSH,14,10,9,369,20,32,0,0,0,1,52,12,45.18,24.86,44,25,31,8,119,13,36,0.2399,673,GET,7,10,1,UNKNOWN_ANOMALY
user-166,2026-09-28 14:18:35.430048,105,453,1135,72566,271105,44,188,24,27,TCP,14,12,11,826,45,43,1,0,1,0,50,10,74.78,60.95,42,25,28,14,151,27,35,0.1486,15266,POST,15,5,1,UNKNOWN_ANOMALY
user-102,2026-09-28 14:19:35.430048,89,653,655,82216,393741,22,218,14,23,SSH,16,9,10,877,65,21,0,0,1,2,38,9,43.87,24.58,33,32,17,3,210,60,16,0.0907,13130,GET,13,10,1,UNKNOWN_ANOMALY
user-184,2026-09-28 14:20:35.430048,129,595,966,115627,302675,18,352,20,21,HTTPS,25,11,8,177,72,18,0,0,1,1,45,9,50.26,64.06,31,33,14,13,121,43,47,0.0562,9325,PUT,13,11,1,UNKNOWN_ANOMALY
user-088,2026-09-28 14:21:35.430048,105,411,797,115326,328715,14,202,12,12,HTTPS,37,6,11,113,25,31,0,0,0,3,71,13,44.2,60.72,30,26,54,4,72,33,16,0.1415,17876,POST,14,10,1,UNKNOWN_ANOMALY
user-086,2026-09-28 14:22:35.430048,76,408,668,100863,341884,28,299,22,10,HTTPS,44,8,3,813,30,11,1,1,0,4,56,11,78.17,81.88,33,14,53,12,156,19,52,0.1035,728,POST,7,12,1,UNKNOWN_ANOMALY
user-046,2026-09-28 14:23:35.430048,91,834,633,84780,196101,19,363,18,29,HTTPS,29,5,7,837,33,20,0,1,0,1,77,5,58.3,54.4,23,14,50,5,128,35,23,0.1258,3378,PUT,8,9,1,UNKNOWN_ANOMALY
user-057,2026-09-28 14:24:35.430048,112,616,1140,128683,398996,25,415,18,10,HTTP,25,5,10,806,61,41,1,0,0,2,69,0,50.83,45.27,25,30,61,6,150,36,47,0.0883,17518,GET,11,7,1,UNKNOWN_ANOMALY
user-045,2026-09-28 14:25:35.430048,86,764,1321,50727,318615,43,296,12,21,SSH,19,7,4,334,54,9,0,0,1,0,66,11,42.78,23.55,34,26,19,8,178,20,46,0.1552,11251,GET,4,10,1,UNKNOWN_ANOMALY
user-041,2026-09-28 14:26:35.430048,113,531,1658,64628,231428,33,146,14,17,HTTPS,27,7,10,825,46,21,1,0,0,1,64,7,56.08,79.44,32,20,20,11,220,36,41,0.1759,15560,PUT,4,5,1,UNKNOWN_ANOMALY
user-170,2026-09-28 14:27:35.430048,134,653,1168,69121,274381,38,189,13,19,TCP,33,8,8,691,34,32,1,0,1,1,43,12,51.97,51.26,35,10,54,13,186,16,20,0.0768,6458,POST,12,10,1,UNKNOWN_ANOMALY
user-040,2026-09-28 14:28:35.430048,128,445,1448,83131,395297,28,50,26,24,TCP,34,11,9,407,24,11,1,0,1,0,53,8,62.64,25.88,13,14,62,13,139,17,15,0.1683,2728,GET,3,7,1,UNKNOWN_ANOMALY
user-023,2026-09-28 14:29:35.430048,107,619,1231,76920,275079,12,415,14,23,HTTPS,23,10,11,412,45,29,1,0,1,0,73,3,65.7,60.64,22,34,61,13,128,49,45,0.1008,17684,DELETE,13,11,1,UNKNOWN_ANOMALY
user-064,2026-09-28 14:30:35.430048,99,825,702,157044,147964,37,256,22,21,HTTPS,32,8,6,732,63,26,0,0,0,3,51,10,49.43,89.69,42,11,13,9,107,49,42,0.1062,11426,GET,5,8,1,UNKNOWN_ANOMALY
user-186,2026-09-28 14:31:35.430048,98,726,1323,68973,290545,33,374,24,12,SSH,28,5,10,400,37,23,1,1,1,0,75,13,89.77,75.17,21,9,40,2,130,29,46,0.1042,17712,GET,12,6,1,UNKNOWN_ANOMALY
user-016,2026-09-28 14:32:35.430048,116,424,1285,159714,242180,38,165,23,17,DNS,45,8,11,261,27,36,0,0,0,2,49,11,89.14,90.19,30,19,52,13,148,28,29,0.0528,17174,PUT,13,3,1,UNKNOWN_ANOMALY
user-054,2026-09-28 14:33:35.430048,97,712,1545,158258,361777,33,400,27,14,HTTPS,27,12,12,232,69,25,1,0,0,1,59,11,73.42,64.31,17,27,10,13,104,24,41,0.2377,11756,POST,10,1,1,UNKNOWN_ANOMALY
user-181,2026-09-28 14:34:35.430048,83,783,1103,118991,158092,42,93,10,24,HTTPS,14,5,9,599,56,34,0,0,0,0,39,10,52.27,63.18,44,11,36,12,192,52,42,0.1041,16281,GET,6,4,1,UNKNOWN_ANOMALY
user-111,2026-09-28 14:35:35.430048,109,589,1717,93263,330966,13,147,23,28,TCP,33,9,11,285,41,22,1,0,0,1,54,3,68.87,38.52,16,10,33,14,119,40,24,0.0693,10889,PATCH,12,9,1,UNKNOWN_ANOMALY
user-187,2026-09-28 14:36:35.430048,118,535,1199,85649,267550,15,189,27,17,HTTPS,30,6,10,745,63,29,1,1,1,1,53,0,40.27,27.48,18,13,23,6,235,19,17,0.1003,5614,POST,13,9,1,UNKNOWN_ANOMALY
user-026,2026-09-28 14:37:35.430048,79,836,1729,128563,253980,42,224,15,15,DNS,15,12,7,533,47,19,0,1,0,1,62,12,48.46,35.19,25,33,61,4,144,31,29,0.0741,11098,GET,13,5,1,UNKNOWN_ANOMALY
user-086,2026-09-28 14:38:35.430048,112,624,1658,87597,313478,20,39,22,21,DNS,19,12,10,360,77,33,1,0,1,3,49,8,70.92,35.67,33,18,27,15,135,37,48,0.2466,11805,GET,12,4,1,UNKNOWN_ANOMALY
user-021,2026-09-28 14:39:35.430048,93,652,913,57143,416377,42,30,17,23,SSH,40,6,8,178,68,34,1,0,0,0,38,5,46.89,35.37,37,29,35,10,249,48,44,0.1937,4749,PUT,10,6,1,UNKNOWN_ANOMALY
user-152,2026-09-28 14:40:35.430048,105,759,861,83794,202561,16,127,14,17,TCP,18,4,8,154,25,18,1,1,0,0,49,3,63.83,91.22,16,15,16,11,215,43,53,0.1737,5184,POST,11,6,1,UNKNOWN_ANOMALY
user-097,2026-09-28 14:41:35.430048,81,350,1512,131324,234772,25,288,26,26,HTTPS,19,7,10,424,50,24,0,1,0,0,64,13,83.61,20.51,33,20,64,4,137,22,26,0.2408,16098,GET,4,3,1,UNKNOWN_ANOMALY
user-039,2026-09-28 14:42:35.430048,127,509,1689,83026,243715,31,170,18,18,HTTPS,17,11,12,452,67,10,1,0,1,1,54,3,51.54,36.57,37,25,18,5,209,18,13,0.1243,10683,PUT,8,4,1,UNKNOWN_ANOMALY
user-188,2026-09-28 14:43:35.430048,116,628,985,108252,194756,20,419,19,14,HTTP,44,10,6,434,25,38,0,0,0,1,61,7,50.11,29.64,37,25,55,14,215,15,18,0.1223,11881,GET,4,10,1,UNKNOWN_ANOMALY
user-056,2026-09-28 14:44:35.430048,107,524,1666,107064,292474,30,272,10,29,HTTPS,12,8,4,182,25,32,0,1,1,1,49,3,51.93,40.18,17,20,37,8,240,42,41,0.0973,10616,POST,4,9,1,UNKNOWN_ANOMALY
user-179,2026-09-28 14:45:35.430048,116,391,1379,67489,378150,25,147,17,20,HTTPS,25,11,5,164,64,10,1,1,1,4,46,10,81.6,72.89,35,26,26,4,191,48,13,0.0552,8601,GET,6,5,1,UNKNOWN_ANOMALY
user-180,2026-09-28 14:46:35.430048,127,771,1733,103376,305804,15,255,27,30,HTTPS,37,11,7,898,72,40,0,0,1,0,60,10,82.03,68.06,26,33,51,12,87,19,22,0.1319,1967,GET,5,8,1,UNKNOWN_ANOMALY
user-139,2026-09-28 14:47:35.430048,112,423,1252,80918,317271,17,324,27,16,HTTPS,30,6,11,793,32,43,0,1,1,2,56,1,61.67,75.0,42,27,65,14,130,13,26,0.1556,15442,POST,10,7,1,UNKNOWN_ANOMALY
user-080,2026-09-28 14:48:35.430048,101,793,1231,67978,340270,28,263,18,18,HTTPS,35,6,7,690,51,12,1,0,0,3,65,1,60.8,68.06,37,19,27,3,118,37,29,0.1537,5693,POST,9,4,1,UNKNOWN_ANOMALY
user-166,2026-09-28 14:49:35.430048,107,743,638,104530,386781,36,372,14,26,TCP,45,10,6,836,72,26,1,0,1,4,47,13,50.45,77.64,22,9,31,8,212,52,19,0.214,12609,DELETE,3,6,1,UNKNOWN_ANOMALY
user-063,2026-09-28 14:50:35.430048,113,830,1640,147948,276990,30,223,17,17,TCP,30,5,6,517,46,11,0,0,1,1,40,9,85.68,62.68,17,25,38,8,196,28,18,0.1303,7706,GET,6,12,1,UNKNOWN_ANOMALY
user-047,2026-09-28 14:51:35.430048,97,448,1738,156877,261551,13,123,10,12,HTTPS,26,5,6,177,25,36,0,1,1,2,75,13,84.3,47.2,44,24,47,9,125,20,34,0.2075,8371,GET,8,6,1,UNKNOWN_ANOMALY
user-047,2026-09-28 14:52:35.430048,114,443,1408,84387,286305,30,418,14,14,HTTP,18,8,8,696,24,16,0,1,1,2,69,9,75.79,50.43,22,12,42,10,254,33,24,0.1662,17812,POST,8,11,1,UNKNOWN_ANOMALY
user-071,2026-09-28 14:53:35.430048,88,563,1291,140714,186858,16,205,14,16,TCP,26,11,9,553,51,21,0,0,1,0,56,13,74.24,58.99,45,9,46,12,143,55,39,0.058,16181,PUT,9,7,1,UNKNOWN_ANOMALY
user-146,2026-09-28 14:54:35.430048,130,423,1136,81315,434402,36,241,23,18,HTTPS,18,7,8,96,74,22,0,1,0,3,58,5,75.19,61.16,29,18,24,8,123,38,13,0.2349,5604,POST,7,7,1,UNKNOWN_ANOMALY
user-177,2026-09-28 14:55:35.430048,110,422,1478,65942,393926,20,124,25,8,HTTPS,45,7,8,703,72,42,1,0,0,3,44,1,64.77,37.91,12,27,17,14,91,54,34,0.069,11715,GET,3,8,1,UNKNOWN_ANOMALY
user-029,2026-09-28 14:56:35.430048,132,568,891,107743,160116,38,276,16,18,HTTPS,14,12,5,541,40,37,1,0,0,0,44,7,71.46,87.33,33,9,32,9,234,31,35,0.0714,16574,POST,11,4,1,UNKNOWN_ANOMALY
user-040,2026-09-28 14:57:35.430048,129,716,1145,112784,162492,38,352,23,22,HTTPS,26,11,3,573,59,31,0,0,0,3,57,4,60.71,26.74,21,23,34,13,237,49,29,0.1625,15849,GET,13,9,1,UNKNOWN_ANOMALY
user-056,2026-09-28 14:58:35.430048,91,610,1237,91129,410091,43,299,20,18,HTTPS,24,4,10,461,41,21,0,0,1,0,70,11,45.22,86.56,13,34,32,12,139,23,23,0.117,14307,POST,14,3,1,UNKNOWN_ANOMALY
user-116,2026-09-28 14:59:35.430048,133,523,1408,141732,208365,37,86,19,19,HTTPS,38,10,10,741,44,31,1,0,0,1,60,8,73.64,41.83,35,9,31,7,215,12,36,0.2182,13383,GET,10,10,1,UNKNOWN_ANOMALY
user-070,2026-09-28 15:00:35.430048,93,500,698,84931,307417,31,251,12,16,TCP,28,4,7,244,73,9,0,1,0,1,40,3,78.35,45.78,39,29,29,12,118,60,42,0.1123,14350,GET,15,9,1,UNKNOWN_ANOMALY
user-012,2026-09-28 15:01:35.430048,122,536,738,143188,173590,32,66,19,10,DNS,40,5,9,826,47,36,0,0,0,2,42,0,42.11,62.3,21,11,45,10,185,12,17,0.1867,9573,GET,13,4,1,UNKNOWN_ANOMALY
user-046,2026-09-28 15:02:35.430048,108,849,868,61146,249740,33,151,12,30,SSH,43,11,11,84,24,17,1,0,0,0,68,2,82.73,35.63,37,18,44,9,106,44,25,0.1294,1376,GET,14,4,1,UNKNOWN_ANOMALY
user-124,2026-09-28 15:03:35.430048,126,662,1797,136492,419911,16,116,18,25,HTTPS,43,7,9,552,55,28,1,0,1,1,60,9,80.06,57.18,19,20,69,2,205,54,17,0.1238,1130,GET,12,3,1,UNKNOWN_ANOMALY
user-025,2026-09-28 15:04:35.430048,88,364,1081,87628,394360,27,67,11,19,DNS,32,6,8,498,63,40,1,0,1,0,44,5,48.49,51.72,31,33,60,6,197,59,52,0.2138,12401,GET,11,4,1,UNKNOWN_ANOMALY
user-029,2026-09-28 15:05:35.430048,121,586,1006,121643,149796,16,112,19,10,DNS,24,12,12,125,36,36,0,0,0,0,72,14,54.87,77.15,21,32,12,13,200,17,29,0.1008,12861,PUT,13,10,1,UNKNOWN_ANOMALY
user-072,2026-09-28 15:06:35.430048,120,814,656,72284,321435,32,251,11,21,HTTPS,35,5,7,843,35,33,1,0,1,0,50,0,58.1,38.61,42,27,28,2,144,39,15,0.1116,11607,PUT,12,3,1,UNKNOWN_ANOMALY
user-026,2026-09-28 15:07:35.430048,131,836,1498,142851,164565,26,133,23,24,HTTP,28,7,5,747,50,42,1,0,1,0,54,9,49.46,53.64,28,10,16,3,95,58,47,0.2079,10286,POST,3,7,1,UNKNOWN_ANOMALY
user-024,2026-09-28 15:08:35.430048,81,408,1428,158875,260581,19,308,24,16,HTTPS,27,5,8,98,41,16,0,1,0,0,45,3,57.15,73.81,41,23,40,6,239,37,26,0.1624,10356,GET,6,1,1,UNKNOWN_ANOMALY
user-080,2026-09-28 15:09:35.430048,77,356,1355,61116,238801,26,260,21,27,SSH,30,6,7,283,43,21,1,0,0,1,43,3,55.47,46.03,32,35,52,2,259,41,45,0.0947,2481,GET,12,10,1,UNKNOWN_ANOMALY
user-022,2026-09-28 15:10:35.430048,113,543,832,138035,170945,31,167,21,9,HTTPS,33,12,10,532,60,13,1,1,1,3,70,12,73.83,62.77,11,22,61,6,139,24,43,0.0513,11159,GET,5,1,1,UNKNOWN_ANOMALY
user-164,2026-09-28 15:11:35.430048,117,479,912,118701,385255,31,254,15,16,HTTP,43,5,7,755,43,37,1,0,0,2,49,7,50.05,52.0,18,27,64,6,131,30,54,0.2362,16679,POST,14,4,1,UNKNOWN_ANOMALY
user-157,2026-09-28 15:12:35.430048,87,482,705,138321,308080,23,146,12,14,HTTPS,32,10,5,716,75,23,0,0,0,0,67,10,54.81,34.37,44,10,66,6,128,25,16,0.1839,16995,GET,10,8,1,UNKNOWN_ANOMALY
user-112,2026-09-28 15:13:35.430048,103,818,918,135201,441167,25,81,11,19,HTTP,44,4,11,374,70,13,1,0,0,0,68,10,63.98,71.78,17,27,47,6,260,56,14,0.157,15499,POST,8,4,1,UNKNOWN_ANOMALY
user-112,2026-09-28 15:14:35.430048,118,642,683,145253,278690,19,62,24,20,DNS,34,9,9,99,78,40,0,1,0,1,60,1,64.73,72.51,18,30,42,11,223,14,13,0.2122,15024,DELETE,2,9,1,UNKNOWN_ANOMALY
user-104,2026-09-28 15:15:35.430048,75,477,1008,53719,162564,43,134,28,19,DNS,14,11,6,536,73,32,0,0,0,2,57,2,73.32,87.18,43,30,46,11,199,18,25,0.1253,1333,GET,4,3,1,UNKNOWN_ANOMALY
user-093,2026-09-28 15:16:35.430048,131,363,827,99426,125964,22,360,25,25,HTTPS,31,9,9,414,72,28,0,0,0,0,52,2,60.13,46.63,30,28,35,11,176,49,15,0.0697,4024,GET,2,8,1,UNKNOWN_ANOMALY
user-101,2026-09-28 15:17:35.430048,122,776,781,100047,201682,16,331,14,22,TCP,36,9,6,730,39,17,1,0,0,1,62,2,71.46,72.39,21,26,22,7,260,28,37,0.1923,17176,GET,13,6,1,UNKNOWN_ANOMALY
user-191,2026-09-28 15:18:35.430048,94,550,1322,87203,428213,25,285,20,21,HTTPS,42,6,12,382,54,31,0,0,1,1,36,14,60.95,37.87,19,13,61,6,101,48,27,0.197,3168,PATCH,4,3,1,UNKNOWN_ANOMALY
user-055,2026-09-28 15:19:35.430048,126,408,970,54554,253637,42,393,15,25,HTTP,35,6,8,629,27,40,1,0,1,2,45,9,70.33,38.57,26,11,37,11,246,56,28,0.2356,1079,POST,15,4,1,UNKNOWN_ANOMALY
user-045,2026-09-28 15:20:35.430048,88,370,1510,153834,323912,39,260,18,24,HTTPS,22,5,10,353,75,9,0,0,1,2,55,12,60.03,46.17,21,18,41,8,144,48,12,0.1349,15613,POST,7,4,1,UNKNOWN_ANOMALY
user-105,2026-09-28 15:21:35.430048,130,668,1270,50849,195239,24,241,20,24,HTTPS,37,11,6,348,63,42,1,0,0,1,66,2,75.09,89.98,28,17,45,4,169,40,52,0.1548,13370,GET,15,12,1,UNKNOWN_ANOMALY
user-037,2026-09-28 15:22:35.430048,119,439,864,85862,123183,29,62,19,28,TCP,36,10,11,498,51,19,1,0,0,1,62,5,59.17,27.97,37,24,60,3,180,14,27,0.2336,15253,GET,8,7,1,UNKNOWN_ANOMALY
user-088,2026-09-28 15:23:35.430048,107,352,1136,121089,126067,20,236,25,21,HTTPS,20,11,7,537,43,43,0,1,1,1,73,0,49.67,60.58,41,27,58,14,117,30,49,0.1246,12215,GET,5,7,1,UNKNOWN_ANOMALY
user-040,2026-09-28 15:24:35.430048,95,574,1620,95654,295049,37,293,17,20,HTTPS,38,6,8,133,73,21,0,0,1,0,53,8,47.23,38.31,26,18,68,3,155,47,36,0.2244,11459,GET,12,2,1,UNKNOWN_ANOMALY
user-012,2026-09-28 15:25:35.430048,121,707,1133,159297,178040,38,254,17,12,SSH,25,11,7,513,47,9,1,0,0,1,46,11,70.94,51.34,43,31,53,3,90,16,14,0.2473,17626,GET,14,3,1,UNKNOWN_ANOMALY
user-130,2026-09-28 15:26:35.430048,109,481,1543,58647,255328,29,114,21,10,HTTPS,39,6,7,775,56,31,1,0,1,1,39,0,75.83,63.12,39,34,35,4,118,52,37,0.2346,13552,GET,9,2,1,UNKNOWN_ANOMALY
user-159,2026-09-28 15:27:35.430048,106,725,787,76362,195467,38,288,10,14,HTTPS,14,9,5,96,72,23,0,0,0,3,56,9,85.91,48.0,19,31,40,11,205,30,18,0.1839,6896,GET,10,8,1,UNKNOWN_ANOMALY
user-073,2026-09-28 15:28:35.430048,113,809,1248,130243,363869,21,191,20,8,TCP,27,5,11,241,27,35,1,0,1,0,47,7,79.66,51.88,14,33,23,9,205,14,44,0.0577,4969,GET,8,3,1,UNKNOWN_ANOMALY
user-001,2026-09-28 15:29:35.430048,123,778,1518,136374,439157,21,183,17,14,HTTPS,42,9,8,612,80,29,1,1,0,1,48,14,80.96,84.0,28,10,30,5,131,57,31,0.1017,1900,GET,7,10,1,UNKNOWN_ANOMALY
user-038,2026-09-28 15:30:35.430048,96,448,1618,69343,276151,28,326,21,24,SSH,15,8,6,364,32,44,1,0,1,1,54,6,69.45,87.63,43,32,51,9,134,30,36,0.2365,14556,POST,9,5,1,UNKNOWN_ANOMALY
user-115,2026-09-28 15:31:35.430048,129,776,887,70042,241063,20,406,16,13,HTTP,31,4,5,93,31,15,0,1,0,0,53,8,67.9,73.85,12,20,26,9,158,20,52,0.1658,13140,PUT,11,3,1,UNKNOWN_ANOMALY
user-010,2026-09-28 15:32:35.430048,118,609,1637,80026,220417,22,203,13,18,DNS,42,4,4,899,38,42,1,0,1,2,32,12,47.18,25.34,35,11,11,3,209,57,12,0.0797,15998,GET,15,12,1,UNKNOWN_ANOMALY
user-134,2026-09-28 15:33:35.430048,124,793,1257,81925,397377,42,350,9,10,HTTPS,12,8,10,439,73,14,0,0,0,1,30,7,47.15,25.36,41,9,43,14,219,49,44,0.1105,16468,GET,12,7,1,UNKNOWN_ANOMALY
user-087,2026-09-28 15:34:35.430048,84,746,1614,141948,297990,15,113,25,17,HTTPS,29,11,11,192,25,34,1,1,0,1,62,10,44.0,50.92,35,11,40,9,195,56,21,0.0873,14852,GET,14,3,1,UNKNOWN_ANOMALY
user-135,2026-09-28 15:35:35.430048,90,754,1339,68276,318516,44,363,27,24,DNS,16,9,10,120,44,23,0,0,0,2,61,5,75.01,32.35,41,19,20,14,117,57,18,0.2026,4727,GET,9,7,1,UNKNOWN_ANOMALY
user-165,2026-09-28 15:36:35.430048,85,729,1307,73401,343206,25,288,11,14,HTTP,26,9,7,381,37,41,1,0,0,0,56,1,84.25,30.49,32,12,22,11,107,36,20,0.1944,2568,GET,8,6,1,UNKNOWN_ANOMALY
user-193,2026-09-28 15:37:35.430048,126,731,1210,102666,444895,38,210,27,26,HTTPS,32,11,11,427,67,29,1,1,0,1,61,13,44.7,82.17,37,28,60,11,85,18,15,0.1605,17142,POST,13,8,1,UNKNOWN_ANOMALY
user-009,2026-09-28 15:38:35.430048,127,783,1096,96151,244438,26,338,14,17,SSH,24,10,9,397,28,19,0,1,0,0,41,3,54.21,74.69,31,26,54,10,91,57,39,0.1731,16139,GET,13,10,1,UNKNOWN_ANOMALY
user-155,2026-09-28 15:39:35.430048,81,625,1134,105489,297738,32,130,11,16,HTTPS,34,7,5,209,61,19,1,0,1,1,51,0,57.24,28.35,42,35,43,8,204,38,27,0.1682,1589,GET,6,6,1,UNKNOWN_ANOMALY
user-022,2026-09-28 15:40:35.430048,108,690,1296,136811,220395,22,410,20,26,TCP,34,11,6,493,38,40,1,1,1,1,39,5,42.54,54.59,17,35,62,11,98,53,27,0.157,10530,DELETE,3,6,1,UNKNOWN_ANOMALY
user-126,2026-09-28 15:41:35.430048,121,846,865,149551,393985,31,261,16,16,HTTPS,38,4,7,405,25,14,1,0,0,2,69,14,87.57,49.03,36,28,38,3,118,42,33,0.1813,790,GET,11,4,1,UNKNOWN_ANOMALY
user-187,2026-09-28 15:42:35.430048,116,509,1078,121719,213405,26,322,19,10,HTTP,19,5,11,871,80,37,0,0,0,0,75,5,42.52,50.26,28,20,57,3,251,39,15,0.2213,867,GET,8,2,1,UNKNOWN_ANOMALY
user-103,2026-09-28 15:43:35.430048,94,385,611,139374,305935,24,341,21,17,HTTPS,23,12,6,384,61,35,0,0,1,3,33,6,69.95,84.19,26,28,54,9,239,16,27,0.0767,3125,DELETE,12,7,1,UNKNOWN_ANOMALY
user-169,2026-09-28 15:44:35.430048,83,683,1358,113886,363327,17,408,17,20,HTTPS,32,5,12,281,46,40,1,0,0,1,62,13,65.75,80.07,24,27,68,11,175,36,45,0.126,9412,POST,14,4,1,UNKNOWN_ANOMALY
user-176,2026-09-28 15:45:35.430048,128,504,931,85141,278670,13,79,17,13,TCP,41,8,8,898,56,36,0,0,0,0,49,6,71.61,51.77,18,15,12,14,196,57,34,0.112,4480,PUT,11,9,1,UNKNOWN_ANOMALY
user-117,2026-09-28 15:46:35.430048,118,751,1350,66210,353361,31,210,20,8,TCP,43,9,11,780,75,41,1,0,1,2,64,5,53.88,87.91,13,8,51,9,250,24,20,0.1848,576,GET,7,6,1,UNKNOWN_ANOMALY
user-065,2026-09-28 15:47:35.430048,92,603,716,78513,405607,28,161,9,18,TCP,43,4,6,298,27,29,1,0,0,0,62,12,65.04,80.12,19,24,21,4,134,16,47,0.0572,7403,POST,4,7,1,UNKNOWN_ANOMALY
user-032,2026-09-28 15:48:35.430048,78,756,1258,147561,406201,40,53,16,26,TCP,38,7,11,440,30,28,0,0,1,0,52,10,80.98,44.34,29,21,20,12,217,48,26,0.1626,10702,POST,5,5,1,UNKNOWN_ANOMALY
user-148,2026-09-28 15:49:35.430048,121,554,1734,89960,353827,18,96,10,18,HTTPS,42,9,11,486,49,37,0,1,0,1,51,1,84.8,76.64,11,10,34,12,133,13,43,0.2203,3120,POST,14,6,1,UNKNOWN_ANOMALY
user-173,2026-09-28 15:50:35.430048,90,815,1655,77293,305167,32,307,21,12,HTTPS,18,6,8,571,53,10,1,0,1,0,70,3,57.47,70.15,31,28,54,11,97,39,50,0.1995,5749,POST,3,5,1,UNKNOWN_ANOMALY
user-084,2026-09-28 15:51:35.430048,87,386,1260,107393,177271,29,304,20,8,DNS,36,10,10,243,63,39,0,0,0,2,66,8,54.55,58.14,24,22,46,13,92,40,32,0.2112,7617,PUT,7,5,1,UNKNOWN_ANOMALY
user-104,2026-09-28 15:52:35.430048,132,641,965,121520,281429,22,379,18,24,TCP,23,5,6,285,25,12,0,1,1,0,44,9,48.25,87.87,14,9,32,3,129,28,46,0.1326,4164,POST,12,8,1,UNKNOWN_ANOMALY
user-190,2026-09-28 15:53:35.430048,78,662,1409,54410,439157,16,26,11,18,SSH,13,6,5,190,42,34,1,0,0,0,61,11,59.29,89.35,19,15,13,14,183,22,45,0.0663,17754,POST,9,9,1,UNKNOWN_ANOMALY
user-087,2026-09-28 15:54:35.430048,98,503,1126,149154,406746,42,97,15,20,SSH,32,11,6,489,33,29,0,0,0,1,58,7,63.71,43.62,17,32,44,11,135,33,20,0.199,15603,GET,3,12,1,UNKNOWN_ANOMALY
user-101,2026-09-28 15:55:35.430048,76,694,1599,95814,329561,30,273,17,20,HTTPS,38,11,6,863,49,20,0,0,1,2,42,6,52.08,41.03,38,23,24,10,97,50,47,0.1861,11688,GET,4,8,1,UNKNOWN_ANOMALY
user-151,2026-09-28 15:56:35.430048,134,703,1109,147620,223851,25,84,13,16,HTTPS,36,6,4,565,53,9,0,1,0,0,57,8,76.74,66.15,28,14,62,13,258,55,27,0.1254,1749,GET,10,7,1,UNKNOWN_ANOMALY
user-118,2026-09-28 15:57:35.430048,126,457,1606,122161,179711,15,106,20,10,HTTPS,38,6,7,157,80,34,0,0,0,1,31,11,60.28,71.12,32,32,19,3,218,39,35,0.0912,865,GET,14,4,1,UNKNOWN_ANOMALY
user-001,2026-09-28 15:58:35.430048,112,736,1281,88081,392964,13,371,27,10,HTTPS,45,6,4,342,57,42,0,1,1,1,55,14,85.31,32.8,12,32,61,6,118,41,18,0.1058,2097,GET,8,10,1,UNKNOWN_ANOMALY
user-157,2026-09-28 15:59:35.430048,84,595,1638,136037,210925,18,200,15,21,TCP,22,7,7,843,41,32,0,1,1,0,54,9,64.05,26.05,16,24,36,10,185,28,50,0.2137,8483,PATCH,9,9,1,UNKNOWN_ANOMALY
user-044,2026-09-28 16:00:35.430048,107,761,1557,139085,313595,16,109,26,14,HTTPS,15,8,7,83,77,32,0,0,0,4,66,12,43.79,53.85,40,13,60,3,223,28,48,0.1458,16169,GET,3,4,1,UNKNOWN_ANOMALY
user-126,2026-09-28 16:01:35.430048,79,557,1594,153771,219565,19,175,18,16,HTTPS,37,7,12,272,34,9,0,1,0,0,61,1,45.55,81.68,34,30,53,13,143,29,16,0.1552,1369,GET,6,7,1,UNKNOWN_ANOMALY
user-166,2026-09-28 16:02:35.430048,132,529,794,90694,243525,14,253,26,18,HTTPS,39,7,9,272,20,31,1,0,1,2,60,6,87.52,63.14,16,9,62,11,139,60,41,0.1954,2231,GET,4,12,1,UNKNOWN_ANOMALY
user-113,2026-09-28 16:03:35.430048,117,561,729,144693,165429,39,396,26,17,DNS,35,6,7,267,39,33,0,0,1,0,55,6,67.11,34.02,26,9,35,4,228,16,16,0.0959,3977,GET,7,9,1,UNKNOWN_ANOMALY
user-034,2026-09-28 16:04:35.430048,128,754,1279,148213,203349,13,109,24,15,TCP,18,10,3,542,35,29,0,1,0,0,60,12,41.78,33.69,30,16,12,3,165,35,24,0.1098,1217,GET,14,1,1,UNKNOWN_ANOMALY
user-197,2026-09-28 16:05:35.430048,133,433,807,127384,310666,33,62,11,13,HTTPS,12,4,4,615,72,35,0,0,0,4,59,14,73.36,82.88,31,14,58,13,90,28,54,0.1482,8471,GET,3,6,1,UNKNOWN_ANOMALY
user-167,2026-09-28 16:06:35.430048,114,373,1288,115951,294680,12,188,15,10,HTTP,37,11,9,493,43,32,0,0,0,1,39,6,61.19,63.11,12,25,14,15,198,46,44,0.0548,4192,GET,5,11,1,UNKNOWN_ANOMALY
user-156,2026-09-28 16:07:35.430048,120,539,855,91938,252153,38,102,14,24,SSH,26,5,6,605,44,33,1,0,0,1,64,10,48.82,38.6,20,23,19,5,105,29,21,0.2088,8803,GET,4,9,1,UNKNOWN_ANOMALY
user-118,2026-09-28 16:08:35.430048,77,588,1424,99684,127454,25,161,19,15,HTTP,18,5,9,225,65,14,0,0,0,0,62,13,80.99,31.56,23,19,26,9,80,40,45,0.1242,1291,PUT,2,7,1,UNKNOWN_ANOMALY
user-138,2026-09-28 16:09:35.430048,106,822,1649,139858,296323,21,379,21,27,DNS,26,10,4,828,53,41,0,1,0,0,63,2,86.18,44.84,23,15,31,5,97,41,27,0.1774,13664,GET,6,12,1,UNKNOWN_ANOMALY
user-129,2026-09-28 16:10:35.430048,75,640,734,136133,399878,27,237,14,18,SSH,38,10,9,424,22,30,1,0,0,0,69,14,83.97,61.66,19,27,55,5,152,32,34,0.2004,7928,GET,11,2,1,UNKNOWN_ANOMALY
user-103,2026-09-28 16:11:35.430048,88,427,1115,63038,194388,17,369,16,19,HTTPS,43,10,10,392,78,22,0,0,1,0,52,13,50.92,31.46,20,25,53,14,211,18,35,0.2413,1501,GET,7,8,1,UNKNOWN_ANOMALY
user-167,2026-09-28 16:12:35.430048,104,686,1246,159393,347472,16,399,12,28,HTTP,38,11,4,603,38,42,1,0,0,0,43,2,79.78,55.45,18,17,40,15,179,19,53,0.1029,9946,POST,3,7,1,UNKNOWN_ANOMALY
user-069,2026-09-28 16:13:35.430048,88,380,628,81253,207608,19,234,27,26,HTTPS,25,9,9,815,30,9,1,0,1,0,74,10,83.17,36.44,39,26,38,10,238,60,54,0.2239,10050,GET,13,5,1,UNKNOWN_ANOMALY
user-026,2026-09-28 16:14:35.430048,122,534,989,127213,190618,18,185,11,12,HTTPS,44,11,10,542,44,14,0,0,0,0,47,8,72.06,85.74,44,19,58,3,224,32,26,0.1373,15249,POST,13,12,1,UNKNOWN_ANOMALY
user-070,2026-09-28 16:15:35.430048,107,512,1101,104935,205028,23,48,18,9,HTTP,43,10,3,169,66,26,1,1,1,0,48,8,85.92,37.58,16,23,23,11,187,57,23,0.1051,9169,GET,11,12,1,UNKNOWN_ANOMALY
user-196,2026-09-28 16:16:35.430048,133,741,1560,136711,282379,38,52,12,10,HTTPS,28,6,10,340,78,8,1,0,1,3,42,1,87.09,83.14,15,13,34,10,161,21,31,0.1327,15679,GET,12,1,1,UNKNOWN_ANOMALY
user-147,2026-09-28 16:17:35.430048,125,380,1034,50576,282951,33,408,17,14,HTTPS,34,9,10,498,52,19,1,1,0,1,63,10,79.82,69.76,34,11,16,4,130,37,55,0.0566,14054,POST,13,8,1,UNKNOWN_ANOMALY
user-039,2026-09-28 16:18:35.430048,87,525,1617,114024,235026,38,358,12,24,HTTPS,32,8,12,694,75,22,1,0,1,1,59,11,54.31,65.74,35,26,67,9,182,31,26,0.2055,6426,PUT,5,10,1,UNKNOWN_ANOMALY
user-084,2026-09-28 16:19:35.430048,114,610,877,56611,319860,33,417,12,11,HTTPS,35,12,6,596,72,42,1,1,0,0,52,0,53.69,71.84,43,29,25,5,125,26,47,0.1071,4257,GET,10,12,1,UNKNOWN_ANOMALY
user-167,2026-09-28 16:20:35.430048,96,716,1038,151997,243126,30,340,27,19,TCP,19,6,10,633,55,10,1,0,0,1,64,9,46.96,80.51,31,33,34,5,257,46,27,0.2391,7425,POST,10,6,1,UNKNOWN_ANOMALY
user-032,2026-09-28 16:21:35.430048,98,609,1188,103754,177213,27,77,10,21,DNS,25,4,7,863,61,30,1,1,1,1,44,5,64.89,51.25,11,31,12,8,212,48,26,0.1408,3816,GET,11,7,1,UNKNOWN_ANOMALY
user-109,2026-09-28 16:22:35.430048,129,777,1143,118545,364253,19,168,27,13,TCP,21,10,10,306,38,12,0,0,0,2,70,2,78.15,43.88,38,12,45,6,248,45,38,0.1766,7134,GET,11,8,1,UNKNOWN_ANOMALY
user-015,2026-09-28 16:23:35.430048,78,824,1566,112575,386161,45,387,19,10,HTTPS,15,10,5,645,40,33,0,0,1,1,56,5,40.06,43.87,43,19,11,6,150,50,52,0.111,12959,GET,6,7,1,UNKNOWN_ANOMALY
user-065,2026-09-28 16:24:35.430048,98,539,1585,97937,368856,33,217,18,20,HTTP,43,12,11,425,76,20,0,1,0,0,60,14,86.31,84.2,18,15,56,13,102,15,19,0.2073,6605,GET,4,3,1,UNKNOWN_ANOMALY
user-060,2026-09-28 16:25:35.430048,75,695,1174,129239,207650,44,53,21,20,DNS,26,6,3,192,39,14,1,1,1,1,46,0,71.7,62.42,25,9,34,13,258,23,28,0.1352,16273,GET,2,9,1,UNKNOWN_ANOMALY
user-129,2026-09-28 16:26:35.430048,98,405,1499,55677,351958,34,276,26,28,HTTPS,35,11,5,366,27,30,1,0,0,1,48,14,60.31,64.36,20,16,23,12,175,24,22,0.2343,6827,GET,6,2,1,UNKNOWN_ANOMALY
user-050,2026-09-28 16:27:35.430048,83,481,1353,94421,335061,29,168,27,18,HTTPS,31,7,3,756,80,20,0,1,0,0,63,14,72.2,36.73,22,31,10,4,193,32,30,0.1647,16053,GET,13,8,1,UNKNOWN_ANOMALY
user-196,2026-09-28 16:28:35.430048,131,609,1483,117997,183295,12,116,9,22,DNS,27,7,10,521,68,22,1,1,0,2,42,0,46.63,22.52,42,31,23,12,99,18,54,0.218,5564,PUT,11,7,1,UNKNOWN_ANOMALY
user-172,2026-09-28 16:29:35.430048,105,557,670,79815,352225,39,70,20,9,HTTPS,24,9,4,671,29,38,1,0,1,1,36,14,71.59,70.35,20,9,66,7,195,45,20,0.146,13376,GET,10,3,1,UNKNOWN_ANOMALY
user-005,2026-09-28 16:30:35.430048,80,408,910,68041,297179,34,70,23,9,HTTPS,40,10,8,698,46,36,0,0,1,1,44,2,48.04,29.5,14,23,48,11,108,31,36,0.2376,6530,DELETE,9,4,1,UNKNOWN_ANOMALY
user-053,2026-09-28 16:31:35.430048,90,379,609,55905,216722,29,260,10,22,HTTPS,25,8,7,739,55,41,1,0,0,1,59,4,58.59,38.72,32,23,19,14,115,24,25,0.0571,13936,GET,13,4,1,UNKNOWN_ANOMALY
user-106,2026-09-28 16:32:35.430048,86,745,622,138821,316034,18,295,9,16,HTTPS,18,10,10,170,35,39,1,0,1,1,43,9,53.79,74.07,29,14,24,3,257,38,29,0.0828,7989,GET,9,6,1,UNKNOWN_ANOMALY
user-006,2026-09-28 16:33:35.430048,118,398,1185,117036,247829,35,317,19,10,SSH,45,7,5,458,53,8,0,1,0,2,42,0,61.27,55.23,10,15,50,8,71,58,14,0.1418,5137,PUT,11,6,1,UNKNOWN_ANOMALY
user-116,2026-09-28 16:34:35.430048,101,658,1286,63829,432023,44,242,11,28,HTTPS,28,6,12,596,49,42,0,0,0,1,56,14,69.16,44.14,44,8,19,12,135,35,29,0.1195,17165,GET,9,1,1,UNKNOWN_ANOMALY
user-005,2026-09-28 16:35:35.430048,90,631,1163,138494,202112,22,47,16,29,TCP,28,7,8,530,45,35,0,1,1,3,62,6,67.64,77.21,36,19,53,13,188,56,38,0.143,13806,POST,2,10,1,UNKNOWN_ANOMALY
user-038,2026-09-28 16:36:35.430048,107,587,1271,64699,364941,19,365,17,18,HTTPS,43,11,12,735,36,14,0,0,0,2,56,11,52.13,86.66,22,25,60,9,171,39,35,0.095,1714,POST,7,8,1,UNKNOWN_ANOMALY
user-101,2026-09-28 16:37:35.430048,96,665,769,116412,288843,20,250,16,15,HTTP,26,7,6,867,71,11,0,0,0,0,52,1,86.91,38.29,22,28,52,10,237,34,26,0.1211,9460,POST,8,2,1,UNKNOWN_ANOMALY
user-115,2026-09-28 16:38:35.430048,134,531,1397,109724,298847,15,340,18,29,HTTPS,20,11,9,288,24,33,1,0,1,0,79,11,71.95,45.05,26,8,41,7,157,50,43,0.2083,5689,GET,9,11,1,UNKNOWN_ANOMALY
user-079,2026-09-28 16:39:35.430048,103,621,1255,58514,143715,18,281,24,23,HTTPS,41,11,8,842,42,22,0,0,1,1,61,3,43.08,20.09,33,30,70,13,197,19,22,0.0946,11514,POST,9,9,1,UNKNOWN_ANOMALY
user-048,2026-09-28 16:40:35.430048,76,754,672,97186,423211,28,328,16,27,HTTPS,19,4,8,845,63,34,1,0,1,0,53,2,46.78,88.03,33,30,37,2,231,59,53,0.06,11104,GET,4,7,1,UNKNOWN_ANOMALY
